-----> NOVA ITERAÇÃO WHILE <--------
Iniciando Scraping, URL = https://www.kabum.com.br/hardware?page_number=1&page_size=100&facet_filters=&sort=most_searched
Iterando página
Iterando página
update gpu on aws -> {'adm': 'kabum', 'name': 'Processador AMD Ryzen 5 5500, 3.6GHz, Cache 16MB, Hexa Core, 12 Threads, AM4 - 100-100000457BOX', 'price': 'R$ 693,43', 'link': 'https://www.kabum.com.br/produto/356695/processador-amd-ryzen-5-5500-3-6ghz-cache-16mb-hexa-core-12-threads-am4-100-100000457box', 'url_image': 'https://www.kabum.com.br//_next/image?url=https%3A%2F%2Fimages.kabum.com.br%2Fprodutos%2Ffotos%2Fsync_mirakl%2F356695%2FProcessador-AMD-Ryzen-5-5500-3-6GHz-Cache-16MB-Hexa-Core-12-Threads-AM4-100-100000457BOX_1725045709_m.jpg&w=384&q=75'}
salvando_historico
Iterando página
Iterando página
Iterando página
Iterando página
Iterando página
Iterando página
Iterando página
Iterando página
Iterando página
Iterando página
Iterando página
Iterando página
Iterando página
Iterando página
Iterando página
Iterando página
Iterando página
Iterando página
Iterando página
Iterando página
Iterando página
Iterando página
Iterando página
Iterando página
Iterando página
Iterando página
Iterando página
Iterando página
Iterando página
Iterando página
Iterando página
Iterando página
Iterando página
Iterando página
Iterando página
Iterando página
Iterando página
Iterando página
Iterando página
Iterando página
Iterando página
Iterando página
Iterando página
Iterando página
Iterando página
Iterando página
Iterando página
Iterando página
Iterando página
Iterando página
Iterando página
Iterando página
Iterando página
Iterando página
Iterando página
Iterando página
Iterando página
Iterando página
Iterando página
Iterando página
Iterando página
Iterando página
Iterando página
Iterando página
Iterando página
Iterando página
Iterando página
Iterando página
Iterando página
Iterando página
Iterando página
Iterando página
Iterando página
Iterando página
Iterando página
Iterando página
Iterando página
Iterando página
Iterando página
Iterando página
Iterando página
Iterando página
Iterando página
Iterando página
insert produto on aws -> {'adm': 'kabum', 'name': 'Kit Upgrade AMD Ryzen 5 4600g + Placa Mãe B550m DDR4', 'price': 'R$ 1.439,91', 'link': 'https://www.kabum.com.br/produto/519114/kit-upgrade-amd-ryzen-5-4600g-placa-mae-b550m-ddr4', 'url_image': 'https://www.kabum.com.br//_next/image?url=https%3A%2F%2Fimages.kabum.com.br%2Fprodutos%2Ffotos%2Fsync_mirakl%2F519114%2FKit-Upgrade-AMD-Ryzen-5-4600g-Placa-M-e-B550m-DDR4_1704463701_m.jpg&w=384&q=75'}
enviando mensagem pro telegram - Novo produto
get ultimo produt
insert produto on aws -> {'adm': 'kabum', 'name': 'Kit Upgrade AMD Ryzen 5 4600g + Placa Mãe B550m DDR4 + Memória RAM 32GB 3200mhz DDR4', 'price': 'R$ 2.069,91', 'link': 'https://www.kabum.com.br/produto/519117/kit-upgrade-amd-ryzen-5-4600g-placa-mae-b550m-ddr4-memoria-ram-32gb-3200mhz-ddr4', 'url_image': 'https://www.kabum.com.br//_next/image?url=https%3A%2F%2Fimages.kabum.com.br%2Fprodutos%2Ffotos%2Fsync_mirakl%2F519117%2FKit-Upgrade-AMD-Ryzen-5-4600g-Placa-M-e-B550m-DDR4-Mem-ria-RAM-32GB-3200mhz-DDR4_1711550894_m.jpg&w=384&q=75'}
enviando mensagem pro telegram - Novo produto
get ultimo produt
Iterando página
Iterando página
Iterando página
Iterando página
Iterando página
Iterando página
Iterando página
Iterando página
Iterando página
Erro na paginação: Message: element not interactable
  (Session info: chrome=128.0.6613.119)
Stacktrace:
#0 0x56106f0b72da <unknown>
#1 0x56106ed85041 <unknown>
#2 0x56106edd5d3f <unknown>
#3 0x56106edc98c6 <unknown>
#4 0x56106edf98d2 <unknown>
#5 0x56106edc9279 <unknown>
#6 0x56106edf9a9e <unknown>
#7 0x56106ee17dfd <unknown>
#8 0x56106edf9673 <unknown>
#9 0x56106edc7473 <unknown>
#10 0x56106edc847e <unknown>
#11 0x56106f07e0db <unknown>
#12 0x56106f082071 <unknown>
#13 0x56106f06a9d5 <unknown>
#14 0x56106f082bf2 <unknown>
#15 0x56106f04fb6f <unknown>
#16 0x56106f0a6248 <unknown>
#17 0x56106f0a6417 <unknown>
#18 0x56106f0b60cc <unknown>
#19 0x7fb9f1415ac3 <unknown>

Finalizando o scraping...
-----> FIM DA ITERAÇÃO WHILE <--------


-----> NOVA ITERAÇÃO WHILE <--------
Iniciando Scraping, URL = https://www.kabum.com.br/hardware?page_number=1&page_size=100&facet_filters=&sort=most_searched
Iterando página
update gpu on aws -> {'adm': 'kabum', 'name': 'Memória RAM Kingston Fury Beast, 8GB, 3200MHz, DDR4, CL16, Preto - KF432C16BB/8', 'price': 'R$ 199,99', 'link': 'https://www.kabum.com.br/produto/172365/memoria-ram-kingston-fury-beast-8gb-3200mhz-ddr4-cl16-preto-kf432c16bb-8', 'url_image': 'https://www.kabum.com.br//_next/image?url=https%3A%2F%2Fimages.kabum.com.br%2Fprodutos%2Ffotos%2F172365%2Fmemoria-kingston-fury-beast-8gb-3200mhz-ddr4-cl16-preto-kf432c16bb-8_1626270523_m.jpg&w=384&q=75'}
salvando_historico
Iterando página
Iterando página
Iterando página
Iterando página
Iterando página
Iterando página
Iterando página
Iterando página
Iterando página
Iterando página
Iterando página
Iterando página
Iterando página
Iterando página
Iterando página
Iterando página
Iterando página
Iterando página
Iterando página
Iterando página
Iterando página
Iterando página
update gpu on aws -> {'adm': 'kabum', 'name': 'Processador AMD Ryzen 7 7700X, 5.4GHz, Cache 40MB, AM5, 8 núcleos, 16 Threads, Radeon Graphics Com Vídeo - 100-100000591WOF', 'price': 'R$ 2.446,35', 'link': 'https://www.kabum.com.br/produto/390988/processador-amd-ryzen-7-7700x-5-4ghz-cache-40mb-am5-8-nucleos-16-threads-radeon-graphics-com-video-100-100000591wof', 'url_image': 'https://www.kabum.com.br//_next/image?url=https%3A%2F%2Fimages.kabum.com.br%2Fprodutos%2Ffotos%2Fsync_mirakl%2F390988%2FProcessador-AMD-Ryzen-7-7700X-5-4GHz-Cache-40MB-AM5-8-n-cleos-16-Threads-Radeon-Graphics-Com-V-deo-100-100000591WOF_1724096333_m.jpg&w=384&q=75'}
salvando_historico
Iterando página
update gpu on aws -> {'adm': 'kabum', 'name': 'HD Externo Portátil Toshiba Canvio Basics 4TB, 2.5", USB 3.0, Preto - HDTB440XK3CA', 'price': 'R$ 1.142,66', 'link': 'https://www.kabum.com.br/produto/133965/hd-externo-portatil-toshiba-canvio-basics-4tb-2-5-usb-3-0-preto-hdtb440xk3ca', 'url_image': 'https://www.kabum.com.br//_next/image?url=https%3A%2F%2Fimages.kabum.com.br%2Fprodutos%2Ffotos%2Fsync_mirakl%2F133965%2FHD-Externo-Port-til-Toshiba-Canvio-Basics-4TB-2-5-USB-3-0-Preto-HDTB440XK3CA_1719517334_m.jpg&w=384&q=75'}
salvando_historico
Iterando página
Iterando página
Iterando página
Iterando página
Iterando página
Iterando página
Iterando página
Iterando página
Iterando página
Iterando página
Iterando página
Iterando página
Iterando página
Iterando página
update gpu on aws -> {'adm': 'kabum', 'name': 'HD Externo Portátil Toshiba 1TB Canvio Basics - HDTB410XK3AA', 'price': 'R$ 535,56', 'link': 'https://www.kabum.com.br/produto/285219/hd-externo-portatil-toshiba-1tb-canvio-basics-hdtb410xk3aa', 'url_image': 'https://www.kabum.com.br//_next/image?url=https%3A%2F%2Fimages.kabum.com.br%2Fprodutos%2Ffotos%2Fsync_mirakl%2F285219%2FHD-Externo-Port-til-Toshiba-1TB-Canvio-Basics-HDTB410XK3AA_1719514089_m.jpg&w=384&q=75'}
salvando_historico
Iterando página
Iterando página
insert produto on aws -> {'adm': 'kabum', 'name': 'Kit Upgrade AMD Ryzen 5 4600g, Placa Mãe A520m, DDR4', 'price': 'R$ 1.214,91', 'link': 'https://www.kabum.com.br/produto/518987/kit-upgrade-amd-ryzen-5-4600g-placa-mae-a520m-ddr4', 'url_image': 'https://www.kabum.com.br//_next/image?url=https%3A%2F%2Fimages.kabum.com.br%2Fprodutos%2Ffotos%2Fsync_mirakl%2F518987%2FKit-Upgrade-AMD-Ryzen-5-4600g-Placa-M-e-A520m-DDR4_1717782107_m.jpg&w=384&q=75'}
enviando mensagem pro telegram - Novo produto
get ultimo produt
Iterando página
Iterando página
Iterando página
Iterando página
Iterando página
Iterando página
Iterando página
insert produto on aws -> {'adm': 'kabum', 'name': 'Kit Upgrade AMD Ryzen 5 4600g + Placa Mãe B550m DDR4 + Memória RAM 16GB 3200mhz DDR4', 'price': 'R$ 1.817,91', 'link': 'https://www.kabum.com.br/produto/519124/kit-upgrade-amd-ryzen-5-4600g-placa-mae-b550m-ddr4-memoria-ram-16gb-3200mhz-ddr4', 'url_image': 'https://www.kabum.com.br//_next/image?url=https%3A%2F%2Fimages.kabum.com.br%2Fprodutos%2Ffotos%2Fsync_mirakl%2F519124%2FKit-Upgrade-AMD-Ryzen-5-4600g-Placa-M-e-B550m-DDR4-Mem-ria-RAM-16GB-3200mhz-DDR4_1704464893_m.jpg&w=384&q=75'}
enviando mensagem pro telegram - Novo produto
get ultimo produt
Iterando página
Iterando página
Iterando página
Iterando página
Iterando página
Iterando página
Iterando página
Iterando página
Iterando página
Iterando página
Iterando página
Iterando página
Iterando página
Iterando página
Iterando página
Iterando página
Iterando página
Iterando página
Iterando página
Iterando página
DB Error: connection to server at "database-1.ch4wsw20wi2u.sa-east-1.rds.amazonaws.com" (54.232.232.159), port 5432 failed: SSL SYSCALL error: Success
connection to server at "database-1.ch4wsw20wi2u.sa-east-1.rds.amazonaws.com" (54.232.232.159), port 5432 failed: FATAL:  no pg_hba.conf entry for host "179.191.123.254", user "phadmin", database "produtos", no encryption

Ocorre um erro em main_selenium() (main), reiniciando Script
local variable 'conn' referenced before assignment
-----> FIM DA ITERAÇÃO WHILE <--------


-----> NOVA ITERAÇÃO WHILE <--------
Iniciando Scraping, URL = https://www.kabum.com.br/hardware?page_number=1&page_size=100&facet_filters=&sort=most_searched
Iterando página
Iterando página
Iterando página
Iterando página
Iterando página
Iterando página
Iterando página
Iterando página
Iterando página
Iterando página
Iterando página
Iterando página
Iterando página
Iterando página
Iterando página
Iterando página
Iterando página
Iterando página
Iterando página
Iterando página
Iterando página
Iterando página
Iterando página
Iterando página
Iterando página
Iterando página
Iterando página
Iterando página
Iterando página
Iterando página
Iterando página
Iterando página
Iterando página
Iterando página
Iterando página
Iterando página
Iterando página
Iterando página
Iterando página
Iterando página
Iterando página
Iterando página
Iterando página
Iterando página
Iterando página
Iterando página
Iterando página
Iterando página
Iterando página
Iterando página
Iterando página
Iterando página
Iterando página
Iterando página
Iterando página
Iterando página
Iterando página
Iterando página
Iterando página
Iterando página
Iterando página
Iterando página
Iterando página
Iterando página
Iterando página
Iterando página
Iterando página
Iterando página
Iterando página
Iterando página
Iterando página
Iterando página
Iterando página
Iterando página
Iterando página
Iterando página
update gpu on aws -> {'adm': 'kabum', 'name': 'Placa-mãe Goldentec Chipset H610 Ddr4', 'price': 'R$ 833,16', 'link': 'https://www.kabum.com.br/produto/629100/placa-mae-goldentec-chipset-h610-ddr4', 'url_image': 'https://www.kabum.com.br//_next/image?url=https%3A%2F%2Fimages.kabum.com.br%2Fprodutos%2Ffotos%2Fsync_mirakl%2F629100%2FPlaca-m-e-Goldentec-Chipset-H610-Ddr4_1725653879_m.jpg&w=384&q=75'}
salvando_historico
Iterando página
Iterando página
Iterando página
Iterando página
Iterando página
Iterando página
Iterando página
Iterando página
Iterando página
Iterando página
Iterando página
Iterando página
Iterando página
Iterando página
Iterando página
Iterando página
Iterando página
Iterando página
Iterando página
Erro na paginação: Message: element not interactable
  (Session info: chrome=128.0.6613.119)
Stacktrace:
#0 0x55c044b5c2da <unknown>
#1 0x55c04482a041 <unknown>
#2 0x55c04487ad3f <unknown>
#3 0x55c04486e8c6 <unknown>
#4 0x55c04489e8d2 <unknown>
#5 0x55c04486e279 <unknown>
#6 0x55c04489ea9e <unknown>
#7 0x55c0448bcdfd <unknown>
#8 0x55c04489e673 <unknown>
#9 0x55c04486c473 <unknown>
#10 0x55c04486d47e <unknown>
#11 0x55c044b230db <unknown>
#12 0x55c044b27071 <unknown>
#13 0x55c044b0f9d5 <unknown>
#14 0x55c044b27bf2 <unknown>
#15 0x55c044af4b6f <unknown>
#16 0x55c044b4b248 <unknown>
#17 0x55c044b4b417 <unknown>
#18 0x55c044b5b0cc <unknown>
#19 0x7f1b79e12ac3 <unknown>

Finalizando o scraping...
-----> FIM DA ITERAÇÃO WHILE <--------


-----> NOVA ITERAÇÃO WHILE <--------
Iniciando Scraping, URL = https://www.kabum.com.br/hardware?page_number=1&page_size=100&facet_filters=&sort=most_searched
Iterando página
Iterando página
Iterando página
Iterando página
Iterando página
Iterando página
Iterando página
Iterando página
Iterando página
Iterando página
Iterando página
Iterando página
Iterando página
Iterando página
Iterando página
Iterando página
Iterando página
Iterando página
Iterando página
Iterando página
Iterando página
Iterando página
Iterando página
Iterando página
Iterando página
Iterando página
Iterando página
Iterando página
Iterando página
Iterando página
Iterando página
Iterando página
Iterando página
Iterando página
Iterando página
Iterando página
Iterando página
Iterando página
Iterando página
Iterando página
Iterando página
Iterando página
Iterando página
Iterando página
Iterando página
Iterando página
Iterando página
Iterando página
Iterando página
Iterando página
Iterando página
Iterando página
Iterando página
Iterando página
Iterando página
Iterando página
Iterando página
Iterando página
Iterando página
Iterando página
Iterando página
Iterando página
Iterando página
Iterando página
Iterando página
Iterando página
Iterando página
Iterando página
Iterando página
Iterando página
Iterando página
Iterando página
Iterando página
Iterando página
Iterando página
Iterando página
Iterando página
Iterando página
Iterando página
Erro na paginação: Message: 
Stacktrace:
#0 0x55ddf7aae2da <unknown>
#1 0x55ddf777c200 <unknown>
#2 0x55ddf77cbaa2 <unknown>
#3 0x55ddf77cbd41 <unknown>
#4 0x55ddf7811964 <unknown>
#5 0x55ddf77f08fd <unknown>
#6 0x55ddf780edfd <unknown>
#7 0x55ddf77f0673 <unknown>
#8 0x55ddf77be473 <unknown>
#9 0x55ddf77bf47e <unknown>
#10 0x55ddf7a750db <unknown>
#11 0x55ddf7a79071 <unknown>
#12 0x55ddf7a619d5 <unknown>
#13 0x55ddf7a79bf2 <unknown>
#14 0x55ddf7a46b6f <unknown>
#15 0x55ddf7a9d248 <unknown>
#16 0x55ddf7a9d417 <unknown>
#17 0x55ddf7aad0cc <unknown>
#18 0x7fc990b1eac3 <unknown>

Finalizando o scraping...
-----> FIM DA ITERAÇÃO WHILE <--------


-----> NOVA ITERAÇÃO WHILE <--------
Iniciando Scraping, URL = https://www.kabum.com.br/hardware?page_number=1&page_size=100&facet_filters=&sort=most_searched
Iterando página
Iterando página
Iterando página
Iterando página
Iterando página
Iterando página
Iterando página
Iterando página
Iterando página
Iterando página
Iterando página
Iterando página
Iterando página
Iterando página
Iterando página
Iterando página
Iterando página
Iterando página
Iterando página
Iterando página
Iterando página
Iterando página
Iterando página
Iterando página
Iterando página
Iterando página
Iterando página
Iterando página
Iterando página
Iterando página
Iterando página
Iterando página
Iterando página
Iterando página
Iterando página
Iterando página
Iterando página
Iterando página
Iterando página
Iterando página
Iterando página
Iterando página
Iterando página
Iterando página
Iterando página
Iterando página
Iterando página
Iterando página
Iterando página
Iterando página
Iterando página
Iterando página
Iterando página
Iterando página
Iterando página
Iterando página
Iterando página
Iterando página
Iterando página
Iterando página
Iterando página
Iterando página
Iterando página
Iterando página
Iterando página
Iterando página
Iterando página
Iterando página
Iterando página
Iterando página
Iterando página
Iterando página
Iterando página
Iterando página
Iterando página
Iterando página
Iterando página
Iterando página
Iterando página
Iterando página
Iterando página
Iterando página
Iterando página
Iterando página
Iterando página
Iterando página
Iterando página
Iterando página
Iterando página
Iterando página
Iterando página
Iterando página
Iterando página
Iterando página
Iterando página
Erro na paginação: Message: element not interactable
  (Session info: chrome=128.0.6613.119)
Stacktrace:
#0 0x55d7969f62da <unknown>
#1 0x55d7966c4041 <unknown>
#2 0x55d796714d3f <unknown>
#3 0x55d7967088c6 <unknown>
#4 0x55d7967388d2 <unknown>
#5 0x55d796708279 <unknown>
#6 0x55d796738a9e <unknown>
#7 0x55d796756dfd <unknown>
#8 0x55d796738673 <unknown>
#9 0x55d796706473 <unknown>
#10 0x55d79670747e <unknown>
#11 0x55d7969bd0db <unknown>
#12 0x55d7969c1071 <unknown>
#13 0x55d7969a99d5 <unknown>
#14 0x55d7969c1bf2 <unknown>
#15 0x55d79698eb6f <unknown>
#16 0x55d7969e5248 <unknown>
#17 0x55d7969e5417 <unknown>
#18 0x55d7969f50cc <unknown>
#19 0x7f2bbfe96ac3 <unknown>

Finalizando o scraping...
-----> FIM DA ITERAÇÃO WHILE <--------


-----> NOVA ITERAÇÃO WHILE <--------
Iniciando Scraping, URL = https://www.kabum.com.br/hardware?page_number=1&page_size=100&facet_filters=&sort=most_searched
Iterando página
Iterando página
Iterando página
Iterando página
Iterando página
Iterando página
Iterando página
Iterando página
Iterando página
Iterando página
Iterando página
Iterando página
Iterando página
Iterando página
Iterando página
Iterando página
Iterando página
Iterando página
Iterando página
Iterando página
Iterando página
Iterando página
Iterando página
Iterando página
Iterando página
Iterando página
Iterando página
Iterando página
Iterando página
Iterando página
Iterando página
Iterando página
Iterando página
Iterando página
Iterando página
Iterando página
Iterando página
Iterando página
Iterando página
Iterando página
Iterando página
Iterando página
Iterando página
Iterando página
Iterando página
Iterando página
Iterando página
Iterando página
Iterando página
Iterando página
Iterando página
Iterando página
Iterando página
Iterando página
Iterando página
Iterando página
Iterando página
Iterando página
Iterando página
Iterando página
Iterando página
Iterando página
Iterando página
Iterando página
Iterando página
Iterando página
Iterando página
Iterando página
Iterando página
Iterando página
Iterando página
Iterando página
Iterando página
Iterando página
Iterando página
Iterando página
Iterando página
Iterando página
Iterando página
Iterando página
Iterando página
Iterando página
Iterando página
Iterando página
Iterando página
Iterando página
Iterando página
Iterando página
Iterando página
Iterando página
Iterando página
Iterando página
Iterando página
Iterando página
Iterando página
Erro na paginação: Message: element not interactable
  (Session info: chrome=128.0.6613.119)
Stacktrace:
#0 0x55903b3702da <unknown>
#1 0x55903b03e041 <unknown>
#2 0x55903b08ed3f <unknown>
#3 0x55903b0828c6 <unknown>
#4 0x55903b0b28d2 <unknown>
#5 0x55903b082279 <unknown>
#6 0x55903b0b2a9e <unknown>
#7 0x55903b0d0dfd <unknown>
#8 0x55903b0b2673 <unknown>
#9 0x55903b080473 <unknown>
#10 0x55903b08147e <unknown>
#11 0x55903b3370db <unknown>
#12 0x55903b33b071 <unknown>
#13 0x55903b3239d5 <unknown>
#14 0x55903b33bbf2 <unknown>
#15 0x55903b308b6f <unknown>
#16 0x55903b35f248 <unknown>
#17 0x55903b35f417 <unknown>
#18 0x55903b36f0cc <unknown>
#19 0x7f32a1972ac3 <unknown>

Finalizando o scraping...
-----> FIM DA ITERAÇÃO WHILE <--------


-----> NOVA ITERAÇÃO WHILE <--------
Iniciando Scraping, URL = https://www.kabum.com.br/hardware?page_number=1&page_size=100&facet_filters=&sort=most_searched
Iterando página
Iterando página
Iterando página
Iterando página
Iterando página
Iterando página
Iterando página
Iterando página
Iterando página
Iterando página
Iterando página
Iterando página
Iterando página
Iterando página
Iterando página
Iterando página
Iterando página
Iterando página
Iterando página
Iterando página
Iterando página
Iterando página
Iterando página
Iterando página
Iterando página
Iterando página
Iterando página
Iterando página
Iterando página
Iterando página
Iterando página
Iterando página
Iterando página
Iterando página
Iterando página
Iterando página
Iterando página
Iterando página
Iterando página
Iterando página
Iterando página
Iterando página
Iterando página
Iterando página
Iterando página
Iterando página
Iterando página
Iterando página
Iterando página
Iterando página
Iterando página
Iterando página
Iterando página
Iterando página
Iterando página
Iterando página
Iterando página
Iterando página
Iterando página
Iterando página
Iterando página
Iterando página
Iterando página
Iterando página
Iterando página
Iterando página
Iterando página
Iterando página
Iterando página
Iterando página
Iterando página
Iterando página
Iterando página
Iterando página
Iterando página
Iterando página
Iterando página
Iterando página
Iterando página
Iterando página
Iterando página
Iterando página
Iterando página
Iterando página
Iterando página
Iterando página
Iterando página
Iterando página
Iterando página
Iterando página
Iterando página
Iterando página
Iterando página
Iterando página
Iterando página
Erro na paginação: Message: element not interactable
  (Session info: chrome=128.0.6613.119)
Stacktrace:
#0 0x559a97bd52da <unknown>
#1 0x559a978a3041 <unknown>
#2 0x559a978f3d3f <unknown>
#3 0x559a978e78c6 <unknown>
#4 0x559a979178d2 <unknown>
#5 0x559a978e7279 <unknown>
#6 0x559a97917a9e <unknown>
#7 0x559a97935dfd <unknown>
#8 0x559a97917673 <unknown>
#9 0x559a978e5473 <unknown>
#10 0x559a978e647e <unknown>
#11 0x559a97b9c0db <unknown>
#12 0x559a97ba0071 <unknown>
#13 0x559a97b889d5 <unknown>
#14 0x559a97ba0bf2 <unknown>
#15 0x559a97b6db6f <unknown>
#16 0x559a97bc4248 <unknown>
#17 0x559a97bc4417 <unknown>
#18 0x559a97bd40cc <unknown>
#19 0x7f615cc76ac3 <unknown>

Finalizando o scraping...
-----> FIM DA ITERAÇÃO WHILE <--------


-----> NOVA ITERAÇÃO WHILE <--------
Iniciando Scraping, URL = https://www.kabum.com.br/hardware?page_number=1&page_size=100&facet_filters=&sort=most_searched
Iterando página
Iterando página
insert produto on aws -> {'adm': 'kabum', 'name': 'Fonte Gigabyte GP-P550B, 550W, 80 Plus Bronze, PFC ativo, com cabo, Preto- 28200-P550B-1BRR', 'price': 'R$ 319,99', 'link': 'https://www.kabum.com.br/produto/114164/fonte-gigabyte-gp-p550b-550w-80-plus-bronze-pfc-ativo-com-cabo-preto-28200-p550b-1brr', 'url_image': 'https://www.kabum.com.br//_next/image?url=https%3A%2F%2Fimages.kabum.com.br%2Fprodutos%2Ffotos%2F114164%2Ffonte-gigabyte-gp-p550b-28200-p550b-1brr_1595354907_m.jpg&w=384&q=75'}
enviando mensagem pro telegram - Novo produto
get ultimo produt
Iterando página
Iterando página
Iterando página
Iterando página
Iterando página
update gpu on aws -> {'adm': 'kabum', 'name': 'SSD Sandisk Plus 1TB, M.2 2280 NVMe Pcie Gen 3.0, Leitura 3200MB/s E Gravação 2500MB/s - Sdssda3n-1t00-G26', 'price': 'R$ 416,29', 'link': 'https://www.kabum.com.br/produto/538416/ssd-sandisk-plus-1tb-m-2-2280-nvme-pcie-gen-3-0-leitura-3200mb-s-e-gravacao-2500mb-s-sdssda3n-1t00-g26', 'url_image': 'https://www.kabum.com.br//_next/image?url=https%3A%2F%2Fimages.kabum.com.br%2Fprodutos%2Ffotos%2Fsync_mirakl%2F538416%2FSSD-Sandisk-Plus-1TB-M-2-2280-NVMe-Pcie-Gen-3-0-Leitura-3200MB-s-E-Grava-o-2500MB-s-Sdssda3n-1t00-G26_1715870565_m.jpg&w=384&q=75'}
salvando_historico
enviando mensagem pro telegram - Atualização de produto
get ultimo produt
Iterando página
Iterando página
Iterando página
Iterando página
Iterando página
Iterando página
Iterando página
Iterando página
Iterando página
Iterando página
Iterando página
Iterando página
Iterando página
Iterando página
Iterando página
Iterando página
Iterando página
Iterando página
Iterando página
Iterando página
Iterando página
Iterando página
Iterando página
Iterando página
Iterando página
Iterando página
Iterando página
Iterando página
Iterando página
Iterando página
Iterando página
Iterando página
Iterando página
Iterando página
Iterando página
Iterando página
Iterando página
Iterando página
Iterando página
Iterando página
Iterando página
Iterando página
Iterando página
Iterando página
Iterando página
Iterando página
Iterando página
Iterando página
Iterando página
Iterando página
Iterando página
Iterando página
Iterando página
Iterando página
Iterando página
Iterando página
Iterando página
Iterando página
Iterando página
update gpu on aws -> {'adm': 'kabum', 'name': 'HD Hewlett Packard-R0q59a, HPE SD 8TB, SAS 7.2k LFF', 'price': 'R$ 3.314,18', 'link': 'https://www.kabum.com.br/produto/501885/hd-hewlett-packard-r0q59a-hpe-sd-8tb-sas-7-2k-lff', 'url_image': 'https://www.kabum.com.br//_next/image?url=https%3A%2F%2Fimages.kabum.com.br%2Fprodutos%2Ffotos%2Fsync_mirakl%2F501885%2FHD-Hewlett-Packard-R0q59a-HPE-SD-8TB-SAS-7-2k-LFF_1697477921_m.jpg&w=384&q=75'}
salvando_historico
Iterando página
Iterando página
Erro na paginação: Message: 
Stacktrace:
#0 0x56046dbfc2da <unknown>
#1 0x56046d8ca200 <unknown>
#2 0x56046d919aa2 <unknown>
#3 0x56046d919d41 <unknown>
#4 0x56046d95f964 <unknown>
#5 0x56046d93e8fd <unknown>
#6 0x56046d95cdfd <unknown>
#7 0x56046d93e673 <unknown>
#8 0x56046d90c473 <unknown>
#9 0x56046d90d47e <unknown>
#10 0x56046dbc30db <unknown>
#11 0x56046dbc7071 <unknown>
#12 0x56046dbaf9d5 <unknown>
#13 0x56046dbc7bf2 <unknown>
#14 0x56046db94b6f <unknown>
#15 0x56046dbeb248 <unknown>
#16 0x56046dbeb417 <unknown>
#17 0x56046dbfb0cc <unknown>
#18 0x7f0234d4cac3 <unknown>

Finalizando o scraping...
-----> FIM DA ITERAÇÃO WHILE <--------


-----> NOVA ITERAÇÃO WHILE <--------
Iniciando Scraping, URL = https://www.kabum.com.br/hardware?page_number=1&page_size=100&facet_filters=&sort=most_searched
Iterando página
Iterando página
Iterando página
Iterando página
Iterando página
Iterando página
Iterando página
Iterando página
Iterando página
Iterando página
Iterando página
Iterando página
Iterando página
Iterando página
Iterando página
Iterando página
Iterando página
Iterando página
Iterando página
Iterando página
Iterando página
Iterando página
Iterando página
Iterando página
Iterando página
Iterando página
Iterando página
Iterando página
update gpu on aws -> {'adm': 'kabum', 'name': 'Disco Rígido Hpe 1.2tb Sas 10k Sff Bc Mv Hdd - P28586-b21', 'price': 'R$ 1.631,78', 'link': 'https://www.kabum.com.br/produto/517686/disco-rigido-hpe-1-2tb-sas-10k-sff-bc-mv-hdd-p28586-b21', 'url_image': 'https://www.kabum.com.br//_next/image?url=https%3A%2F%2Fimages.kabum.com.br%2Fprodutos%2Ffotos%2Fsync_mirakl%2F517686%2FDisco-R-gido-Hpe-1-2tb-Sas-10k-Sff-Bc-Mv-Hdd-P28586-b21_1703613490_m.jpg&w=384&q=75'}
salvando_historico
update gpu on aws -> {'adm': 'kabum', 'name': 'Memória Hpe 32GB, 2rx4 Pc4-3200aa-r, Smart Kit - P06033-b21', 'price': 'R$ 2.020,81', 'link': 'https://www.kabum.com.br/produto/470101/memoria-hpe-32gb-2rx4-pc4-3200aa-r-smart-kit-p06033-b21', 'url_image': 'https://www.kabum.com.br//_next/image?url=https%3A%2F%2Fimages.kabum.com.br%2Fprodutos%2Ffotos%2Fsync_mirakl%2F470101%2FMem-ria-Hpe-32GB-2rx4-Pc4-3200aa-r-Smart-Kit-P06033-b21_1689926918_m.jpg&w=384&q=75'}
salvando_historico
Iterando página
Iterando página
Iterando página
update gpu on aws -> {'adm': 'kabum', 'name': 'Disco Rígido Hpe 2.4tb Sas 10k Sff Bc 512e Mv Hdd - P28352-b21', 'price': 'R$ 2.449,98', 'link': 'https://www.kabum.com.br/produto/517688/disco-rigido-hpe-2-4tb-sas-10k-sff-bc-512e-mv-hdd-p28352-b21', 'url_image': 'https://www.kabum.com.br//_next/image?url=https%3A%2F%2Fimages.kabum.com.br%2Fprodutos%2Ffotos%2Fsync_mirakl%2F517688%2FDisco-R-gido-Hpe-2-4tb-Sas-10k-Sff-Bc-512e-Mv-Hdd-P28352-b21_1703614090_m.jpg&w=384&q=75'}
salvando_historico
Iterando página
Iterando página
Iterando página
Iterando página
Iterando página
Iterando página
Iterando página
Iterando página
Iterando página
Iterando página
Iterando página
Iterando página
Iterando página
Iterando página
Iterando página
Iterando página
Iterando página
Iterando página
Iterando página
Iterando página
Iterando página
Iterando página
Iterando página
Iterando página
Iterando página
Iterando página
Iterando página
Iterando página
Iterando página
Iterando página
Iterando página
Iterando página
Iterando página
Iterando página
Iterando página
Iterando página
Iterando página
Iterando página
Iterando página
Iterando página
Iterando página
Iterando página
Iterando página
Iterando página
Iterando página
update gpu on aws -> {'adm': 'kabum', 'name': 'SSD Hpe Sd 1.92TB Sas Ri 12g Sff R0q47a', 'price': 'R$ 7.890,10', 'link': 'https://www.kabum.com.br/produto/602459/ssd-hpe-sd-1-92tb-sas-ri-12g-sff-r0q47a', 'url_image': 'https://www.kabum.com.br//_next/image?url=https%3A%2F%2Fimages.kabum.com.br%2Fprodutos%2Ffotos%2Fsync_mirakl%2F602459%2FSSD-Hpe-Sd-1-92TB-Sas-Ri-12g-Sff-R0q47a_1719942010_m.jpg&w=384&q=75'}
salvando_historico
update gpu on aws -> {'adm': 'kabum', 'name': 'Disco Rígido Hewlett 1TB, NHP, 6G, 7.2K LFF, SATA - 801882-B21', 'price': 'R$ 1.056,62', 'link': 'https://www.kabum.com.br/produto/579018/disco-rigido-hewlett-1tb-nhp-6g-7-2k-lff-sata-801882-b21', 'url_image': 'https://www.kabum.com.br//_next/image?url=https%3A%2F%2Fimages.kabum.com.br%2Fprodutos%2Ffotos%2Fsync_mirakl%2F579018%2FDisco-R-gido-Hewlett-1TB-NHP-6G-7-2K-LFF-SATA-801882-B21_1714506577_m.jpg&w=384&q=75'}
salvando_historico
Iterando página
Iterando página
Iterando página
Iterando página
Iterando página
Iterando página
Iterando página
Iterando página
Iterando página
Iterando página
update gpu on aws -> {'adm': 'kabum', 'name': 'Disco Rígido Hpe Msa Sas 16tb 7.2k Lff M2 Hdd - R3u72a', 'price': 'R$ 5.810,46', 'link': 'https://www.kabum.com.br/produto/622001/disco-rigido-hpe-msa-sas-16tb-7-2k-lff-m2-hdd-r3u72a', 'url_image': 'https://www.kabum.com.br//_next/image?url=https%3A%2F%2Fimages.kabum.com.br%2Fprodutos%2Ffotos%2Fsync_mirakl%2F622001%2FDisco-R-gido-Hpe-Msa-Sas-16tb-7-2k-Lff-M2-Hdd-R3u72a_1723594280_m.jpg&w=384&q=75'}
salvando_historico
DB Error: connection to server at "database-1.ch4wsw20wi2u.sa-east-1.rds.amazonaws.com" (54.232.232.159), port 5432 failed: could not receive data from server: Connection timed out
SSL SYSCALL error: Connection timed out
connection to server at "database-1.ch4wsw20wi2u.sa-east-1.rds.amazonaws.com" (54.232.232.159), port 5432 failed: FATAL:  no pg_hba.conf entry for host "179.191.123.254", user "phadmin", database "produtos", no encryption

Ocorre um erro em main_selenium() (main), reiniciando Script
local variable 'conn' referenced before assignment
-----> FIM DA ITERAÇÃO WHILE <--------


-----> NOVA ITERAÇÃO WHILE <--------
Iniciando Scraping, URL = https://www.kabum.com.br/hardware?page_number=1&page_size=100&facet_filters=&sort=most_searched
Iterando página
Iterando página
Iterando página
Iterando página
Iterando página
Iterando página
Iterando página
Iterando página
Iterando página
Iterando página
Iterando página
insert produto on aws -> {'adm': 'kabum', 'name': 'Kit Upgrade - Placa-Mãe H81 + Processador I7 4770 + Memória 16GB DDR3 + Cooler + SSD M.2 256GB', 'price': 'R$ 869,99', 'link': 'https://www.kabum.com.br/produto/452805/kit-upgrade-placa-mae-h81-processador-i7-4770-memoria-16gb-ddr3-cooler-ssd-m-2-256gb', 'url_image': 'https://www.kabum.com.br//_next/image?url=https%3A%2F%2Fimages.kabum.com.br%2Fprodutos%2Ffotos%2Fsync_mirakl%2F452805%2FKit-Upgrade-Placa-M-e-H81-Processador-I7-4770-Mem-ria-16GB-DDR3-Cooler-SSD-M-2-256GB_1702061296_m.jpg&w=384&q=75'}
enviando mensagem pro telegram - Novo produto
get ultimo produt
Iterando página
Iterando página
Iterando página
Iterando página
Iterando página
Iterando página
Iterando página
update gpu on aws -> {'adm': 'kabum', 'name': 'Processador AMD Ryzen 7 7700X, 5.4GHz, Cache 40MB, AM5, 8 núcleos, 16 Threads, Radeon Graphics Com Vídeo - 100-100000591WOF', 'price': 'R$ 2.339,10', 'link': 'https://www.kabum.com.br/produto/390988/processador-amd-ryzen-7-7700x-5-4ghz-cache-40mb-am5-8-nucleos-16-threads-radeon-graphics-com-video-100-100000591wof', 'url_image': 'https://www.kabum.com.br//_next/image?url=https%3A%2F%2Fimages.kabum.com.br%2Fprodutos%2Ffotos%2Fsync_mirakl%2F390988%2FProcessador-AMD-Ryzen-7-7700X-5-4GHz-Cache-40MB-AM5-8-n-cleos-16-Threads-Radeon-Graphics-Com-V-deo-100-100000591WOF_1724096333_m.jpg&w=384&q=75'}
salvando_historico
enviando mensagem pro telegram - Atualização de produto
get ultimo produt
Iterando página
Iterando página
update gpu on aws -> {'adm': 'kabum', 'name': 'HD Interno Toshiba 12TB N300, 3.5 - HDWG21CXZSTAI', 'price': 'R$ 2.348,34', 'link': 'https://www.kabum.com.br/produto/324200/hd-interno-toshiba-12tb-n300-3-5-hdwg21cxzstai', 'url_image': 'https://www.kabum.com.br//_next/image?url=https%3A%2F%2Fimages.kabum.com.br%2Fprodutos%2Ffotos%2Fsync_mirakl%2F324200%2FHD-Interno-Toshiba-12TB-N300-3-5-HDWG21CXZSTAI_1691672321_m.jpg&w=384&q=75'}
salvando_historico
Iterando página
Iterando página
Iterando página
update gpu on aws -> {'adm': 'kabum', 'name': 'Memória Notebook Kingston, 16GB, DDR4 3200mhz - KVR32S22D8/16', 'price': 'R$ 466,81', 'link': 'https://www.kabum.com.br/produto/464061/memoria-notebook-kingston-16gb-ddr4-3200mhz-kvr32s22d8-16', 'url_image': 'https://www.kabum.com.br//_next/image?url=https%3A%2F%2Fimages.kabum.com.br%2Fprodutos%2Ffotos%2Fsync_mirakl%2F464061%2FMem-ria-Notebook-Kingston-16GB-DDR4-3200mhz-KVR32S22D8-16_1722695442_m.jpg&w=384&q=75'}
salvando_historico
Iterando página
Iterando página
update gpu on aws -> {'adm': 'kabum', 'name': 'Disco Rígido Hpe 2.4tb Sas 10k Sff Bc 512e Mv Hdd - P28352-b21', 'price': 'R$ 2.313,87', 'link': 'https://www.kabum.com.br/produto/517688/disco-rigido-hpe-2-4tb-sas-10k-sff-bc-512e-mv-hdd-p28352-b21', 'url_image': 'https://www.kabum.com.br//_next/image?url=https%3A%2F%2Fimages.kabum.com.br%2Fprodutos%2Ffotos%2Fsync_mirakl%2F517688%2FDisco-R-gido-Hpe-2-4tb-Sas-10k-Sff-Bc-512e-Mv-Hdd-P28352-b21_1703614090_m.jpg&w=384&q=75'}
salvando_historico
enviando mensagem pro telegram - Atualização de produto
get ultimo produt
Iterando página
Iterando página
Iterando página
Iterando página
update gpu on aws -> {'adm': 'kabum', 'name': 'Memória Hpe 32GB, 2rx4 Pc4-3200aa-r, Smart Kit - P06033-b21', 'price': 'R$ 1.908,54', 'link': 'https://www.kabum.com.br/produto/470101/memoria-hpe-32gb-2rx4-pc4-3200aa-r-smart-kit-p06033-b21', 'url_image': 'https://www.kabum.com.br//_next/image?url=https%3A%2F%2Fimages.kabum.com.br%2Fprodutos%2Ffotos%2Fsync_mirakl%2F470101%2FMem-ria-Hpe-32GB-2rx4-Pc4-3200aa-r-Smart-Kit-P06033-b21_1689926918_m.jpg&w=384&q=75'}
salvando_historico
enviando mensagem pro telegram - Atualização de produto
get ultimo produt
insert produto on aws -> {'adm': 'kabum', 'name': 'Kit Pl Mãe H110 + Processador. I3 7100 + Memória. 8GB DDR4 + Cooler + M.2 256GB', 'price': 'R$ 853,16', 'link': 'https://www.kabum.com.br/produto/425015/kit-pl-mae-h110-processador-i3-7100-memoria-8gb-ddr4-cooler-m-2-256gb', 'url_image': 'https://www.kabum.com.br//_next/image?url=https%3A%2F%2Fimages.kabum.com.br%2Fprodutos%2Ffotos%2Fsync_mirakl%2F425015%2FKit-Pl-M-e-H110-Processador-I3-7100-Mem-ria-8GB-DDR4-Cooler-M-2-256GB_1688671722_m.jpg&w=384&q=75'}
enviando mensagem pro telegram - Novo produto
get ultimo produt
update gpu on aws -> {'adm': 'kabum', 'name': 'Disco Rígido Hpe 1.2tb Sas 10k Sff Bc Mv Hdd - P28586-b21', 'price': 'R$ 1.541,13', 'link': 'https://www.kabum.com.br/produto/517686/disco-rigido-hpe-1-2tb-sas-10k-sff-bc-mv-hdd-p28586-b21', 'url_image': 'https://www.kabum.com.br//_next/image?url=https%3A%2F%2Fimages.kabum.com.br%2Fprodutos%2Ffotos%2Fsync_mirakl%2F517686%2FDisco-R-gido-Hpe-1-2tb-Sas-10k-Sff-Bc-Mv-Hdd-P28586-b21_1703613490_m.jpg&w=384&q=75'}
salvando_historico
enviando mensagem pro telegram - Atualização de produto
get ultimo produt
insert produto on aws -> {'adm': 'kabum', 'name': 'Kit Pl Mãe H310 + Processador I3 8100 + Memoria 8GB, DDR4 + Cooler + 256 M2', 'price': 'R$ 979,95', 'link': 'https://www.kabum.com.br/produto/532612/kit-pl-mae-h310-processador-i3-8100-memoria-8gb-ddr4-cooler-256-m2', 'url_image': 'https://www.kabum.com.br//_next/image?url=https%3A%2F%2Fimages.kabum.com.br%2Fprodutos%2Ffotos%2Fsync_mirakl%2F532612%2FKit-Pl-M-e-H310-Processador-I3-8100-Memoria-8GB-DDR4-Cooler-256-M2_1709142496_m.jpg&w=384&q=75'}
enviando mensagem pro telegram - Novo produto
get ultimo produt
Iterando página
Iterando página
Iterando página
insert produto on aws -> {'adm': 'kabum', 'name': 'Kit Powerpc Placa-Mãe H110 + Processador I5 7400 + Memória 8GB DDR4 + Cooler + M.2 256GB', 'price': 'R$ 1.000,80', 'link': 'https://www.kabum.com.br/produto/425525/kit-powerpc-placa-mae-h110-processador-i5-7400-memoria-8gb-ddr4-cooler-m-2-256gb', 'url_image': 'https://www.kabum.com.br//_next/image?url=https%3A%2F%2Fimages.kabum.com.br%2Fprodutos%2Ffotos%2Fsync_mirakl%2F425525%2FKit-Powerpc-Placa-M-e-H110-Processador-I5-7400-Mem-ria-8GB-DDR4-Cooler-M-2-256GB_1688817494_m.jpg&w=384&q=75'}
enviando mensagem pro telegram - Novo produto
get ultimo produt
insert produto on aws -> {'adm': 'kabum', 'name': 'Kit Powerpc Placa-Mãe H61 + Processador I5 3470 + Memória 4GB DDR3 + Cooler + M.2 256GB', 'price': 'R$ 528,14', 'link': 'https://www.kabum.com.br/produto/426018/kit-powerpc-placa-mae-h61-processador-i5-3470-memoria-4gb-ddr3-cooler-m-2-256gb', 'url_image': 'https://www.kabum.com.br//_next/image?url=https%3A%2F%2Fimages.kabum.com.br%2Fprodutos%2Ffotos%2Fsync_mirakl%2F426018%2FKit-Powerpc-Placa-M-e-H61-Processador-I5-3470-Mem-ria-4GB-DDR3-Cooler-M-2-256GB_1689103697_m.jpg&w=384&q=75'}
enviando mensagem pro telegram - Novo produto
get ultimo produt
Iterando página
update gpu on aws -> {'adm': 'kabum', 'name': 'HD Lenovo 2.4TB ISG, SAS, 12G, 10K, SFF, G7 - 7XB7A00069', 'price': 'R$ 3.338,16', 'link': 'https://www.kabum.com.br/produto/316299/hd-lenovo-2-4tb-isg-sas-12g-10k-sff-g7-7xb7a00069', 'url_image': 'https://www.kabum.com.br//_next/image?url=https%3A%2F%2Fimages.kabum.com.br%2Fprodutos%2Ffotos%2Fsync_mirakl%2F316299%2FHD-Lenovo-2-4TB-ISG-SAS-12G-10K-SFF-G7-7XB7A00069_1691672317_m.jpg&w=384&q=75'}
salvando_historico
enviando mensagem pro telegram - Atualização de produto
get ultimo produt
Ocorre um erro em main_selenium() (main), reiniciando Script
Timed out
-----> FIM DA ITERAÇÃO WHILE <--------


-----> NOVA ITERAÇÃO WHILE <--------
Iniciando Scraping, URL = https://www.kabum.com.br/hardware?page_number=1&page_size=100&facet_filters=&sort=most_searched
Iterando página
Iterando página
Iterando página
Iterando página
Iterando página
Iterando página
Iterando página
Iterando página
Iterando página
Iterando página
Iterando página
Iterando página
Iterando página
Iterando página
Iterando página
Iterando página
Iterando página
Iterando página
Iterando página
Iterando página
update gpu on aws -> {'adm': 'kabum', 'name': 'HD Interno Toshiba 12TB N300, 3.5 - HDWG21CXZSTAI', 'price': 'R$ 2.217,88', 'link': 'https://www.kabum.com.br/produto/324200/hd-interno-toshiba-12tb-n300-3-5-hdwg21cxzstai', 'url_image': 'https://www.kabum.com.br//_next/image?url=https%3A%2F%2Fimages.kabum.com.br%2Fprodutos%2Ffotos%2Fsync_mirakl%2F324200%2FHD-Interno-Toshiba-12TB-N300-3-5-HDWG21CXZSTAI_1691672321_m.jpg&w=384&q=75'}
salvando_historico
enviando mensagem pro telegram - Atualização de produto
get ultimo produt
Iterando página
Iterando página
Iterando página
update gpu on aws -> {'adm': 'kabum', 'name': 'Memória Notebook Kingston, 16GB, DDR4 3200mhz - KVR32S22D8/16', 'price': 'R$ 440,88', 'link': 'https://www.kabum.com.br/produto/464061/memoria-notebook-kingston-16gb-ddr4-3200mhz-kvr32s22d8-16', 'url_image': 'https://www.kabum.com.br//_next/image?url=https%3A%2F%2Fimages.kabum.com.br%2Fprodutos%2Ffotos%2Fsync_mirakl%2F464061%2FMem-ria-Notebook-Kingston-16GB-DDR4-3200mhz-KVR32S22D8-16_1722695442_m.jpg&w=384&q=75'}
salvando_historico
Iterando página
Iterando página
Iterando página
Iterando página
Iterando página
Iterando página
Iterando página
Iterando página
Iterando página
Iterando página
update gpu on aws -> {'adm': 'kabum', 'name': 'HD Lenovo 2.4TB ISG, SAS, 12G, 10K, SFF, G7 - 7XB7A00069', 'price': 'R$ 3.338,16', 'link': 'https://www.kabum.com.br/produto/316299/hd-lenovo-2-4tb-isg-sas-12g-10k-sff-g7-7xb7a00069', 'url_image': 'https://www.kabum.com.br//_next/image?url=https%3A%2F%2Fimages.kabum.com.br%2Fprodutos%2Ffotos%2Fsync_mirakl%2F316299%2FHD-Lenovo-2-4TB-ISG-SAS-12G-10K-SFF-G7-7XB7A00069_1691672317_m.jpg&w=384&q=75'}
salvando_historico
enviando mensagem pro telegram - Atualização de produto
get ultimo produt
Iterando página
Iterando página
Iterando página
insert produto on aws -> {'adm': 'kabum', 'name': 'Kit Placa Mãe H110 + Processador I7 7700 + Memória 8GB DDR4 + Cooler + M.2 256GB - Powerpc', 'price': 'R$ 1.470,21', 'link': 'https://www.kabum.com.br/produto/477347/kit-placa-mae-h110-processador-i7-7700-memoria-8gb-ddr4-cooler-m-2-256gb-powerpc', 'url_image': 'https://www.kabum.com.br//_next/image?url=https%3A%2F%2Fimages.kabum.com.br%2Fprodutos%2Ffotos%2Fsync_mirakl%2F477347%2FKit-Placa-M-e-H110-Processador-I7-7700-Mem-ria-8GB-DDR4-Cooler-M-2-256GB-Powerpc_1690828112_m.jpg&w=384&q=75'}
enviando mensagem pro telegram - Novo produto
get ultimo produt
Iterando página
update gpu on aws -> {'adm': 'kabum', 'name': 'SSD Western Digital SN700 Red 1TB, M.2, Leitura Até 3400MB/s, Gravação Até 2900MB/s', 'price': 'R$ 1.307,52', 'link': 'https://www.kabum.com.br/produto/387111/ssd-western-digital-sn700-red-1tb-m-2-leitura-ate-3400mb-s-gravacao-ate-2900mb-s', 'url_image': 'https://www.kabum.com.br//_next/image?url=https%3A%2F%2Fimages.kabum.com.br%2Fprodutos%2Ffotos%2Fsync_mirakl%2F387111%2FSSD-Western-Digital-SN700-Red-1TB-M-2-Leitura-At-3400MB-s-Grava-o-At-2900MB-s_1710265696_m.jpg&w=384&q=75'}
salvando_historico
enviando mensagem pro telegram - Atualização de produto
get ultimo produt
insert produto on aws -> {'adm': 'kabum', 'name': 'Kit Upgrade Placa Mãe H81 + Proc. I7 4770 + Mem. 8GB Ddr3 + Cooler + M.2 256GB', 'price': 'R$ 804,25', 'link': 'https://www.kabum.com.br/produto/452394/kit-upgrade-placa-mae-h81-proc-i7-4770-mem-8gb-ddr3-cooler-m-2-256gb', 'url_image': 'https://www.kabum.com.br//_next/image?url=https%3A%2F%2Fimages.kabum.com.br%2Fprodutos%2Ffotos%2Fsync_mirakl%2F452394%2FKit-Upgrade-Placa-M-e-H81-Proc-I7-4770-Mem-8GB-Ddr3-Cooler-M-2-256GB_1689364693_m.jpg&w=384&q=75'}
enviando mensagem pro telegram - Novo produto
get ultimo produt
insert produto on aws -> {'adm': 'kabum', 'name': 'Kit Powerpc Placa-Mãe H61 + Processador I3 2100 + Memória 4GB DDR3 + Cooler+ M.2 256GB', 'price': 'R$ 437,74', 'link': 'https://www.kabum.com.br/produto/426024/kit-powerpc-placa-mae-h61-processador-i3-2100-memoria-4gb-ddr3-cooler-m-2-256gb', 'url_image': 'https://www.kabum.com.br//_next/image?url=https%3A%2F%2Fimages.kabum.com.br%2Fprodutos%2Ffotos%2Fsync_mirakl%2F426024%2FKit-Powerpc-Placa-M-e-H61-Processador-I3-2100-Mem-ria-4GB-DDR3-Cooler-M-2-256GB_1688833093_m.jpg&w=384&q=75'}
enviando mensagem pro telegram - Novo produto
get ultimo produt
Iterando página
insert produto on aws -> {'adm': 'kabum', 'name': 'Kit Pl Mãe H110 + Procesador. I3 6100 + Memória. 16GB DDR4 + Cooler+ M.2 256GB', 'price': 'R$ 932,30', 'link': 'https://www.kabum.com.br/produto/425016/kit-pl-mae-h110-procesador-i3-6100-memoria-16gb-ddr4-cooler-m-2-256gb', 'url_image': 'https://www.kabum.com.br//_next/image?url=https%3A%2F%2Fimages.kabum.com.br%2Fprodutos%2Ffotos%2Fsync_mirakl%2F425016%2FKit-Pl-M-e-H110-Procesador-I3-6100-Mem-ria-16GB-DDR4-Cooler-M-2-256GB_1689179895_m.jpg&w=384&q=75'}
enviando mensagem pro telegram - Novo produto
get ultimo produt
Iterando página
Iterando página
Iterando página
insert produto on aws -> {'adm': 'kabum', 'name': 'Kit Pl Mãe H110 + Processador I3 7100 + Memória 16GB DDR4 + Cooler + M.2 256GB', 'price': 'R$ 965,23', 'link': 'https://www.kabum.com.br/produto/425014/kit-pl-mae-h110-processador-i3-7100-memoria-16gb-ddr4-cooler-m-2-256gb', 'url_image': 'https://www.kabum.com.br//_next/image?url=https%3A%2F%2Fimages.kabum.com.br%2Fprodutos%2Ffotos%2Fsync_mirakl%2F425014%2FKit-Pl-M-e-H110-Processador-I3-7100-Mem-ria-16GB-DDR4-Cooler-M-2-256GB_1688671722_m.jpg&w=384&q=75'}
enviando mensagem pro telegram - Novo produto
get ultimo produt
Iterando página
Iterando página
Iterando página
insert produto on aws -> {'adm': 'kabum', 'name': 'Kit Powerpc Placa-Mãe H110 + Processador I5 7400 + Memória 16GB DDR4 + Cooler + M.2 256GB', 'price': 'R$ 1.172,22', 'link': 'https://www.kabum.com.br/produto/425528/kit-powerpc-placa-mae-h110-processador-i5-7400-memoria-16gb-ddr4-cooler-m-2-256gb', 'url_image': 'https://www.kabum.com.br//_next/image?url=https%3A%2F%2Fimages.kabum.com.br%2Fprodutos%2Ffotos%2Fsync_mirakl%2F425528%2FKit-Powerpc-Placa-M-e-H110-Processador-I5-7400-Mem-ria-16GB-DDR4-Cooler-M-2-256GB_1688817493_m.jpg&w=384&q=75'}
enviando mensagem pro telegram - Novo produto
get ultimo produt
Iterando página
insert produto on aws -> {'adm': 'kabum', 'name': 'Kit Powerpc Placa-Mãe H110 + Processador I7 6700 + Memória 16GB DDR4 + Cooler + M.2 256GB', 'price': 'R$ 1.404,75', 'link': 'https://www.kabum.com.br/produto/425522/kit-powerpc-placa-mae-h110-processador-i7-6700-memoria-16gb-ddr4-cooler-m-2-256gb', 'url_image': 'https://www.kabum.com.br//_next/image?url=https%3A%2F%2Fimages.kabum.com.br%2Fprodutos%2Ffotos%2Fsync_mirakl%2F425522%2FKit-Powerpc-Placa-M-e-H110-Processador-I7-6700-Mem-ria-16GB-DDR4-Cooler-M-2-256GB_1689179895_m.jpg&w=384&q=75'}
enviando mensagem pro telegram - Novo produto
get ultimo produt
Iterando página
Iterando página
insert produto on aws -> {'adm': 'kabum', 'name': 'Kit Powerpc Placa-Mãe H110 + Processador I5 6500 + Memória 8GB DDR4 + Cooler + M.2 256GB', 'price': 'R$ 964,66', 'link': 'https://www.kabum.com.br/produto/425523/kit-powerpc-placa-mae-h110-processador-i5-6500-memoria-8gb-ddr4-cooler-m-2-256gb', 'url_image': 'https://www.kabum.com.br//_next/image?url=https%3A%2F%2Fimages.kabum.com.br%2Fprodutos%2Ffotos%2Fsync_mirakl%2F425523%2FKit-Powerpc-Placa-M-e-H110-Processador-I5-6500-Mem-ria-8GB-DDR4-Cooler-M-2-256GB_1688840892_m.jpg&w=384&q=75'}
enviando mensagem pro telegram - Novo produto
get ultimo produt
Iterando página
Iterando página
insert produto on aws -> {'adm': 'kabum', 'name': 'Kit Placa Mãe H310 + Proc. I5 8500 + Mem. 8GB Ddr4 + Cooler + M.2 256GB', 'price': 'R$ 1.186,68', 'link': 'https://www.kabum.com.br/produto/452826/kit-placa-mae-h310-proc-i5-8500-mem-8gb-ddr4-cooler-m-2-256gb', 'url_image': 'https://www.kabum.com.br//_next/image?url=https%3A%2F%2Fimages.kabum.com.br%2Fprodutos%2Ffotos%2Fsync_mirakl%2F452826%2FKit-Placa-M-e-H310-Proc-I5-8500-Mem-8GB-Ddr4-Cooler-M-2-256GB_1680703091_m.jpg&w=384&q=75'}
enviando mensagem pro telegram - Novo produto
get ultimo produt
Iterando página
Iterando página
Iterando página
insert produto on aws -> {'adm': 'kabum', 'name': 'Processador Intel Core I5 13600kf, 5.10ghz Max Turbo, 14-core, Lga1700', 'price': 'R$ 2.936,61', 'link': 'https://www.kabum.com.br/produto/400719/processador-intel-core-i5-13600kf-5-10ghz-max-turbo-14-core-lga1700', 'url_image': 'https://www.kabum.com.br//_next/image?url=https%3A%2F%2Fimages.kabum.com.br%2Fprodutos%2Ffotos%2Fsync_mirakl%2F400719%2FProcessador-Intel-Core-I5-13600kf-5-10ghz-Max-Turbo-14-core-Lga1700_1714142363_m.jpg&w=384&q=75'}
enviando mensagem pro telegram - Novo produto
get ultimo produt
Iterando página
Iterando página
Iterando página
insert produto on aws -> {'adm': 'kabum', 'name': 'Kit Placa Mãe H61 + Processador I3 3220 + Memoria 4GB DDR3 + Cooler + SSD 256GB M2', 'price': 'R$ 460,26', 'link': 'https://www.kabum.com.br/produto/424504/kit-placa-mae-h61-processador-i3-3220-memoria-4gb-ddr3-cooler-ssd-256gb-m2', 'url_image': 'https://www.kabum.com.br//_next/image?url=https%3A%2F%2Fimages.kabum.com.br%2Fprodutos%2Ffotos%2Fsync_mirakl%2F424504%2FKit-Placa-M-e-H61-Processador-I3-3220-Memoria-4GB-DDR3-Cooler-SSD-256GB-M2_1689691720_m.jpg&w=384&q=75'}
enviando mensagem pro telegram - Novo produto
get ultimo produt
Iterando página
Iterando página
update gpu on aws -> {'adm': 'kabum', 'name': 'Kit Powerpc Placa-Mãe H61 + Processador I5 2400 + Memória 4GB DDR3 + Cooler + M.2 256GB', 'price': 'R$ 497,48', 'link': 'https://www.kabum.com.br/produto/426020/kit-powerpc-placa-mae-h61-processador-i5-2400-memoria-4gb-ddr3-cooler-m-2-256gb', 'url_image': 'https://www.kabum.com.br//_next/image?url=https%3A%2F%2Fimages.kabum.com.br%2Fprodutos%2Ffotos%2Fsync_mirakl%2F426020%2FKit-Powerpc-Placa-M-e-H61-Processador-I5-2400-Mem-ria-4GB-DDR3-Cooler-M-2-256GB_1689164892_m.jpg&w=384&q=75'}
salvando_historico
insert produto on aws -> {'adm': 'kabum', 'name': 'Kit Powerpc Placa-Mãe H110 + Processador I5 6500 + Memória 16GB DDR4 + Cooler + M.2 256GB', 'price': 'R$ 1.076,74', 'link': 'https://www.kabum.com.br/produto/425524/kit-powerpc-placa-mae-h110-processador-i5-6500-memoria-16gb-ddr4-cooler-m-2-256gb', 'url_image': 'https://www.kabum.com.br//_next/image?url=https%3A%2F%2Fimages.kabum.com.br%2Fprodutos%2Ffotos%2Fsync_mirakl%2F425524%2FKit-Powerpc-Placa-M-e-H110-Processador-I5-6500-Mem-ria-16GB-DDR4-Cooler-M-2-256GB_1689179895_m.jpg&w=384&q=75'}
enviando mensagem pro telegram - Novo produto
get ultimo produt
insert produto on aws -> {'adm': 'kabum', 'name': 'Kit Powerpc Placa-Mãe H110 + Processador I7 6700 + Memória 8GB DDR4 + Cooler + M.2 256GB', 'price': 'R$ 1.292,66', 'link': 'https://www.kabum.com.br/produto/425530/kit-powerpc-placa-mae-h110-processador-i7-6700-memoria-8gb-ddr4-cooler-m-2-256gb', 'url_image': 'https://www.kabum.com.br//_next/image?url=https%3A%2F%2Fimages.kabum.com.br%2Fprodutos%2Ffotos%2Fsync_mirakl%2F425530%2FKit-Powerpc-Placa-M-e-H110-Processador-I7-6700-Mem-ria-8GB-DDR4-Cooler-M-2-256GB_1688840893_m.jpg&w=384&q=75'}
enviando mensagem pro telegram - Novo produto
get ultimo produt
Ocorre um erro em main_selenium() (main), reiniciando Script
Timed out
-----> FIM DA ITERAÇÃO WHILE <--------


-----> NOVA ITERAÇÃO WHILE <--------
Iniciando Scraping, URL = https://www.kabum.com.br/hardware?page_number=1&page_size=100&facet_filters=&sort=most_searched
Iterando página
Iterando página
Iterando página
Iterando página
Iterando página
Iterando página
Iterando página
Iterando página
Iterando página
Iterando página
Iterando página
Iterando página
Iterando página
Iterando página
Iterando página
Iterando página
Iterando página
Iterando página
Iterando página
Iterando página
Iterando página
Iterando página
Iterando página
Iterando página
Iterando página
Iterando página
Iterando página
Iterando página
Iterando página
Iterando página
Iterando página
Iterando página
Iterando página
Iterando página
Iterando página
Iterando página
Iterando página
Iterando página
Iterando página
Iterando página
Iterando página
Iterando página
Iterando página
Iterando página
Iterando página
Iterando página
Iterando página
Iterando página
Iterando página
Iterando página
Iterando página
Iterando página
Iterando página
Iterando página
Iterando página
Iterando página
Iterando página
insert produto on aws -> {'adm': 'kabum', 'name': 'Kit Powerpc Placa-Mãe H110 + Processador I7 6700 + Memória 8GB DDR4 + Cooler + M.2 256GB', 'price': 'R$ 1.292,66', 'link': 'https://www.kabum.com.br/produto/425530/kit-powerpc-placa-mae-h110-processador-i7-6700-memoria-8gb-ddr4-cooler-m-2-256gb', 'url_image': 'https://www.kabum.com.br//_next/image?url=https%3A%2F%2Fimages.kabum.com.br%2Fprodutos%2Ffotos%2Fsync_mirakl%2F425530%2FKit-Powerpc-Placa-M-e-H110-Processador-I7-6700-Mem-ria-8GB-DDR4-Cooler-M-2-256GB_1688840893_m.jpg&w=384&q=75'}
enviando mensagem pro telegram - Novo produto
get ultimo produt
Iterando página
Iterando página
Iterando página
Iterando página
Iterando página
Iterando página
Iterando página
Iterando página
Iterando página
Iterando página
update gpu on aws -> {'adm': 'kabum', 'name': 'HD Hewlett Packard-R0q59a, HPE SD 8TB, SAS 7.2k LFF', 'price': 'R$ 3.130,06', 'link': 'https://www.kabum.com.br/produto/501885/hd-hewlett-packard-r0q59a-hpe-sd-8tb-sas-7-2k-lff', 'url_image': 'https://www.kabum.com.br//_next/image?url=https%3A%2F%2Fimages.kabum.com.br%2Fprodutos%2Ffotos%2Fsync_mirakl%2F501885%2FHD-Hewlett-Packard-R0q59a-HPE-SD-8TB-SAS-7-2k-LFF_1697477921_m.jpg&w=384&q=75'}
salvando_historico
enviando mensagem pro telegram - Atualização de produto
get ultimo produt
insert produto on aws -> {'adm': 'kabum', 'name': 'Kit Pl Mãe H310 + Proc. I5 8500 + Mem. 16GB Ddr4 + Cooler + M.2 256GB', 'price': 'R$ 1.315,00', 'link': 'https://www.kabum.com.br/produto/627623/kit-pl-mae-h310-proc-i5-8500-mem-16gb-ddr4-cooler-m-2-256gb', 'url_image': 'https://www.kabum.com.br//_next/image?url=https%3A%2F%2Fimages.kabum.com.br%2Fprodutos%2Ffotos%2Fsync_mirakl%2F627623%2FKit-Pl-M-e-H310-Proc-I5-8500-Mem-16GB-Ddr4-Cooler-M-2-256GB_1724102510_m.jpg&w=384&q=75'}
enviando mensagem pro telegram - Novo produto
get ultimo produt
update gpu on aws -> {'adm': 'kabum', 'name': 'Fonte Memor K Datalogic De Parede P/ Cabo Usb 94acc0316', 'price': 'R$ 255,93', 'link': 'https://www.kabum.com.br/produto/618853/fonte-memor-k-datalogic-de-parede-p-cabo-usb-94acc0316', 'url_image': 'https://www.kabum.com.br//_next/image?url=https%3A%2F%2Fimages.kabum.com.br%2Fprodutos%2Ffotos%2Fsync_mirakl%2F618853%2FFonte-Memor-K-Datalogic-De-Parede-P-Cabo-Usb-94acc0316_1722023887_m.jpg&w=384&q=75'}
salvando_historico
update gpu on aws -> {'adm': 'kabum', 'name': 'SSD Adata, 1TB, Legend 700 M.2 2280, Leitura 2000 Mb/s', 'price': 'R$ 697,85', 'link': 'https://www.kabum.com.br/produto/428667/ssd-adata-1tb-legend-700-m-2-2280-leitura-2000-mb-s', 'url_image': 'https://www.kabum.com.br//_next/image?url=https%3A%2F%2Fimages.kabum.com.br%2Fprodutos%2Ffotos%2Fsync_mirakl%2F428667%2FSSD-Adata-1TB-Legend-700-M-2-2280-Leitura-2000-Mb-s_1712340486_m.jpg&w=384&q=75'}
salvando_historico
Iterando página
Iterando página
Iterando página
Iterando página
Iterando página
Iterando página
Iterando página
Iterando página
Iterando página
insert produto on aws -> {'adm': 'kabum', 'name': 'Disco Rígido Dell 16tb Sas Ise 7.2k 3.5" - 400-bjko', 'price': 'R$ 4.402,25', 'link': 'https://www.kabum.com.br/produto/634167/disco-rigido-dell-16tb-sas-ise-7-2k-3-5-400-bjko', 'url_image': 'https://www.kabum.com.br//_next/image?url=https%3A%2F%2Fimages.kabum.com.br%2Fprodutos%2Ffotos%2Fsync_mirakl%2F634167%2FDisco-R-gido-Dell-16tb-Sas-Ise-7-2k-3-5-400-bjko_1725902125_m.jpg&w=384&q=75'}
enviando mensagem pro telegram - Novo produto
get ultimo produt
update gpu on aws -> {'adm': 'kabum', 'name': 'SSD Hpe Sd 1.92TB Sas Ri 12g Sff R0q47a', 'price': 'R$ 7.451,76', 'link': 'https://www.kabum.com.br/produto/602459/ssd-hpe-sd-1-92tb-sas-ri-12g-sff-r0q47a', 'url_image': 'https://www.kabum.com.br//_next/image?url=https%3A%2F%2Fimages.kabum.com.br%2Fprodutos%2Ffotos%2Fsync_mirakl%2F602459%2FSSD-Hpe-Sd-1-92TB-Sas-Ri-12g-Sff-R0q47a_1719942010_m.jpg&w=384&q=75'}
salvando_historico
enviando mensagem pro telegram - Atualização de produto
get ultimo produt
update gpu on aws -> {'adm': 'kabum', 'name': 'Disco Rígido Hewlett 1TB, NHP, 6G, 7.2K LFF, SATA - 801882-B21', 'price': 'R$ 997,92', 'link': 'https://www.kabum.com.br/produto/579018/disco-rigido-hewlett-1tb-nhp-6g-7-2k-lff-sata-801882-b21', 'url_image': 'https://www.kabum.com.br//_next/image?url=https%3A%2F%2Fimages.kabum.com.br%2Fprodutos%2Ffotos%2Fsync_mirakl%2F579018%2FDisco-R-gido-Hewlett-1TB-NHP-6G-7-2K-LFF-SATA-801882-B21_1714506577_m.jpg&w=384&q=75'}
salvando_historico
enviando mensagem pro telegram - Atualização de produto
get ultimo produt
insert produto on aws -> {'adm': 'kabum', 'name': 'Kit Pl Mãe H310 + Proc. I3 6100 + Mem. 8GB Ddr4 + Cooler+ M.2 256GB', 'price': 'R$ 820,23', 'link': 'https://www.kabum.com.br/produto/627622/kit-pl-mae-h310-proc-i3-6100-mem-8gb-ddr4-cooler-m-2-256gb', 'url_image': 'https://www.kabum.com.br//_next/image?url=https%3A%2F%2Fimages.kabum.com.br%2Fprodutos%2Ffotos%2Fsync_mirakl%2F627622%2FKit-Pl-M-e-H310-Proc-I3-6100-Mem-8GB-Ddr4-Cooler-M-2-256GB_1724099908_m.jpg&w=384&q=75'}
enviando mensagem pro telegram - Novo produto
get ultimo produt
Iterando página
insert produto on aws -> {'adm': 'kabum', 'name': 'Kit Pl Mãe H81-10/100 + Processador I34130 + Memoria 8GB + Cooler + 256 M2', 'price': 'R$ 531,82', 'link': 'https://www.kabum.com.br/produto/532621/kit-pl-mae-h81-10-100-processador-i34130-memoria-8gb-cooler-256-m2', 'url_image': 'https://www.kabum.com.br//_next/image?url=https%3A%2F%2Fimages.kabum.com.br%2Fprodutos%2Ffotos%2Fsync_mirakl%2F532621%2FKit-Pl-M-e-H81-10-100-Processador-I34130-Memoria-8GB-Cooler-256-M2_1709143693_m.jpg&w=384&q=75'}
enviando mensagem pro telegram - Novo produto
get ultimo produt
update gpu on aws -> {'adm': 'kabum', 'name': 'Fonte De Alimentação Zebra - Pwr-bga12v50w0ww', 'price': 'R$ 200,01', 'link': 'https://www.kabum.com.br/produto/516811/fonte-de-alimentacao-zebra-pwr-bga12v50w0ww', 'url_image': 'https://www.kabum.com.br//_next/image?url=https%3A%2F%2Fimages.kabum.com.br%2Fprodutos%2Ffotos%2Fsync_mirakl%2F516811%2FFonte-De-Alimenta-o-Zebra-Pwr-bga12v50w0ww_1703099297_m.jpg&w=384&q=75'}
salvando_historico
Iterando página
Iterando página
Iterando página
Iterando página
Iterando página
Iterando página
Iterando página
Iterando página
Iterando página
update gpu on aws -> {'adm': 'kabum', 'name': 'SSD Hewlett Packard Hpe 480GB, Sata, Ri Sff Bc Mv - P40497-b21', 'price': 'R$ 789,36', 'link': 'https://www.kabum.com.br/produto/470395/ssd-hewlett-packard-hpe-480gb-sata-ri-sff-bc-mv-p40497-b21', 'url_image': 'https://www.kabum.com.br//_next/image?url=https%3A%2F%2Fimages.kabum.com.br%2Fprodutos%2Ffotos%2Fsync_mirakl%2F470395%2FSSD-Hewlett-Packard-Hpe-480GB-Sata-Ri-Sff-Bc-Mv-P40497-b21_1704900493_m.jpg&w=384&q=75'}
salvando_historico
update gpu on aws -> {'adm': 'kabum', 'name': 'Disco Rígido Hpe Msa Sas 16tb 7.2k Lff M2 Hdd - R3u72a', 'price': 'R$ 5.487,66', 'link': 'https://www.kabum.com.br/produto/622001/disco-rigido-hpe-msa-sas-16tb-7-2k-lff-m2-hdd-r3u72a', 'url_image': 'https://www.kabum.com.br//_next/image?url=https%3A%2F%2Fimages.kabum.com.br%2Fprodutos%2Ffotos%2Fsync_mirakl%2F622001%2FDisco-R-gido-Hpe-Msa-Sas-16tb-7-2k-Lff-M2-Hdd-R3u72a_1723594280_m.jpg&w=384&q=75'}
salvando_historico
enviando mensagem pro telegram - Atualização de produto
get ultimo produt
update gpu on aws -> {'adm': 'kabum', 'name': 'SSD Externo Kingston Portátil 4TB Usb 3.2 - Sxs20004000g', 'price': 'R$ 3.730,83', 'link': 'https://www.kabum.com.br/produto/577610/ssd-externo-kingston-portatil-4tb-usb-3-2-sxs20004000g', 'url_image': 'https://www.kabum.com.br//_next/image?url=https%3A%2F%2Fimages.kabum.com.br%2Fprodutos%2Ffotos%2Fsync_mirakl%2F577610%2FSSD-Externo-Kingston-Port-til-4TB-Usb-3-2-Sxs20004000g_1722967454_m.jpg&w=384&q=75'}
salvando_historico
update gpu on aws -> {'adm': 'kabum', 'name': 'Hd Toshiba N300 14TB Nas 3.5 Hdwg51exzstai', 'price': 'R$ 3.011,62', 'link': 'https://www.kabum.com.br/produto/587250/hd-toshiba-n300-14tb-nas-3-5-hdwg51exzstai', 'url_image': 'https://www.kabum.com.br//_next/image?url=https%3A%2F%2Fimages.kabum.com.br%2Fprodutos%2Ffotos%2Fsync_mirakl%2F587250%2FHd-Toshiba-N300-14TB-Nas-3-5-Hdwg51exzstai_1719958298_m.jpg&w=384&q=75'}
salvando_historico
insert produto on aws -> {'adm': 'kabum', 'name': 'Memória Kingston 8GB 3200mhz Ddr4 Cl22 Dimm Kvr32n22s6/8i', 'price': 'R$ 241,91', 'link': 'https://www.kabum.com.br/produto/580789/memoria-kingston-8gb-3200mhz-ddr4-cl22-dimm-kvr32n22s6-8i', 'url_image': 'https://www.kabum.com.br//_next/image?url=https%3A%2F%2Fimages.kabum.com.br%2Fprodutos%2Ffotos%2Fsync_mirakl%2F580789%2FMem-ria-Kingston-8GB-3200mhz-Ddr4-Cl22-Dimm-Kvr32n22s6-8i_1722877311_m.jpg&w=384&q=75'}
enviando mensagem pro telegram - Novo produto
get ultimo produt
Iterando página
update gpu on aws -> {'adm': 'kabum', 'name': 'HD Hewlett Packard 1TB ISS, SATA, 12G, 7.2K, LFF - 861686-B21', 'price': 'R$ 1.531,16', 'link': 'https://www.kabum.com.br/produto/203768/hd-hewlett-packard-1tb-iss-sata-12g-7-2k-lff-861686-b21', 'url_image': 'https://www.kabum.com.br//_next/image?url=https%3A%2F%2Fimages.kabum.com.br%2Fprodutos%2Ffotos%2Fsync_mirakl%2F203768%2FHD-Hewlett-Packard-1TB-ISS-SATA-12G-7-2K-LFF-861686-B21_1711479495_m.jpg&w=384&q=75'}
salvando_historico
enviando mensagem pro telegram - Atualização de produto
get ultimo produt
Iterando página
update gpu on aws -> {'adm': 'kabum', 'name': 'Processador Intel Core I7 12700F, 2.1GHz - Bx8071512700fI', 'price': 'R$ 2.425,67', 'link': 'https://www.kabum.com.br/produto/315017/processador-intel-core-i7-12700f-2-1ghz-bx8071512700fi', 'url_image': 'https://www.kabum.com.br//_next/image?url=https%3A%2F%2Fimages.kabum.com.br%2Fprodutos%2Ffotos%2Fsync_mirakl%2F315017%2FProcessador-Intel-Core-I7-12700F-2-1GHz-Bx8071512700fI_1720742458_m.jpg&w=384&q=75'}
salvando_historico
update gpu on aws -> {'adm': 'kabum', 'name': 'HD Interno Toshiba 10TB N300, NAS, 3.5 - HDWG11AXZSTAI', 'price': 'R$ 2.306,73', 'link': 'https://www.kabum.com.br/produto/324712/hd-interno-toshiba-10tb-n300-nas-3-5-hdwg11axzstai', 'url_image': 'https://www.kabum.com.br//_next/image?url=https%3A%2F%2Fimages.kabum.com.br%2Fprodutos%2Ffotos%2Fsync_mirakl%2F324712%2FHD-Interno-Toshiba-10TB-N300-NAS-3-5-HDWG11AXZSTAI_1691672317_m.jpg&w=384&q=75'}
salvando_historico
Iterando página
Iterando página
Iterando página
Iterando página
Iterando página
Iterando página
Iterando página
Erro na paginação: Message: element not interactable
  (Session info: chrome=128.0.6613.119)
Stacktrace:
#0 0x5580b2b762da <unknown>
#1 0x5580b2844041 <unknown>
#2 0x5580b2894d3f <unknown>
#3 0x5580b28888c6 <unknown>
#4 0x5580b28b88d2 <unknown>
#5 0x5580b2888279 <unknown>
#6 0x5580b28b8a9e <unknown>
#7 0x5580b28d6dfd <unknown>
#8 0x5580b28b8673 <unknown>
#9 0x5580b2886473 <unknown>
#10 0x5580b288747e <unknown>
#11 0x5580b2b3d0db <unknown>
#12 0x5580b2b41071 <unknown>
#13 0x5580b2b299d5 <unknown>
#14 0x5580b2b41bf2 <unknown>
#15 0x5580b2b0eb6f <unknown>
#16 0x5580b2b65248 <unknown>
#17 0x5580b2b65417 <unknown>
#18 0x5580b2b750cc <unknown>
#19 0x7f446dbc8ac3 <unknown>

Finalizando o scraping...
-----> FIM DA ITERAÇÃO WHILE <--------


-----> NOVA ITERAÇÃO WHILE <--------
Iniciando Scraping, URL = https://www.kabum.com.br/hardware?page_number=1&page_size=100&facet_filters=&sort=most_searched
Iterando página
Iterando página
Iterando página
Iterando página
Iterando página
Iterando página
Iterando página
update gpu on aws -> {'adm': 'kabum', 'name': 'SSD Sandisk Plus 1TB, M.2 2280 NVMe Pcie Gen 3.0, Leitura 3200MB/s E Gravação 2500MB/s - Sdssda3n-1t00-G26', 'price': 'R$ 592,00', 'link': 'https://www.kabum.com.br/produto/538416/ssd-sandisk-plus-1tb-m-2-2280-nvme-pcie-gen-3-0-leitura-3200mb-s-e-gravacao-2500mb-s-sdssda3n-1t00-g26', 'url_image': 'https://www.kabum.com.br//_next/image?url=https%3A%2F%2Fimages.kabum.com.br%2Fprodutos%2Ffotos%2Fsync_mirakl%2F538416%2FSSD-Sandisk-Plus-1TB-M-2-2280-NVMe-Pcie-Gen-3-0-Leitura-3200MB-s-E-Grava-o-2500MB-s-Sdssda3n-1t00-G26_1715870565_m.jpg&w=384&q=75'}
salvando_historico
Iterando página
Iterando página
Iterando página
Iterando página
Iterando página
Iterando página
Iterando página
Iterando página
Iterando página
Iterando página
Iterando página
Iterando página
Iterando página
Iterando página
Iterando página
Iterando página
Iterando página
Iterando página
Iterando página
Iterando página
insert produto on aws -> {'adm': 'kabum', 'name': 'SSD Interno Westgatte, 1TB, M.2 Nvme', 'price': 'R$ 510,00', 'link': 'https://www.kabum.com.br/produto/542175/ssd-interno-westgatte-1tb-m-2-nvme', 'url_image': 'https://www.kabum.com.br//_next/image?url=https%3A%2F%2Fimages.kabum.com.br%2Fprodutos%2Ffotos%2Fsync_mirakl%2F542175%2FSSD-Interno-Westgatte-1TB-M-2-Nvme_1724790006_m.jpg&w=384&q=75'}
enviando mensagem pro telegram - Novo produto
get ultimo produt
Iterando página
Iterando página
Iterando página
Iterando página
Iterando página
Iterando página
Iterando página
Iterando página
Iterando página
Iterando página
Iterando página
Iterando página
Iterando página
Iterando página
Iterando página
Iterando página
Iterando página
Iterando página
Iterando página
Iterando página
Iterando página
Iterando página
Iterando página
Iterando página
Iterando página
Iterando página
Iterando página
Iterando página
Iterando página
Iterando página
Iterando página
Iterando página
Iterando página
Iterando página
Iterando página
Iterando página
Iterando página
Iterando página
Iterando página
Iterando página
Iterando página
Iterando página
Iterando página
Iterando página
Iterando página
Iterando página
Iterando página
Iterando página
Iterando página
Iterando página
Iterando página
Iterando página
Iterando página
Iterando página
Iterando página
Iterando página
Iterando página
Iterando página
Iterando página
Iterando página
Iterando página
Iterando página
Iterando página
Iterando página
Iterando página
Iterando página
Iterando página
Iterando página
Iterando página
Erro na paginação: Message: element not interactable
  (Session info: chrome=128.0.6613.119)
Stacktrace:
#0 0x56164e6742da <unknown>
#1 0x56164e342041 <unknown>
#2 0x56164e392d3f <unknown>
#3 0x56164e3868c6 <unknown>
#4 0x56164e3b68d2 <unknown>
#5 0x56164e386279 <unknown>
#6 0x56164e3b6a9e <unknown>
#7 0x56164e3d4dfd <unknown>
#8 0x56164e3b6673 <unknown>
#9 0x56164e384473 <unknown>
#10 0x56164e38547e <unknown>
#11 0x56164e63b0db <unknown>
#12 0x56164e63f071 <unknown>
#13 0x56164e6279d5 <unknown>
#14 0x56164e63fbf2 <unknown>
#15 0x56164e60cb6f <unknown>
#16 0x56164e663248 <unknown>
#17 0x56164e663417 <unknown>
#18 0x56164e6730cc <unknown>
#19 0x7f4c3655aac3 <unknown>

Finalizando o scraping...
-----> FIM DA ITERAÇÃO WHILE <--------


-----> NOVA ITERAÇÃO WHILE <--------
Iniciando Scraping, URL = https://www.kabum.com.br/hardware?page_number=1&page_size=100&facet_filters=&sort=most_searched
Iterando página
Iterando página
Iterando página
Iterando página
Iterando página
Iterando página
Iterando página
Iterando página
Iterando página
Iterando página
insert produto on aws -> {'adm': 'kabum', 'name': 'Case para HD Externo F3, 2.5´, USB 2.0 - CS-U2', 'price': 'R$ 24,99', 'link': 'https://www.kabum.com.br/produto/112059/case-para-hd-externo-f3-2-5-usb-2-0-cs-u2', 'url_image': 'https://www.kabum.com.br//_next/image?url=https%3A%2F%2Fimages.kabum.com.br%2Fprodutos%2Ffotos%2F112059%2Fcase-para-hd-externo-f3-2-5-usb-2-0-f-01_1598013554_m.jpg&w=384&q=75'}
enviando mensagem pro telegram - Novo produto
get ultimo produt
Iterando página
Iterando página
Iterando página
Iterando página
Iterando página
Iterando página
Iterando página
Iterando página
Iterando página
Erro na paginação: Message: no such element: Unable to locate element: {"method":"css selector","selector":".priceCard"}
  (Session info: chrome=128.0.6613.119); For documentation on this error, please visit: https://www.selenium.dev/documentation/webdriver/troubleshooting/errors#no-such-element-exception
Stacktrace:
#0 0x55d13df212da <unknown>
#1 0x55d13dbef200 <unknown>
#2 0x55d13dc3eaa2 <unknown>
#3 0x55d13dc3ed41 <unknown>
#4 0x55d13dc33386 <unknown>
#5 0x55d13dc638fd <unknown>
#6 0x55d13dc33279 <unknown>
#7 0x55d13dc63a9e <unknown>
#8 0x55d13dc81dfd <unknown>
#9 0x55d13dc63673 <unknown>
#10 0x55d13dc31473 <unknown>
#11 0x55d13dc3247e <unknown>
#12 0x55d13dee80db <unknown>
#13 0x55d13deec071 <unknown>
#14 0x55d13ded49d5 <unknown>
#15 0x55d13deecbf2 <unknown>
#16 0x55d13deb9b6f <unknown>
#17 0x55d13df10248 <unknown>
#18 0x55d13df10417 <unknown>
#19 0x55d13df200cc <unknown>
#20 0x7fe290f38ac3 <unknown>

Finalizando o scraping...
-----> FIM DA ITERAÇÃO WHILE <--------


-----> NOVA ITERAÇÃO WHILE <--------
Iniciando Scraping, URL = https://www.kabum.com.br/hardware?page_number=1&page_size=100&facet_filters=&sort=most_searched
Iterando página
Iterando página
update gpu on aws -> {'adm': 'kabum', 'name': 'SSD Kingston NV2 2 TB, M.2 2280 PCIe, NVMe, Leitura: 3500 MB/s e Gravação: 2800 MB/s - SNV2S/2000G', 'price': 'R$ 999,99', 'link': 'https://www.kabum.com.br/produto/380746/ssd-kingston-nv2-2-tb-m-2-2280-pcie-nvme-leitura-3500-mb-s-e-gravacao-2800-mb-s-snv2s-2000g', 'url_image': 'https://www.kabum.com.br//_next/image?url=https%3A%2F%2Fimages.kabum.com.br%2Fprodutos%2Ffotos%2F380746%2Fssd-kingston-nv2-2-tb-m-2-2280-pcie-nvme-leitura-2-100-mb-s-e-gravacao-1-700-mb-s-snv2s-2000g_1666033248_m.jpg&w=384&q=75'}
salvando_historico
enviando mensagem pro telegram - Atualização de produto
get ultimo produt
Iterando página
update gpu on aws -> {'adm': 'kabum', 'name': 'SSD WD 250GB Green PC SN350, PCIe, NVMe, Leitura: 2400MB/s e Gravação: 1500MB/s - WDS250G2G0C', 'price': 'R$ 209,99', 'link': 'https://www.kabum.com.br/produto/510894/ssd-wd-250gb-green-pc-sn350-pcie-nvme-leitura-2400mb-s-e-gravacao-1500mb-s-wds250g2g0c', 'url_image': 'https://www.kabum.com.br//_next/image?url=https%3A%2F%2Fimages.kabum.com.br%2Fprodutos%2Ffotos%2F510894%2Fssd-wd-250gb-green-pc-sn350-pcie-nvme-leitura-2400mb-s-e-gravacao-1500mb-s-wds250g2g0c_1714677479_m.jpg&w=384&q=75'}
salvando_historico
Iterando página
update gpu on aws -> {'adm': 'kabum', 'name': 'SSD WD Black SN850X, 2TB, NVMe, Heatsink, M.2 2280 PCIe GEN4X4, Leitura:7300 MB/s e Gravação: 6600 MB/s, Preto - WDS200T2XHE, Compatível com PS5', 'price': 'R$ 1.299,99', 'link': 'https://www.kabum.com.br/produto/379760/ssd-wd-black-sn850x-2tb-nvme-heatsink-m-2-2280-pcie-gen4x4-leitura-7300-mb-s-e-gravacao-6600-mb-s-preto-wds200t2xhe-compativel-com-ps5', 'url_image': 'https://www.kabum.com.br//_next/image?url=https%3A%2F%2Fimages.kabum.com.br%2Fprodutos%2Ffotos%2F379760%2Fssd-wd-black-sn850x-gaming-2tb-nvme-com-dissipador-de-calor-m-2-2280-pcie-gen4x4-leitura-7300-mb-s-e-gravacao-6600-mb-s-compativel-com-playstation-5-wds200t2xhe_1671649371_m.jpg&w=384&q=75'}
salvando_historico
enviando mensagem pro telegram - Atualização de produto
get ultimo produt
Iterando página
Iterando página
Iterando página
update gpu on aws -> {'adm': 'kabum', 'name': 'SSD Externo 1 TB Kingston XS2000, Leitura: 2.000 MB/s e Gravação: 2000MB/s - SXS2000/1000G', 'price': 'R$ 799,99', 'link': 'https://www.kabum.com.br/produto/332899/ssd-externo-1-tb-kingston-xs2000-leitura-2-000-mb-s-e-gravacao-2000mb-s-sxs2000-1000g', 'url_image': 'https://www.kabum.com.br//_next/image?url=https%3A%2F%2Fimages.kabum.com.br%2Fprodutos%2Ffotos%2F332899%2Fkingston-ssd-portatil-xs2000-1tb-usb-3-2-leitura-e-gravacao-de-ate-2000mb-s-sxs2000-1000g_1652117410_m.jpg&w=384&q=75'}
salvando_historico
enviando mensagem pro telegram - Atualização de produto
get ultimo produt
Iterando página
Iterando página
update gpu on aws -> {'adm': 'kabum', 'name': 'SSD Externo Portátil Kingston XS1000, 2TB, USB 3.2, Leitura: 1050MB/s e Gravação: 1000MB/s, Vermelho - SXS1000R/2000G', 'price': 'R$ 869,99', 'link': 'https://www.kabum.com.br/produto/615714/ssd-externo-portatil-kingston-xs1000-2tb-usb-3-2-leitura-1050mb-s-e-gravacao-1000mb-s-vermelho-sxs1000r-2000g', 'url_image': 'https://www.kabum.com.br//_next/image?url=https%3A%2F%2Fimages.kabum.com.br%2Fprodutos%2Ffotos%2F615714%2Fssd-externo-portatil-kingston-2tb-usb-3-2-leitura-1050mb-s-e-gravacao-1000mb-s-vermelho-sxs1000r-2000g_1724246432_m.jpg&w=384&q=75'}
salvando_historico
enviando mensagem pro telegram - Atualização de produto
get ultimo produt
Iterando página
Iterando página
Erro na paginação: Message: no such element: Unable to locate element: {"method":"css selector","selector":".priceCard"}
  (Session info: chrome=128.0.6613.119); For documentation on this error, please visit: https://www.selenium.dev/documentation/webdriver/troubleshooting/errors#no-such-element-exception
Stacktrace:
#0 0x55d4017802da <unknown>
#1 0x55d40144e200 <unknown>
#2 0x55d40149daa2 <unknown>
#3 0x55d40149dd41 <unknown>
#4 0x55d401492386 <unknown>
#5 0x55d4014c28fd <unknown>
#6 0x55d401492279 <unknown>
#7 0x55d4014c2a9e <unknown>
#8 0x55d4014e0dfd <unknown>
#9 0x55d4014c2673 <unknown>
#10 0x55d401490473 <unknown>
#11 0x55d40149147e <unknown>
#12 0x55d4017470db <unknown>
#13 0x55d40174b071 <unknown>
#14 0x55d4017339d5 <unknown>
#15 0x55d40174bbf2 <unknown>
#16 0x55d401718b6f <unknown>
#17 0x55d40176f248 <unknown>
#18 0x55d40176f417 <unknown>
#19 0x55d40177f0cc <unknown>
#20 0x7f65c0376ac3 <unknown>

Finalizando o scraping...
-----> FIM DA ITERAÇÃO WHILE <--------


-----> NOVA ITERAÇÃO WHILE <--------
Iniciando Scraping, URL = https://www.kabum.com.br/hardware?page_number=1&page_size=100&facet_filters=&sort=most_searched
Iterando página
update gpu on aws -> {'adm': 'kabum', 'name': 'Memória RAM Kingston Fury Beast, 8GB, 3200MHz, DDR4, CL16, Preto - KF432C16BB/8', 'price': 'R$ 174,99', 'link': 'https://www.kabum.com.br/produto/172365/memoria-ram-kingston-fury-beast-8gb-3200mhz-ddr4-cl16-preto-kf432c16bb-8', 'url_image': 'https://www.kabum.com.br//_next/image?url=https%3A%2F%2Fimages.kabum.com.br%2Fprodutos%2Ffotos%2F172365%2Fmemoria-kingston-fury-beast-8gb-3200mhz-ddr4-cl16-preto-kf432c16bb-8_1626270523_m.jpg&w=384&q=75'}
salvando_historico
update gpu on aws -> {'adm': 'kabum', 'name': 'SSD SATA WD Green, 480GB, 2.5", Leitura: 545MB/s e Gravação: 430MB/s, Preto - WDS480G3G0A', 'price': 'R$ 229,99', 'link': 'https://www.kabum.com.br/produto/338408/ssd-sata-wd-green-480gb-2-5-leitura-545mb-s-e-gravacao-430mb-s-preto-wds480g3g0a', 'url_image': 'https://www.kabum.com.br//_next/image?url=https%3A%2F%2Fimages.kabum.com.br%2Fprodutos%2Ffotos%2F338408%2Fssd-wd-green-480gb-sata-leitura-545mb-s-gravacao-430mb-s-wds480g3g0a_1652465601_m.jpg&w=384&q=75'}
salvando_historico
Iterando página
update gpu on aws -> {'adm': 'kabum', 'name': 'SSD ADATA 1TB, M.2 2280, NVME, PCIe gen 4x4, Leitura: 3.500MB/s e Gravação: 2.800MB/s - ALEG-800-1000GCS', 'price': 'R$ 439,99', 'link': 'https://www.kabum.com.br/produto/593421/ssd-adata-1tb-m-2-2280-nvme-pcie-gen-4x4-leitura-3-500mb-s-e-gravacao-2-800mb-s-aleg-800-1000gcs', 'url_image': 'https://www.kabum.com.br//_next/image?url=https%3A%2F%2Fimages.kabum.com.br%2Fprodutos%2Ffotos%2F593421%2Fssd-pcie-adata-1000gb-nvme-leitura-3-500mb-s-e-gravacao-2-800mb-s-preto-aleg-800-1000gcs_1721848515_m.jpg&w=384&q=75'}
salvando_historico
enviando mensagem pro telegram - Atualização de produto
get ultimo produt
Iterando página
Iterando página
Iterando página
Iterando página
Iterando página
Iterando página
update gpu on aws -> {'adm': 'kabum', 'name': 'Memória RAM Corsair Vengeance RT, RGB, 32GB (2x16GB), 4600MHz, DDR4, CL18, Preto - CMN32GX4M2Z4600C18', 'price': 'R$ 829,99', 'link': 'https://www.kabum.com.br/produto/304911/memoria-ram-corsair-vengeance-rt-rgb-32gb-2x16gb-4600mhz-ddr4-cl18-preto-cmn32gx4m2z4600c18', 'url_image': 'https://www.kabum.com.br//_next/image?url=https%3A%2F%2Fimages.kabum.com.br%2Fprodutos%2Ffotos%2F304911%2Fmemoria-corsair-vengeance-rt-rgb-32gb-2x16gb-4600mhz-ddr4-cl18-preto-cmn32gx4m2z4600c18_1643111217_m.jpg&w=384&q=75'}
salvando_historico
enviando mensagem pro telegram - Atualização de produto
get ultimo produt
Iterando página
Iterando página
Iterando página
update gpu on aws -> {'adm': 'kabum', 'name': 'Placa Mãe Asus TUF GAMING H770-PRO WIFI, Intel, ATX, DDR5, Wi-Fi, Bluetooth - 90MB1D50-M0EAY0', 'price': 'R$ 1.664,99', 'link': 'https://www.kabum.com.br/produto/461372/placa-mae-asus-tuf-gaming-h770-pro-wifi-intel-atx-ddr5-wi-fi-bluetooth-90mb1d50-m0eay0', 'url_image': 'https://www.kabum.com.br//_next/image?url=https%3A%2F%2Fimages.kabum.com.br%2Fprodutos%2Ffotos%2F461372%2Fplaca-mae-asus-tuf-gaming-h770-pro-wifi-intel-atx-ddr5-wi-fi-bluetooth-90mb1d50-m0eay0_1696354040_m.jpg&w=384&q=75'}
salvando_historico
enviando mensagem pro telegram - Atualização de produto
get ultimo produt
Iterando página
Iterando página
Iterando página
Iterando página
update gpu on aws -> {'adm': 'kabum', 'name': 'Fonte Asus ROG-LOKI-1200T-SFX-L-GAMING, 1200W, 80 Plus Titanium, SFX-L, PCIe 5.0, Aura Sync - 90YE00N0-B0BA00', 'price': 'R$ 2.349,99', 'link': 'https://www.kabum.com.br/produto/523068/fonte-asus-rog-loki-1200t-sfx-l-gaming-1200w-80-plus-titanium-sfx-l-pcie-5-0-aura-sync-90ye00n0-b0ba00', 'url_image': 'https://www.kabum.com.br//_next/image?url=https%3A%2F%2Fimages.kabum.com.br%2Fprodutos%2Ffotos%2F523068%2Ffonte-asus-rog-loki-1200t-sfx-l-gaming-1200w-80-plus-titanium-sfx-l-pcie-5-0-aura-sync-90ye00n0-b0ba00_1722024851_m.jpg&w=384&q=75'}
salvando_historico
enviando mensagem pro telegram - Atualização de produto
get ultimo produt
Iterando página
Iterando página
update gpu on aws -> {'adm': 'kabum', 'name': 'Placa Mãe Asus ROG MAXIMUS Z790 FORMULA, INTEL, Z790, ATX, DDR5 - 90MB1FS0-M0EAY0', 'price': 'R$ 5.664,99', 'link': 'https://www.kabum.com.br/produto/521059/placa-mae-asus-rog-maximus-z790-formula-intel-z790-atx-ddr5-90mb1fs0-m0eay0', 'url_image': 'https://www.kabum.com.br//_next/image?url=https%3A%2F%2Fimages.kabum.com.br%2Fprodutos%2Ffotos%2F521059%2Fplaca-mae-asus-rog-maximus-z790-formula-intel-z790-atx-ddr5-90mb1fs0-m0eay0_1716476901_m.jpg&w=384&q=75'}
salvando_historico
enviando mensagem pro telegram - Atualização de produto
get ultimo produt
Iterando página
Iterando página
update gpu on aws -> {'adm': 'kabum', 'name': 'Memória RAM Kingston Fury Beast RGB, 64GB (2x32GB), 5600MHz, DDR5, CL40, para Intel XMP, Preto - KF556C40BBAK2-64', 'price': 'R$ 1.599,99', 'link': 'https://www.kabum.com.br/produto/388091/memoria-ram-kingston-fury-beast-rgb-64gb-2x32gb-5600mhz-ddr5-cl40-para-intel-xmp-preto-kf556c40bbak2-64', 'url_image': 'https://www.kabum.com.br//_next/image?url=https%3A%2F%2Fimages.kabum.com.br%2Fprodutos%2Ffotos%2F388091%2Fmemoria-kingston-fury-beast-rgb-64gb-5600mhz-ddr5-cl40-preto-kf556c40bbak2-64_1666123851_m.jpg&w=384&q=75'}
salvando_historico
enviando mensagem pro telegram - Atualização de produto
get ultimo produt
Iterando página
Iterando página
Iterando página
Iterando página
update gpu on aws -> {'adm': 'kabum', 'name': 'Gravador Dvd Usb Externo Leitor Notebook Pc 3.0 Slim Portátil - Gv02', 'price': 'R$ 149,90', 'link': 'https://www.kabum.com.br/produto/576891/gravador-dvd-usb-externo-leitor-notebook-pc-3-0-slim-portatil-gv02', 'url_image': 'https://www.kabum.com.br//_next/image?url=https%3A%2F%2Fimages.kabum.com.br%2Fprodutos%2Ffotos%2Fsync_mirakl%2F576891%2FGravador-Dvd-Usb-Externo-Leitor-Notebook-Pc-3-0-Slim-Port-til-Gv02_1725637931_m.jpg&w=384&q=75'}
salvando_historico
Iterando página
Iterando página
Iterando página
Iterando página
Iterando página
Iterando página
Iterando página
Iterando página
Iterando página
Iterando página
Iterando página
Iterando página
Iterando página
Iterando página
Iterando página
Iterando página
Iterando página
Iterando página
Iterando página
Iterando página
Iterando página
Iterando página
update gpu on aws -> {'adm': 'kabum', 'name': 'Placa Mãe Gigabyte B550m Ds3h 1.1', 'price': 'R$ 994,56', 'link': 'https://www.kabum.com.br/produto/315000/placa-mae-gigabyte-b550m-ds3h-1-1', 'url_image': 'https://www.kabum.com.br//_next/image?url=https%3A%2F%2Fimages.kabum.com.br%2Fprodutos%2Ffotos%2Fsync_mirakl%2F315000%2FPlaca-M-e-Gigabyte-B550m-Ds3h-1-1_1712768295_m.jpg&w=384&q=75'}
salvando_historico
Iterando página
Iterando página
Iterando página
Iterando página
Iterando página
update gpu on aws -> {'adm': 'kabum', 'name': 'Placa Mãe Msi Pro B660m-a, DDR4, M.2 Lga1700, Wi-fi, HDMI/DP', 'price': 'R$ 6.283,74', 'link': 'https://www.kabum.com.br/produto/398516/placa-mae-msi-pro-b660m-a-ddr4-m-2-lga1700-wi-fi-hdmi-dp', 'url_image': 'https://www.kabum.com.br//_next/image?url=https%3A%2F%2Fimages.kabum.com.br%2Fprodutos%2Ffotos%2Fsync_mirakl%2F398516%2FPlaca-M-e-Msi-Pro-B660m-a-DDR4-M-2-Lga1700-Wi-fi-HDMI-DP_1712768295_m.jpg&w=384&q=75'}
salvando_historico
Iterando página
Iterando página
Iterando página
Iterando página
Iterando página
Iterando página
Iterando página
Iterando página
Iterando página
Iterando página
Iterando página
Iterando página
Iterando página
Iterando página
Iterando página
Iterando página
Iterando página
Iterando página
Iterando página
Iterando página
Iterando página
Iterando página
Iterando página
Iterando página
Iterando página
Iterando página
Iterando página
update gpu on aws -> {'adm': 'kabum', 'name': "Jogo Dragon's Dogma 2 Playstation 5 Midia Fisica Original", 'price': 'R$ 336,90', 'link': 'https://www.kabum.com.br/produto/550449/jogo-dragon-s-dogma-2-playstation-5-midia-fisica-original', 'url_image': 'https://www.kabum.com.br//_next/image?url=https%3A%2F%2Fimages.kabum.com.br%2Fprodutos%2Ffotos%2Fsync_mirakl%2F550449%2FJogo-Dragon-s-Dogma-2-Playstation-5-Midia-Fisica-Original_1725915371_m.jpg&w=384&q=75'}
salvando_historico
Iterando página
Iterando página
Iterando página
Iterando página
Iterando página
Iterando página
Iterando página
Iterando página
Iterando página
Iterando página
Iterando página
Iterando página
Iterando página
Iterando página
Iterando página
Iterando página
Iterando página
Iterando página
Erro na paginação: Message: element not interactable
  (Session info: chrome=128.0.6613.119)
Stacktrace:
#0 0x5620e81882da <unknown>
#1 0x5620e7e56041 <unknown>
#2 0x5620e7ea6d3f <unknown>
#3 0x5620e7e9a8c6 <unknown>
#4 0x5620e7eca8d2 <unknown>
#5 0x5620e7e9a279 <unknown>
#6 0x5620e7ecaa9e <unknown>
#7 0x5620e7ee8dfd <unknown>
#8 0x5620e7eca673 <unknown>
#9 0x5620e7e98473 <unknown>
#10 0x5620e7e9947e <unknown>
#11 0x5620e814f0db <unknown>
#12 0x5620e8153071 <unknown>
#13 0x5620e813b9d5 <unknown>
#14 0x5620e8153bf2 <unknown>
#15 0x5620e8120b6f <unknown>
#16 0x5620e8177248 <unknown>
#17 0x5620e8177417 <unknown>
#18 0x5620e81870cc <unknown>
#19 0x7f6a43baeac3 <unknown>

Finalizando o scraping...
-----> FIM DA ITERAÇÃO WHILE <--------


-----> NOVA ITERAÇÃO WHILE <--------
Iniciando Scraping, URL = https://www.kabum.com.br/hardware?page_number=1&page_size=100&facet_filters=&sort=most_searched
Iterando página
update gpu on aws -> {'adm': 'kabum', 'name': 'Fonte MSI MAG A650BN, 650W, 80 Plus Bronze, PFC Ativo, Com Cabo, Preto - 306-7ZP2B22-CE0', 'price': 'R$ 294,99', 'link': 'https://www.kabum.com.br/produto/369658/fonte-msi-mag-a650bn-650w-80-plus-bronze-pfc-ativo-com-cabo-preto-306-7zp2b22-ce0', 'url_image': 'https://www.kabum.com.br//_next/image?url=https%3A%2F%2Fimages.kabum.com.br%2Fprodutos%2Ffotos%2F369658%2Ffonte-msi-mag-a650bn-atx-650w-80-plus-bronze-pfc-ativo-entrada-bivolt-preto-306-7zp2b22-ce0_1665770996_m.jpg&w=384&q=75'}
salvando_historico
Iterando página
update gpu on aws -> {'adm': 'kabum', 'name': 'SSD 512GB KBM! Gaming, SATA III, Leitura 520 MB/s, Gravação 450 MB/s - KGSSD110512', 'price': 'R$ 259,99', 'link': 'https://www.kabum.com.br/produto/538706/ssd-512gb-kbm-gaming-sata-iii-leitura-520-mb-s-gravacao-450-mb-s-kgssd110512', 'url_image': 'https://www.kabum.com.br//_next/image?url=https%3A%2F%2Fimages.kabum.com.br%2Fprodutos%2Ffotos%2F538706%2Fssd-512gb-kbm-gaming-sata-iii-leitura-520-mb-s-gravacao-450-mb-s-kgssd110512_1718387474_m.jpg&w=384&q=75'}
salvando_historico
enviando mensagem pro telegram - Atualização de produto
get ultimo produt
update gpu on aws -> {'adm': 'kabum', 'name': 'Memória RAM para Notebook Corsair Vengeance, 16GB, 4800MHz, DDR5, CL40, Preto - CMSX16GX5M1A4800C40', 'price': 'R$ 389,99', 'link': 'https://www.kabum.com.br/produto/382756/memoria-ram-para-notebook-corsair-vengeance-16gb-4800mhz-ddr5-cl40-preto-cmsx16gx5m1a4800c40', 'url_image': 'https://www.kabum.com.br//_next/image?url=https%3A%2F%2Fimages.kabum.com.br%2Fprodutos%2Ffotos%2F382756%2Fmemoria-corsair-vengeance-ddr5-sodimm-16gb-4800mhz-ddr5-c40-preto-cmsx16gx5m1a4800c40_1665495453_m.jpg&w=384&q=75'}
salvando_historico
update gpu on aws -> {'adm': 'kabum', 'name': 'Placa-Mãe MSI B450M Pro-VDH Max p/ AMD AM4, m-ATX, DDR4', 'price': 'R$ 529,99', 'link': 'https://www.kabum.com.br/produto/108499/placa-mae-msi-b450m-pro-vdh-max-p-amd-am4-m-atx-ddr4', 'url_image': 'https://www.kabum.com.br//_next/image?url=https%3A%2F%2Fimages.kabum.com.br%2Fprodutos%2Ffotos%2F108499%2Fplaca-mae-msi-b450m-pro-vdh-max-p-amd-am4-m-atx-ddr4-_1576079415_m.jpg&w=384&q=75'}
salvando_historico
enviando mensagem pro telegram - Atualização de produto
get ultimo produt
Iterando página
update gpu on aws -> {'adm': 'kabum', 'name': 'Placa de Vídeo RTX 4060 Ti Click OC Galax NVIDIA GeForce, 8 GB GDDR6, DLSS, Ray Tracing - 46ISL8MD8COC', 'price': 'R$ 2.899,99', 'link': 'https://www.kabum.com.br/produto/462199/placa-de-video-rtx-4060-ti-click-oc-galax-nvidia-geforce-8-gb-gddr6-dlss-ray-tracing-46isl8md8coc', 'url_image': 'https://www.kabum.com.br//_next/image?url=https%3A%2F%2Fimages.kabum.com.br%2Fprodutos%2Ffotos%2F462199%2Fplaca-de-video-rtx-4060-ti-click-oc-galax-nvidia-geforce-8-gb-gddr6-dlss-ray-tracing-46isl8md8coc_1684931957_m.jpg&w=384&q=75'}
salvando_historico
Iterando página
update gpu on aws -> {'adm': 'kabum', 'name': 'Memória RAM Kingston Fury Beast, RGB, 32GB (2x16GB), 6000MHz, DDR5, CL40, Preto - KF560C40BBAK2-32', 'price': 'R$ 1.089,99', 'link': 'https://www.kabum.com.br/produto/388095/memoria-ram-kingston-fury-beast-rgb-32gb-2x16gb-6000mhz-ddr5-cl40-preto-kf560c40bbak2-32', 'url_image': 'https://www.kabum.com.br//_next/image?url=https%3A%2F%2Fimages.kabum.com.br%2Fprodutos%2Ffotos%2F388095%2Fmemoria-kingston-fury-beast-rgb-32gb-6000mhz-ddr5-cl40-preto-kf560c40bbak2-32_1666094293_m.jpg&w=384&q=75'}
salvando_historico
enviando mensagem pro telegram - Atualização de produto
get ultimo produt
update gpu on aws -> {'adm': 'kabum', 'name': 'Fonte XPG Kyber, 750W, 80 Plus Gold, Com Cabo, Preto - KYBER750G-BKCBR', 'price': 'R$ 479,99', 'link': 'https://www.kabum.com.br/produto/471344/fonte-xpg-kyber-750w-80-plus-gold-com-cabo-preto-kyber750g-bkcbr', 'url_image': 'https://www.kabum.com.br//_next/image?url=https%3A%2F%2Fimages.kabum.com.br%2Fprodutos%2Ffotos%2F471344%2Ffonte-xpg-kyber-750w-80-plus-gold-bivolt-preto-kyber750g-bkcbr_1698676190_m.jpg&w=384&q=75'}
salvando_historico
Iterando página
update gpu on aws -> {'adm': 'kabum', 'name': 'Memória RAM XPG Gammix D10, 16GB, 3200MHz, DDR4, CL16, Preto - AX4U320016G16A-SB10', 'price': 'R$ 299,99', 'link': 'https://www.kabum.com.br/produto/156634/memoria-ram-xpg-gammix-d10-16gb-3200mhz-ddr4-cl16-preto-ax4u320016g16a-sb10', 'url_image': 'https://www.kabum.com.br//_next/image?url=https%3A%2F%2Fimages.kabum.com.br%2Fprodutos%2Ffotos%2F156634%2Fmemoria-xpg-gammix-d10-16gb-3200mhz-ddr4-cl-16-preto-ax4u320016g16a-sb10_1623955437_m.jpg&w=384&q=75'}
salvando_historico
Iterando página
Iterando página
update gpu on aws -> {'adm': 'kabum', 'name': 'Memória RAM Corsair Vengeance, 32GB, 5200MHz, DDR5, CL40, Preto - CMK32GX5M1B5200C40', 'price': 'R$ 649,99', 'link': 'https://www.kabum.com.br/produto/388478/memoria-ram-corsair-vengeance-32gb-5200mhz-ddr5-cl40-preto-cmk32gx5m1b5200c40', 'url_image': 'https://www.kabum.com.br//_next/image?url=https%3A%2F%2Fimages.kabum.com.br%2Fprodutos%2Ffotos%2F388478%2Fmemoria-corsair-vengeance-32gb-5200mhz-ddr5-c40-preto-cmk32gx5m1b5200c40_1710780987_m.jpg&w=384&q=75'}
salvando_historico
enviando mensagem pro telegram - Atualização de produto
get ultimo produt
update gpu on aws -> {'adm': 'kabum', 'name': 'SSD SATA Kingston KC600, 512GB, 2.5", Leitura: 550MB/s e Gravação: 520MB/s, Preto - SKC600/512G', 'price': 'R$ 449,99', 'link': 'https://www.kabum.com.br/produto/107339/ssd-sata-kingston-kc600-512gb-2-5-leitura-550mb-s-e-gravacao-520mb-s-preto-skc600-512g', 'url_image': 'https://www.kabum.com.br//_next/image?url=https%3A%2F%2Fimages.kabum.com.br%2Fprodutos%2Ffotos%2F107339%2Fssd-kingston-kc600-512gb-sata-leitura-550mb-s-gravacao-520mb-s-skc600-512g_ssd-kingston-kc600-512gb-sata-leitura-550mb-s-gravacao-520mb-s-skc600-512g_1572360204_m.jpg&w=384&q=75'}
salvando_historico
enviando mensagem pro telegram - Atualização de produto
get ultimo produt
Iterando página
Iterando página
update gpu on aws -> {'adm': 'kabum', 'name': 'Processador Intel Core i5-12400, 2.5GHz (4.4GHz Max Turbo), Cache 18MB, LGA 1700 - BX8071512400', 'price': 'R$ 979,99', 'link': 'https://www.kabum.com.br/produto/283713/processador-intel-core-i5-12400-2-5ghz-4-4ghz-max-turbo-cache-18mb-lga-1700-bx8071512400', 'url_image': 'https://www.kabum.com.br//_next/image?url=https%3A%2F%2Fimages.kabum.com.br%2Fprodutos%2Ffotos%2F283713%2Fprocessador-intel-core-i5-12400-cache-xmb-xghz-xghz-max-turbo-lga-1700-bx8071512400_1640031464_m.jpg&w=384&q=75'}
salvando_historico
Iterando página
Iterando página
Iterando página
Iterando página
Iterando página
Iterando página
Iterando página
Iterando página
Iterando página
Iterando página
Iterando página
Iterando página
Iterando página
Iterando página
Iterando página
Iterando página
update gpu on aws -> {'adm': 'kabum', 'name': 'Air Cooler Deepcool Gammaxx Ag400 ArGB, Led RGB, 120mm, Intel/amd - R-ag400-bkanmc-g-1', 'price': 'R$ 216,48', 'link': 'https://www.kabum.com.br/produto/446573/air-cooler-deepcool-gammaxx-ag400-argb-led-rgb-120mm-intel-amd-r-ag400-bkanmc-g-1', 'url_image': 'https://www.kabum.com.br//_next/image?url=https%3A%2F%2Fimages.kabum.com.br%2Fprodutos%2Ffotos%2Fsync_mirakl%2F446573%2FAir-Cooler-Deepcool-Gammaxx-Ag400-ArGB-Led-RGB-120mm-Intel-amd-R-ag400-bkanmc-g-1_1720040936_m.jpg&w=384&q=75'}
salvando_historico
Iterando página
Iterando página
Iterando página
Iterando página
Iterando página
Iterando página
Iterando página
Iterando página
Iterando página
Iterando página
Iterando página
Iterando página
Iterando página
Iterando página
Iterando página
Iterando página
Iterando página
Iterando página
Iterando página
Iterando página
update gpu on aws -> {'adm': 'kabum', 'name': 'Placa Mãe Gigabyte B550m Ds3h 1.1', 'price': 'R$ 911,05', 'link': 'https://www.kabum.com.br/produto/315000/placa-mae-gigabyte-b550m-ds3h-1-1', 'url_image': 'https://www.kabum.com.br//_next/image?url=https%3A%2F%2Fimages.kabum.com.br%2Fprodutos%2Ffotos%2Fsync_mirakl%2F315000%2FPlaca-M-e-Gigabyte-B550m-Ds3h-1-1_1712768295_m.jpg&w=384&q=75'}
salvando_historico
enviando mensagem pro telegram - Atualização de produto
get ultimo produt
Iterando página
Iterando página
Iterando página
Iterando página
Iterando página
Iterando página
Iterando página
Iterando página
Iterando página
Iterando página
Iterando página
Iterando página
Iterando página
Iterando página
Iterando página
Iterando página
Iterando página
Iterando página
Iterando página
Iterando página
Iterando página
Iterando página
Iterando página
Iterando página
Iterando página
Erro na paginação: Message: 
Stacktrace:
#0 0x559a12bf62da <unknown>
#1 0x559a128c4200 <unknown>
#2 0x559a12913aa2 <unknown>
#3 0x559a12913d41 <unknown>
#4 0x559a12959964 <unknown>
#5 0x559a129388fd <unknown>
#6 0x559a12956dfd <unknown>
#7 0x559a12938673 <unknown>
#8 0x559a12906473 <unknown>
#9 0x559a1290747e <unknown>
#10 0x559a12bbd0db <unknown>
#11 0x559a12bc1071 <unknown>
#12 0x559a12ba99d5 <unknown>
#13 0x559a12bc1bf2 <unknown>
#14 0x559a12b8eb6f <unknown>
#15 0x559a12be5248 <unknown>
#16 0x559a12be5417 <unknown>
#17 0x559a12bf50cc <unknown>
#18 0x7f00e83faac3 <unknown>

Finalizando o scraping...
-----> FIM DA ITERAÇÃO WHILE <--------


-----> NOVA ITERAÇÃO WHILE <--------
Iniciando Scraping, URL = https://www.kabum.com.br/hardware?page_number=1&page_size=100&facet_filters=&sort=most_searched
Iterando página
update gpu on aws -> {'adm': 'kabum', 'name': 'Water Cooler Rise Mode Gamer Black, RGB, 240mm, AMD/Intel, Preto - RM-WCB-02-RGB', 'price': 'R$ 149,99', 'link': 'https://www.kabum.com.br/produto/130043/water-cooler-rise-mode-gamer-black-rgb-240mm-amd-intel-preto-rm-wcb-02-rgb', 'url_image': 'https://www.kabum.com.br//_next/image?url=https%3A%2F%2Fimages.kabum.com.br%2Fprodutos%2Ffotos%2F130043%2Fwater-cooler-rise-mode-gamer-black-rgb-240mm-preto-rm-wcb-02-rgb_1663776681_m.jpg&w=384&q=75'}
salvando_historico
Iterando página
update gpu on aws -> {'adm': 'kabum', 'name': 'Water Cooler Corsair H150 RGB, 360mm, AMD/Intel, Preto - CW-9060054-WW', 'price': 'R$ 599,99', 'link': 'https://www.kabum.com.br/produto/162466/water-cooler-corsair-h150-rgb-360mm-amd-intel-preto-cw-9060054-ww', 'url_image': 'https://www.kabum.com.br//_next/image?url=https%3A%2F%2Fimages.kabum.com.br%2Fprodutos%2Ffotos%2F162466%2Fwater-cooler-corsair-h150-rgb-intel-amd-360mm-3x-120mm-preto-cw-9060054-ww_1636559275_m.jpg&w=384&q=75'}
salvando_historico
enviando mensagem pro telegram - Atualização de produto
get ultimo produt
insert produto on aws -> {'adm': 'kabum', 'name': 'Memória RAM Corsair Vengeance, 16GB, DDR5 5200MHz, CL40, Preto - CMK16GX5M1B5200C40', 'price': 'R$ 429,99', 'link': 'https://www.kabum.com.br/produto/363887/memoria-ram-corsair-vengeance-16gb-ddr5-5200mhz-cl40-preto-cmk16gx5m1b5200c40', 'url_image': 'https://www.kabum.com.br//_next/image?url=https%3A%2F%2Fimages.kabum.com.br%2Fprodutos%2Ffotos%2F363887%2Fmemoria-gamer-corsair-vengeance-rgb-16gb-ddr5-5600mhz-preto-cmk16gx5m1b5200c40_1659711446_m.jpg&w=384&q=75'}
enviando mensagem pro telegram - Novo produto
get ultimo produt
update gpu on aws -> {'adm': 'kabum', 'name': 'Placa Mãe Asus TUF GAMING A620M-PLUS WIFI, AMD AM5, mATX, DDR5, Wi-Fi, Bluetooth - 90MB1F00-M0EAY0', 'price': 'R$ 949,99', 'link': 'https://www.kabum.com.br/produto/461377/placa-mae-asus-tuf-gaming-a620m-plus-wifi-amd-am5-matx-ddr5-wi-fi-bluetooth-90mb1f00-m0eay0', 'url_image': 'https://www.kabum.com.br//_next/image?url=https%3A%2F%2Fimages.kabum.com.br%2Fprodutos%2Ffotos%2F461377%2Fplaca-mae-asus-tuf-gaming-a620m-plus-wifi-amd-am5-matx-ddr5-wi-fi-bluetooth-90mb1f00-m0eay0_1696363566_m.jpg&w=384&q=75'}
salvando_historico
enviando mensagem pro telegram - Atualização de produto
get ultimo produt
Iterando página
Iterando página
insert produto on aws -> {'adm': 'kabum', 'name': 'Placa de Vídeo Galax GT 210 Nvidia GeForce 1GB, DDR3, 64-bits - 21GGF4HI00NP', 'price': 'R$ 112,90', 'link': 'https://www.kabum.com.br/produto/191932/placa-de-video-galax-gt-210-nvidia-geforce-1gb-ddr3-64-bits-21ggf4hi00np', 'url_image': 'https://www.kabum.com.br//_next/image?url=https%3A%2F%2Fimages.kabum.com.br%2Fprodutos%2Ffotos%2Fsync_mirakl%2F191932%2FPlaca-de-V-deo-Galax-GT-210-Nvidia-GeForce-1GB-DDR3-64-bits-21GGF4HI00NP_1726487298_m.jpg&w=384&q=75'}
enviando mensagem pro telegram - Novo produto
get ultimo produt
update gpu on aws -> {'adm': 'kabum', 'name': 'Placa Mãe Asus TUF Gaming B650M-Plus Wi-Fi, AMD AM5 B650, mATX, DDR5, Wi-Fi - 90MB1BF0-M0EAY0', 'price': 'R$ 1.449,99', 'link': 'https://www.kabum.com.br/produto/392051/placa-mae-asus-tuf-gaming-b650m-plus-wi-fi-amd-am5-b650-matx-ddr5-wi-fi-90mb1bf0-m0eay0', 'url_image': 'https://www.kabum.com.br//_next/image?url=https%3A%2F%2Fimages.kabum.com.br%2Fprodutos%2Ffotos%2F392051%2Fplaca-mae-asus-tuf-gaming-b650m-plus-wifi-amd-am5-b650-matx-ddr5-90mb1bf0-m0eay0_1667216583_m.jpg&w=384&q=75'}
salvando_historico
enviando mensagem pro telegram - Atualização de produto
get ultimo produt
Iterando página
Iterando página
Iterando página
update gpu on aws -> {'adm': 'kabum', 'name': 'Placa de Vídeo RTX 4070 Super ASUS TUF 12G Gaming OC NVIDIA GeForce, 12GB GDDR6X, DLSS, Ray Tracing, - TUF-RTX4070S-O12G-GAMING', 'price': 'R$ 5.299,99', 'link': 'https://www.kabum.com.br/produto/517001/placa-de-video-rtx-4070-super-asus-tuf-12g-gaming-oc-nvidia-geforce-12gb-gddr6x-dlss-ray-tracing-tuf-rtx4070s-o12g-gaming', 'url_image': 'https://www.kabum.com.br//_next/image?url=https%3A%2F%2Fimages.kabum.com.br%2Fprodutos%2Ffotos%2F517001%2Fplaca-de-video-rtx4070s-tuf-o12g-gaming-asus-90yv0k80-m0na00_1705437576_m.jpg&w=384&q=75'}
salvando_historico
Iterando página
insert produto on aws -> {'adm': 'kabum', 'name': 'Memória Kingston, 8GB, 1333Mhz, DDR3, PC3-10600, Para PC - 0761 - KVR1333D3N98G', 'price': 'R$ 120,00', 'link': 'https://www.kabum.com.br/produto/184782/memoria-kingston-8gb-1333mhz-ddr3-pc3-10600-para-pc-0761-kvr1333d3n98g', 'url_image': 'https://www.kabum.com.br//_next/image?url=https%3A%2F%2Fimages.kabum.com.br%2Fprodutos%2Ffotos%2Fsync_mirakl%2F184782%2FMem-ria-Kingston-8GB-1333Mhz-DDR3-PC3-10600-Para-PC-0761-KVR1333D3N98G_1725566960_m.jpg&w=384&q=75'}
enviando mensagem pro telegram - Novo produto
get ultimo produt
Iterando página
Iterando página
update gpu on aws -> {'adm': 'kabum', 'name': 'Pasta Térmica Cooler Master E2 IC Essential, 1.5ml, Dourado - RG-ICE2-TA15-R1', 'price': 'R$ 26,99', 'link': 'https://www.kabum.com.br/produto/35959/pasta-termica-cooler-master-e2-ic-essential-1-5ml-dourado-rg-ice2-ta15-r1', 'url_image': 'https://www.kabum.com.br//_next/image?url=https%3A%2F%2Fimages.kabum.com.br%2Fprodutos%2Ffotos%2F35959%2F35959_index_m.jpg&w=384&q=75'}
salvando_historico
Iterando página
update gpu on aws -> {'adm': 'kabum', 'name': 'Placa Mae Asus ROG Strix X670E-F Gaming Wi-Fi, AMD X670, AM5, DDR5 - 90MB1BA0-M0EAY0', 'price': 'R$ 3.954,98', 'link': 'https://www.kabum.com.br/produto/376218/placa-mae-asus-rog-strix-x670e-f-gaming-wi-fi-amd-x670-am5-ddr5-90mb1ba0-m0eay0', 'url_image': 'https://www.kabum.com.br//_next/image?url=https%3A%2F%2Fimages.kabum.com.br%2Fprodutos%2Ffotos%2F376218%2Fplaca-mae-asus-rog-strix-x670e-f-gaming-wifi-amd-x670-am5-ddr5-90mb1ba0-m0eay0_1668176712_m.jpg&w=384&q=75'}
salvando_historico
update gpu on aws -> {'adm': 'kabum', 'name': 'Fonte MSI MEG Ai1300P, 1300W, 80 Plus Platinum, Modular, PFC Ativo, Bivolt, Preto - MEG Ai1300P PCIE5', 'price': 'R$ 1.999,98', 'link': 'https://www.kabum.com.br/produto/508037/fonte-msi-meg-ai1300p-1300w-80-plus-platinum-modular-pfc-ativo-bivolt-preto-meg-ai1300p-pcie5', 'url_image': 'https://www.kabum.com.br//_next/image?url=https%3A%2F%2Fimages.kabum.com.br%2Fprodutos%2Ffotos%2F508037%2Ffonte-msi-meg-ai1300p-1300w-80-plus-platina-modular-pfc-ativo-bivolt-preto-meg-ai1300p-pcie5_1710333398_m.jpg&w=384&q=75'}
salvando_historico
update gpu on aws -> {'adm': 'kabum', 'name': 'SSD Gigabyte AORUS Gen4 7300 2TB, PCI Express 4.0 x4, NVMe 1.4, Leitura:7300MB/s e Gravação:6850MB/s - AG4732TB', 'price': 'R$ 1.399,99', 'link': 'https://www.kabum.com.br/produto/485005/ssd-gigabyte-aorus-gen4-7300-2tb-pci-express-4-0-x4-nvme-1-4-leitura-7300mb-s-e-gravacao-6850mb-s-ag4732tb', 'url_image': 'https://www.kabum.com.br//_next/image?url=https%3A%2F%2Fimages.kabum.com.br%2Fprodutos%2Ffotos%2F485005%2Fssd-gigabyte-aorus-gen4-7300-2tb-pci-express-4-0-x4-nvme-1-4-leitura-7300mb-s-e-gravacao-6850mb-s-ag4732tb_1699538311_m.jpg&w=384&q=75'}
salvando_historico
update gpu on aws -> {'adm': 'kabum', 'name': 'Memória RAM Husky Gaming Storm RGB, 8GB, 3200MHz, DDR4 - CL22, Dourada - HGMF019', 'price': 'R$ 199,99', 'link': 'https://www.kabum.com.br/produto/454444/memoria-ram-husky-gaming-storm-rgb-8gb-3200mhz-ddr4-cl22-dourada-hgmf019', 'url_image': 'https://www.kabum.com.br//_next/image?url=https%3A%2F%2Fimages.kabum.com.br%2Fprodutos%2Ffotos%2F454444%2Fmemoria-husky-gaming-storm-rgb-8gb-3200mhz-ddr4-cl22-dourada-hgmf019_1691158365_m.jpg&w=384&q=75'}
salvando_historico
update gpu on aws -> {'adm': 'kabum', 'name': 'HD Externo WD 1TB Elements, USB 3.0, Preto - WDBUZG0010BBK', 'price': 'R$ 454,99', 'link': 'https://www.kabum.com.br/produto/66405/hd-externo-wd-1tb-elements-usb-3-0-preto-wdbuzg0010bbk', 'url_image': 'https://www.kabum.com.br//_next/image?url=https%3A%2F%2Fimages.kabum.com.br%2Fprodutos%2Ffotos%2F66405%2F66405_1439816331_m.jpg&w=384&q=75'}
salvando_historico
Iterando página
update gpu on aws -> {'adm': 'kabum', 'name': 'Placa Mãe ASRock B550M Phantom Gaming 4, AMD B550, mATX, DDR4 - 90-MXBE9*', 'price': 'R$ 884,99', 'link': 'https://www.kabum.com.br/produto/525051/placa-mae-asrock-b550m-phantom-gaming-4-amd-b550-matx-ddr4-90-mxbe9-', 'url_image': 'https://www.kabum.com.br//_next/image?url=https%3A%2F%2Fimages.kabum.com.br%2Fprodutos%2Ffotos%2F525051%2Fplaca-mae-asrock-b550m-phantom-gaming-4-amd-b550-matx-ddr4-90-mxbe9-_1718718634_m.jpg&w=384&q=75'}
salvando_historico
update gpu on aws -> {'adm': 'kabum', 'name': 'HD WD Externo Portátil My Passport, 2TB, USB 3.2, Vermelho - WDBYVG0020BRD-WESN', 'price': 'R$ 579,99', 'link': 'https://www.kabum.com.br/produto/108062/hd-wd-externo-portatil-my-passport-2tb-usb-3-2-vermelho-wdbyvg0020brd-wesn', 'url_image': 'https://www.kabum.com.br//_next/image?url=https%3A%2F%2Fimages.kabum.com.br%2Fprodutos%2Ffotos%2F108062%2Fhd-wd-externo-portatil-my-passport-2tb-usb-3-0-vermelho-wdbyvg0020brd-wesn_hd-wd-externo-portatil-my-passport-2tb-usb-3-0-vermelho-wdbyvg0020brd-wesn_1573648569_m.jpg&w=384&q=75'}
salvando_historico
update gpu on aws -> {'adm': 'kabum', 'name': 'Kit Com 3 Ventoinhas NZXT, 120mm, RGB, Branco - RF-R12TF-W1', 'price': 'R$ 489,99', 'link': 'https://www.kabum.com.br/produto/369239/kit-com-3-ventoinhas-nzxt-120mm-rgb-branco-rf-r12tf-w1', 'url_image': 'https://www.kabum.com.br//_next/image?url=https%3A%2F%2Fimages.kabum.com.br%2Fprodutos%2Ffotos%2F369239%2Fkit-3-cooler-fan-nzxt-120mm-rgb-branco-rf-r12tf-w1_1667925640_m.jpg&w=384&q=75'}
salvando_historico
update gpu on aws -> {'adm': 'kabum', 'name': 'Water Cooler MSI Mag Coreliquid E240, ARGB, 240mm, Intel/AMD, Preto - MAG CORELIQUID E240', 'price': 'R$ 700,00', 'link': 'https://www.kabum.com.br/produto/524435/water-cooler-msi-mag-coreliquid-e240-argb-240mm-intel-amd-preto-mag-coreliquid-e240', 'url_image': 'https://www.kabum.com.br//_next/image?url=https%3A%2F%2Fimages.kabum.com.br%2Fprodutos%2Ffotos%2F524435%2Fwater-cooler-msi-mag-coreliquid-e240-argb-240mm-intel-amd-preto-mag-coreliquid-e240_1713809616_m.jpg&w=384&q=75'}
salvando_historico
update gpu on aws -> {'adm': 'kabum', 'name': 'Memória RAM Husky Gaming Blizzard RGB, 16GB, 3600MHz, DDR4 - CL26, Dourada - HGMF028', 'price': 'R$ 319,99', 'link': 'https://www.kabum.com.br/produto/454461/memoria-ram-husky-gaming-blizzard-rgb-16gb-3600mhz-ddr4-cl26-dourada-hgmf028', 'url_image': 'https://www.kabum.com.br//_next/image?url=https%3A%2F%2Fimages.kabum.com.br%2Fprodutos%2Ffotos%2F454461%2Fmemoria-husky-gaming-blizzard-rgb-16gb-3600mhz-ddr4-cl26-dourada-hgmf028_1696871808_m.jpg&w=384&q=75'}
salvando_historico
update gpu on aws -> {'adm': 'kabum', 'name': 'Fonte KBM! GAMING FN750, 750W, 80 Plus e Cybenetics Gold, PFC Ativo, Full Modular, Bivolt - KGFN75075PT', 'price': 'R$ 707,58', 'link': 'https://www.kabum.com.br/produto/472037/fonte-kbm-gaming-fn750-750w-80-plus-e-cybenetics-gold-pfc-ativo-full-modular-bivolt-kgfn75075pt', 'url_image': 'https://www.kabum.com.br//_next/image?url=https%3A%2F%2Fimages.kabum.com.br%2Fprodutos%2Ffotos%2F472037%2Ffonte-kbm-gaming-fn750-750w-80-plus-e-cybenetics-gold-pfc-ativo-full-modular-bivolt-kgfn75075pt_1723556203_m.jpg&w=384&q=75'}
salvando_historico
update gpu on aws -> {'adm': 'kabum', 'name': 'Air Cooler Cooler Master MasterAir MA824 Stealth, Intel-AMD, 120mm, Preto - MAM-D8PN-318PK-R1', 'price': 'R$ 799,98', 'link': 'https://www.kabum.com.br/produto/472542/air-cooler-cooler-master-masterair-ma824-stealth-intel-amd-120mm-preto-mam-d8pn-318pk-r1', 'url_image': 'https://www.kabum.com.br//_next/image?url=https%3A%2F%2Fimages.kabum.com.br%2Fprodutos%2Ffotos%2F472542%2Fcooler-para-processador-cooler-master-masterair-ma824-stealth-rgb-intel-amd-120mm-preto-mam-d8pn-318pk-r1_1690222672_m.jpg&w=384&q=75'}
salvando_historico
update gpu on aws -> {'adm': 'kabum', 'name': 'Water Cooler Cooler Master Masterliquid ML120L V2, 120mm, AMD/Intel, Preto - MLW-D12M-A18PK-R2', 'price': 'R$ 439,99', 'link': 'https://www.kabum.com.br/produto/129927/water-cooler-cooler-master-masterliquid-ml120l-v2-120mm-amd-intel-preto-mlw-d12m-a18pk-r2', 'url_image': 'https://www.kabum.com.br//_next/image?url=https%3A%2F%2Fimages.kabum.com.br%2Fprodutos%2Ffotos%2F129927%2Fwater-cooler-cooler-master-masterliquid-ml120l-v2-120mm-rgb-mlw-d12m-a18pk-r2_1604694642_m.jpg&w=384&q=75'}
salvando_historico
update gpu on aws -> {'adm': 'kabum', 'name': 'Memória RAM Kingston Fury Beast, 128GB (4x32GB), 5600MHz, DDR5, CL40,para Intel XMP, Preto - KF556C40BBK4-128', 'price': 'R$ 3.699,99', 'link': 'https://www.kabum.com.br/produto/452733/memoria-ram-kingston-fury-beast-128gb-4x32gb-5600mhz-ddr5-cl40-para-intel-xmp-preto-kf556c40bbk4-128', 'url_image': 'https://www.kabum.com.br//_next/image?url=https%3A%2F%2Fimages.kabum.com.br%2Fprodutos%2Ffotos%2F452733%2Fmemoria-kingston-fury-beast-para-intel-xmp-128gb-4x32gb-5600mhz-ddr5-cl40-preto-kf556c40bbk4-128_1688753455_m.jpg&w=384&q=75'}
salvando_historico
update gpu on aws -> {'adm': 'kabum', 'name': 'Water Cooler NZXT Kraken Elite 240, 240mm, AMD/Intel, Preto - RL-KN24E-B1', 'price': 'R$ 1.799,99', 'link': 'https://www.kabum.com.br/produto/415803/water-cooler-nzxt-kraken-elite-240-240mm-amd-intel-preto-rl-kn24e-b1', 'url_image': 'https://www.kabum.com.br//_next/image?url=https%3A%2F%2Fimages.kabum.com.br%2Fprodutos%2Ffotos%2F415803%2Fwater-cooler-nzxt-kraken-elite-240-240mm-c-display-e-radiator-fans-preto-rl-kn24e-b1_1685642333_m.jpg&w=384&q=75'}
salvando_historico
update gpu on aws -> {'adm': 'kabum', 'name': 'Placa Mãe Asus ROG STRIX Z790-A GAMING WIFI II, INTEL, Z790, ATX, DDR5 - 90MB1FN0-M0AAY0', 'price': 'R$ 3.774,99', 'link': 'https://www.kabum.com.br/produto/521062/placa-mae-asus-rog-strix-z790-a-gaming-wifi-ii-intel-z790-atx-ddr5-90mb1fn0-m0aay0', 'url_image': 'https://www.kabum.com.br//_next/image?url=https%3A%2F%2Fimages.kabum.com.br%2Fprodutos%2Ffotos%2F521062%2Fplaca-mae-asus-rog-strix-z790-a-gaming-wifi-ii-intel-z790-atx-ddr5-90mb1fn0-m0aay0_1723750263_m.jpg&w=384&q=75'}
salvando_historico
update gpu on aws -> {'adm': 'kabum', 'name': 'Fonte EVGA 650 B5, 650W, 80 Plus Bronze, Full Modular, EVGA ECO Mode, Tamanho Compacto 150mm Size - 220-B5-0650-V1', 'price': 'R$ 749,99', 'link': 'https://www.kabum.com.br/produto/518022/fonte-evga-650-b5-650w-80-plus-bronze-full-modular-evga-eco-mode-tamanho-compacto-150mm-size-220-b5-0650-v1', 'url_image': 'https://www.kabum.com.br//_next/image?url=https%3A%2F%2Fimages.kabum.com.br%2Fprodutos%2Ffotos%2F518022%2Ffonte-evga-650-b5-650w-80-plus-bronze-full-modular-evga-eco-mode-tamanho-compacto-150mm-size-220-b5-0650-v_1714410751_m.jpg&w=384&q=75'}
salvando_historico
update gpu on aws -> {'adm': 'kabum', 'name': 'Water Cooler Corsair H100i Elite, RGB, 240mm, AMD/Intel, Branco - CW-9060078-WW', 'price': 'R$ 859,99', 'link': 'https://www.kabum.com.br/produto/496665/water-cooler-corsair-h100i-elite-rgb-240mm-amd-intel-branco-cw-9060078-ww', 'url_image': 'https://www.kabum.com.br//_next/image?url=https%3A%2F%2Fimages.kabum.com.br%2Fprodutos%2Ffotos%2F496665%2Fwater-cooler-corsair-h100i-rgb-elite-branco-16-leds-rgb-dinamicos-ventoinhas-af120-elite-pwm-cw-9060078-ww_1706641967_m.jpg&w=384&q=75'}
salvando_historico
Iterando página
update gpu on aws -> {'adm': 'kabum', 'name': 'Placa Mãe Asus ROG MAXIMUS Z790 DARK HERO, INTEL, Z790, ATX, DDR5 - 90MB1F90-M0EAY0', 'price': 'R$ 6.229,99', 'link': 'https://www.kabum.com.br/produto/521061/placa-mae-asus-rog-maximus-z790-dark-hero-intel-z790-atx-ddr5-90mb1f90-m0eay0', 'url_image': 'https://www.kabum.com.br//_next/image?url=https%3A%2F%2Fimages.kabum.com.br%2Fprodutos%2Ffotos%2F521061%2Fplaca-mae-asus-rog-maximus-z790-dark-hero-intel-z790-atx-ddr5-90mb1f90-m0eay0_1716481297_m.jpg&w=384&q=75'}
salvando_historico
update gpu on aws -> {'adm': 'kabum', 'name': 'SSD Externo Portátil SanDisk Extreme, 500GB, USB 3.1, Leitura: 1050 MB/s e Gravação: 1000 MB/s, Preto e Laranja - SDSSDE61-500G-G25', 'price': 'R$ 699,99', 'link': 'https://www.kabum.com.br/produto/129774/ssd-externo-portatil-sandisk-extreme-500gb-usb-3-1-leitura-1050-mb-s-e-gravacao-1000-mb-s-preto-e-laranja-sdssde61-500g-g25', 'url_image': 'https://www.kabum.com.br//_next/image?url=https%3A%2F%2Fimages.kabum.com.br%2Fprodutos%2Ffotos%2F129774%2Fssd-portatil-sandisk-extreme-500gb-usb-3-1-sdssde61-500g-g25_1603113519_m.jpg&w=384&q=75'}
salvando_historico
update gpu on aws -> {'adm': 'kabum', 'name': 'Kit Com 2 Ventoinhas NZXT, 140mm, RGB, Com Controlador, Branco - RF-R14DF-W1', 'price': 'R$ 269,99', 'link': 'https://www.kabum.com.br/produto/369242/kit-com-2-ventoinhas-nzxt-140mm-rgb-com-controlador-branco-rf-r14df-w1', 'url_image': 'https://www.kabum.com.br//_next/image?url=https%3A%2F%2Fimages.kabum.com.br%2Fprodutos%2Ffotos%2F369242%2Fkit-2-cooler-fan-nzxt-140mm-rgb-com-controlador-branco-rf-r14df-w1_1667932064_m.jpg&w=384&q=75'}
salvando_historico
update gpu on aws -> {'adm': 'kabum', 'name': 'Kit Com 2 Ventoinhas Corsair iCUE LINK QX140, 140mm, RGB, Preto - CO-9051004-WW', 'price': 'R$ 799,98', 'link': 'https://www.kabum.com.br/produto/496600/kit-com-2-ventoinhas-corsair-icue-link-qx140-140mm-rgb-preto-co-9051004-ww', 'url_image': 'https://www.kabum.com.br//_next/image?url=https%3A%2F%2Fimages.kabum.com.br%2Fprodutos%2Ffotos%2F496600%2Fcooler-fan-corsair-qx-rgb-series-icue-link-qx140-rgb-kit-basico-ventoinha-rgb-de-domo-magnetico-de-140mm-co-9051004-ww_1706300250_m.jpg&w=384&q=75'}
salvando_historico
update gpu on aws -> {'adm': 'kabum', 'name': 'SSD Corsair 2TB MP600 Core Mini, M.2 NVMe, Leitura 5000MB/s e Gravação 3800MB/s - CSSD-F2000GBMP600CMN', 'price': 'R$ 1.799,99', 'link': 'https://www.kabum.com.br/produto/542163/ssd-corsair-2tb-mp600-core-mini-m-2-nvme-leitura-5000mb-s-e-gravacao-3800mb-s-cssd-f2000gbmp600cmn', 'url_image': 'https://www.kabum.com.br//_next/image?url=https%3A%2F%2Fimages.kabum.com.br%2Fprodutos%2Ffotos%2F542163%2Fssd-corsair-2tb-mp600-core-mini-m-2-nvme-leitura-5000mb-s-e-gravacao-3800mb-s-cssd-f2000gbmp600cmn_1720207560_m.jpg&w=384&q=75'}
salvando_historico
update gpu on aws -> {'adm': 'kabum', 'name': 'Memória RAM Kingston Fury Beast RGB, 8GB, 5200MHz, DDR5, CL40, para Intel XMP, Preto - KF552C40BBA-8', 'price': 'R$ 321,00', 'link': 'https://www.kabum.com.br/produto/388080/memoria-ram-kingston-fury-beast-rgb-8gb-5200mhz-ddr5-cl40-para-intel-xmp-preto-kf552c40bba-8', 'url_image': 'https://www.kabum.com.br//_next/image?url=https%3A%2F%2Fimages.kabum.com.br%2Fprodutos%2Ffotos%2F388080%2Fmemoria-kingston-fury-beast-rgb-8gb-5200mhz-ddr5-cl40-preto-kf552c40bba-8_1666040397_m.jpg&w=384&q=75'}
salvando_historico
update gpu on aws -> {'adm': 'kabum', 'name': 'HD WD Red Pro NAS, 14TB, SATA 3.5", 7200 RPM, Até 255MB/s - WD142KFGX', 'price': 'R$ 2.914,99', 'link': 'https://www.kabum.com.br/produto/537376/hd-wd-red-pro-nas-14tb-sata-3-5-7200-rpm-ate-255mb-s-wd142kfgx', 'url_image': 'https://www.kabum.com.br//_next/image?url=https%3A%2F%2Fimages.kabum.com.br%2Fprodutos%2Ffotos%2F537376%2Fhd-wd-red-pro-nas-14tb-3-5-sata-wd142kfgx_1719859318_m.jpg&w=384&q=75'}
salvando_historico
update gpu on aws -> {'adm': 'kabum', 'name': 'Ventoinha Corsair iCUE SP140 Elite Performance, RGB, 140mm, Preto - CO-9050110-WW', 'price': 'R$ 169,99', 'link': 'https://www.kabum.com.br/produto/156954/ventoinha-corsair-icue-sp140-elite-performance-rgb-140mm-preto-co-9050110-ww', 'url_image': 'https://www.kabum.com.br//_next/image?url=https%3A%2F%2Fimages.kabum.com.br%2Fprodutos%2Ffotos%2F156954%2Fcooler-fan-corsair-icue-sp140-elite-performance-rgb-140mm-preto-co-9050110-ww_1632252650_m.jpg&w=384&q=75'}
salvando_historico
update gpu on aws -> {'adm': 'kabum', 'name': 'HD Externo WD Elements Desktop 10TB, Conexão USB 2.0/3.0 - WDBWLG0100HBK-NESN', 'price': 'R$ 1.924,99', 'link': 'https://www.kabum.com.br/produto/155573/hd-externo-wd-elements-desktop-10tb-conexao-usb-2-0-3-0-wdbwlg0100hbk-nesn', 'url_image': 'https://www.kabum.com.br//_next/image?url=https%3A%2F%2Fimages.kabum.com.br%2Fprodutos%2Ffotos%2F155573%2Fhd-externo-wd-elements-desktop-10tb-conexao-usb-2-0-3-0-wdbwlg0100hbk-nesn_1617908618_m.jpg&w=384&q=75'}
salvando_historico
update gpu on aws -> {'adm': 'kabum', 'name': 'Placa Mãe Asus ROG STRIX B760-G GAMING WIFI, Intel, mATX, DDR5, Wi-Fi, Bluetooth - 90MB1EQ0-M0EAY0', 'price': 'R$ 2.114,99', 'link': 'https://www.kabum.com.br/produto/461374/placa-mae-asus-rog-strix-b760-g-gaming-wifi-intel-matx-ddr5-wi-fi-bluetooth-90mb1eq0-m0eay0', 'url_image': 'https://www.kabum.com.br//_next/image?url=https%3A%2F%2Fimages.kabum.com.br%2Fprodutos%2Ffotos%2F461374%2Fplaca-mae-asus-rog-strix-b760-g-gaming-wifi-intel-matx-ddr5-wi-fi-bluetooth-90mb1eq0-m0eay0_1696357727_m.jpg&w=384&q=75'}
salvando_historico
update gpu on aws -> {'adm': 'kabum', 'name': 'Water Cooler Corsair iCUE H115i Elite Capellix XT, RGB, 280mm, AMD/Intel, Preto - CW-9060069-WW', 'price': 'R$ 1.399,99', 'link': 'https://www.kabum.com.br/produto/472706/water-cooler-corsair-icue-h115i-elite-capellix-xt-rgb-280mm-amd-intel-preto-cw-9060069-ww', 'url_image': 'https://www.kabum.com.br//_next/image?url=https%3A%2F%2Fimages.kabum.com.br%2Fprodutos%2Ffotos%2F472706%2Fwater-cooler-corsair-icue-h115i-elite-capellix-xt-rgb-140mm-intel-e-amd-preto-cw-9060069-ww_1697638845_m.jpg&w=384&q=75'}
salvando_historico
update gpu on aws -> {'adm': 'kabum', 'name': 'Water Cooler ASUS ROG Strix LC III 360 ARGB WHT, AMD e Intel - 90RC00T2-M0UAY0', 'price': 'R$ 1.499,99', 'link': 'https://www.kabum.com.br/produto/526979/water-cooler-asus-rog-strix-lc-iii-360-argb-wht-amd-e-intel-90rc00t2-m0uay0', 'url_image': 'https://www.kabum.com.br//_next/image?url=https%3A%2F%2Fimages.kabum.com.br%2Fprodutos%2Ffotos%2F526979%2Fwater-cooler-asus-rog-strix-lc-iii-360-argb-wht-240mm-amd-e-intel-branco-90rc00t2-m0uay0_1722342144_m.jpg&w=384&q=75'}
salvando_historico
update gpu on aws -> {'adm': 'kabum', 'name': 'Placa Mãe Gigabyte Z790 Aero G (rev 1.0), Intel LGA1700, ATX, DDR5, Wi-Fi, Bluetooth - Z790 AERO G', 'price': 'R$ 3.089,99', 'link': 'https://www.kabum.com.br/produto/395126/placa-mae-gigabyte-z790-aero-g-rev-1-0-intel-lga1700-atx-ddr5-wi-fi-bluetooth-z790-aero-g', 'url_image': 'https://www.kabum.com.br//_next/image?url=https%3A%2F%2Fimages.kabum.com.br%2Fprodutos%2Ffotos%2F395126%2Fplaca-mae-z790-aero-g-z790-aero-g_1668455322_m.jpg&w=384&q=75'}
salvando_historico
update gpu on aws -> {'adm': 'kabum', 'name': 'Placa Mãe Asus Proart Z790 Creator, Intel, ATX, DDR5, WiFi, Bluetooth - 90MB1DV0-M1EAY0', 'price': 'R$ 4.319,99', 'link': 'https://www.kabum.com.br/produto/427129/placa-mae-asus-proart-z790-creator-intel-atx-ddr5-wifi-bluetooth-90mb1dv0-m1eay0', 'url_image': 'https://www.kabum.com.br//_next/image?url=https%3A%2F%2Fimages.kabum.com.br%2Fprodutos%2Ffotos%2F427129%2Fplaca-mae-asus-proart-z790-creator-wifi-90mb1dv0-m0eay0_1684842369_m.jpg&w=384&q=75'}
salvando_historico
update gpu on aws -> {'adm': 'kabum', 'name': 'Water Cooler NZXT Kraken 240 RGB, 240mm, AMD/Intel, Branco - RL-KR240-W1', 'price': 'R$ 1.199,99', 'link': 'https://www.kabum.com.br/produto/415797/water-cooler-nzxt-kraken-240-rgb-240mm-amd-intel-branco-rl-kr240-w1', 'url_image': 'https://www.kabum.com.br//_next/image?url=https%3A%2F%2Fimages.kabum.com.br%2Fprodutos%2Ffotos%2F415797%2Fwater-cooler-nzxt-kraken-240-rgb-240mm1-54in-display-rgb-controller-e-rgb-fans-branco-rl-kr240-w1_1685723095_m.jpg&w=384&q=75'}
salvando_historico
update gpu on aws -> {'adm': 'kabum', 'name': 'Fonte XPG Cyber Coreii 1300P-BKCBR, 1300W, 80 Plus Platinum, Modular, PFC Ativo - 15260171', 'price': 'R$ 1.899,99', 'link': 'https://www.kabum.com.br/produto/514902/fonte-xpg-cyber-coreii-1300p-bkcbr-1300w-80-plus-platinum-modular-pfc-ativo-15260171', 'url_image': 'https://www.kabum.com.br//_next/image?url=https%3A%2F%2Fimages.kabum.com.br%2Fprodutos%2Ffotos%2F514902%2Ffonte-xpg-cyber-core-ll-1300p-bkcbr-1300w-80-plus-platinum-modular-pfc-ativo-15260171_1715094638_m.jpg&w=384&q=75'}
salvando_historico
update gpu on aws -> {'adm': 'kabum', 'name': 'Memória RAM Lexar RGB, 32GB (2x16GB), 6400MHz, DDR5, CL32, U-DIMM - LD5EU016G-R6400GDLA', 'price': 'R$ 1.100,00', 'link': 'https://www.kabum.com.br/produto/548612/memoria-ram-lexar-rgb-32gb-2x16gb-6400mhz-ddr5-cl32-u-dimm-ld5eu016g-r6400gdla', 'url_image': 'https://www.kabum.com.br//_next/image?url=https%3A%2F%2Fimages.kabum.com.br%2Fprodutos%2Ffotos%2F548612%2Fmemoria-ram-lexar-rgb-32gb-2x16gb-6400mhz-ddr5-cl32-u-dimm-ld5eu016g-r6400gdla_1718826420_m.jpg&w=384&q=75'}
salvando_historico
update gpu on aws -> {'adm': 'kabum', 'name': 'Fonte Corsair HXi Series (2022), HX1500i, 1500W, 80 Plus Platinum, (Sem Cabo AC) - CP-9020215-WW', 'price': 'R$ 2.699,99', 'link': 'https://www.kabum.com.br/produto/371160/fonte-corsair-hxi-series-2022-hx1500i-1500w-80-plus-platinum-sem-cabo-ac-cp-9020215-ww', 'url_image': 'https://www.kabum.com.br//_next/image?url=https%3A%2F%2Fimages.kabum.com.br%2Fprodutos%2Ffotos%2F371160%2Ffonte-corsair-hxi-series-2022-hx1500i-1500w-80-plus-platinum-sem-cabo-ac-cp-9020215-ww_1667579022_m.jpg&w=384&q=75'}
salvando_historico
update gpu on aws -> {'adm': 'kabum', 'name': 'HD Externo WD 1TB My Passport, USB 3.0, Preto - WDBYVG0010BBK-WESN', 'price': 'R$ 474,99', 'link': 'https://www.kabum.com.br/produto/108060/hd-externo-wd-1tb-my-passport-usb-3-0-preto-wdbyvg0010bbk-wesn', 'url_image': 'https://www.kabum.com.br//_next/image?url=https%3A%2F%2Fimages.kabum.com.br%2Fprodutos%2Ffotos%2F108060%2Fhd-wd-externo-portatil-my-passport-1tb-usb-3-0-wdbyvg0010bbk-wesn-_hd-wd-externo-portatil-my-passport-1tb-usb-3-0-wdbyvg0010bbk-wesn-_1573647531_m.jpg&w=384&q=75'}
salvando_historico
update gpu on aws -> {'adm': 'kabum', 'name': 'Water Cooler ASUS ROG Ryuo III 360, ARGB, 360mm, AMD/Intel, Preto - 90RC00I1-M0UAY0', 'price': 'R$ 1.699,99', 'link': 'https://www.kabum.com.br/produto/463420/water-cooler-asus-rog-ryuo-iii-360-argb-360mm-amd-intel-preto-90rc00i1-m0uay0', 'url_image': 'https://www.kabum.com.br//_next/image?url=https%3A%2F%2Fimages.kabum.com.br%2Fprodutos%2Ffotos%2F463420%2Fwater-cooler-asus-rog-ryuo-iii-360-argb-360mm-amd-intel-preto-90rc00i1-m0uay0_1713207612_m.jpg&w=384&q=75'}
salvando_historico
Iterando página
update gpu on aws -> {'adm': 'kabum', 'name': 'Placa Mãe Asus Rog Strix X670E-E Gaming Wi-Fi, AMD X670, AM5, DDR5 - 90MB1BR0-M0EAY0', 'price': 'R$ 4.769,99', 'link': 'https://www.kabum.com.br/produto/376217/placa-mae-asus-rog-strix-x670e-e-gaming-wi-fi-amd-x670-am5-ddr5-90mb1br0-m0eay0', 'url_image': 'https://www.kabum.com.br//_next/image?url=https%3A%2F%2Fimages.kabum.com.br%2Fprodutos%2Ffotos%2F376217%2Fplaca-mae-asus-rog-strix-x670e-e-gaming-wifi-amd-x670-am5-ddr5-90mb1br0-m0eay0_1666295392_m.jpg&w=384&q=75'}
salvando_historico
update gpu on aws -> {'adm': 'kabum', 'name': 'Placa Mãe Asus Prime Z790-A Wi-Fi, Intel LGA1700 Z790, ATX, DDR5 - 90MB1CS0-M0EAY0', 'price': 'R$ 2.729,99', 'link': 'https://www.kabum.com.br/produto/392035/placa-mae-asus-prime-z790-a-wi-fi-intel-lga1700-z790-atx-ddr5-90mb1cs0-m0eay0', 'url_image': 'https://www.kabum.com.br//_next/image?url=https%3A%2F%2Fimages.kabum.com.br%2Fprodutos%2Ffotos%2F392035%2Fplaca-mae-asus-prime-z790-a-wifi-intel-lga1700-z790-atx-ddr5-90mb1cs0-m0eay0_1666887004_m.jpg&w=384&q=75'}
salvando_historico
update gpu on aws -> {'adm': 'kabum', 'name': 'Water Cooler Gigabyte Aorus Liquid Cooler 280, RGB, 280mm, AMD/Intel, Com Display LCD - GP-AORUS WATERFORCE X 280', 'price': 'R$ 1.299,99', 'link': 'https://www.kabum.com.br/produto/164418/water-cooler-gigabyte-aorus-liquid-cooler-280-rgb-280mm-amd-intel-com-display-lcd-gp-aorus-waterforce-x-280', 'url_image': 'https://www.kabum.com.br//_next/image?url=https%3A%2F%2Fimages.kabum.com.br%2Fprodutos%2Ffotos%2F164418%2Fwater-cooler-gigabyte-aorus-liquid-cooler-280-140mm-2x-120mm-rgb-intel-amd-com-display-lcd-gp-aorus-waterforce-x-280_1631622469_m.jpg&w=384&q=75'}
salvando_historico
update gpu on aws -> {'adm': 'kabum', 'name': 'Fonte Aerocool KCAS 1000GM, 1000W, 80 Plus Gold, Modular, Full Range APFC, Sem Cabo, Preto - 81062', 'price': 'R$ 899,99', 'link': 'https://www.kabum.com.br/produto/549619/fonte-aerocool-kcas-1000gm-1000w-80-plus-gold-modular-full-range-apfc-sem-cabo-preto-81062', 'url_image': 'https://www.kabum.com.br//_next/image?url=https%3A%2F%2Fimages.kabum.com.br%2Fprodutos%2Ffotos%2F549619%2Ffonte-aerocool-kcas-1000gm-1000w-80-plus-gold-modular-full-range-apfc-sem-cabo-preto-81062_1715267468_m.jpg&w=384&q=75'}
salvando_historico
update gpu on aws -> {'adm': 'kabum', 'name': 'Placa Mãe Asus Tuf Gaming Z790-Plus D4, Intel, ATX, DDR4 - 90MB1CQ0-M0EAY0', 'price': 'R$ 2.519,99', 'link': 'https://www.kabum.com.br/produto/427123/placa-mae-asus-tuf-gaming-z790-plus-d4-intel-atx-ddr4-90mb1cq0-m0eay0', 'url_image': 'https://www.kabum.com.br//_next/image?url=https%3A%2F%2Fimages.kabum.com.br%2Fprodutos%2Ffotos%2F427123%2Fplaca-mae-asus-tuf-gaming-z790-plus-d4-intel-atx-ddr4-wifi-90mb1cq0-m0eay0_1684941030_m.jpg&w=384&q=75'}
salvando_historico
update gpu on aws -> {'adm': 'kabum', 'name': 'SSD Externo Portátil SanDisk Extreme 4TB, USB, Leitura: 1050 MB/s e Gravação: 1000 MB/s, Azul - SDSSDE61-4T00-G25B', 'price': 'R$ 2.299,99', 'link': 'https://www.kabum.com.br/produto/478458/ssd-externo-portatil-sandisk-extreme-4tb-usb-leitura-1050-mb-s-e-gravacao-1000-mb-s-azul-sdssde61-4t00-g25b', 'url_image': 'https://www.kabum.com.br//_next/image?url=https%3A%2F%2Fimages.kabum.com.br%2Fprodutos%2Ffotos%2F478458%2Fssd-externo-portatil-sandisk-extreme-4tb-usb-leitura-1050-mb-s-e-gravacao-1000-mb-s-azul-sdssde61-4t00-g25b_1700059983_m.jpg&w=384&q=75'}
salvando_historico
update gpu on aws -> {'adm': 'kabum', 'name': 'Controlador de Fan C3Tech, Conector ARGB, Conexão de 10 Coolers, 2 fitas Leds, Controle Remoto - FH-L100RGB', 'price': 'R$ 50,99', 'link': 'https://www.kabum.com.br/produto/485450/controlador-de-fan-c3tech-conector-argb-conexao-de-10-coolers-2-fitas-leds-controle-remoto-fh-l100rgb', 'url_image': 'https://www.kabum.com.br//_next/image?url=https%3A%2F%2Fimages.kabum.com.br%2Fprodutos%2Ffotos%2F485450%2Fcontrolador-de-fan-c3tech-conector-argb-conexao-de-10-coolers-2-fitas-leds-controle-remoto-fh-l100rgb_1697488245_m.jpg&w=384&q=75'}
salvando_historico
update gpu on aws -> {'adm': 'kabum', 'name': 'SSD 4TB Corsair MP600 PRO LPX, PCIe Gen 4.0 x4 NVMe M.2, Leitura: 7100MB/s e Gravação: 6800MB/s, Branco - CSSD-F4000GBMP600PLPW', 'price': 'R$ 2.849,99', 'link': 'https://www.kabum.com.br/produto/454659/ssd-4tb-corsair-mp600-pro-lpx-pcie-gen-4-0-x4-nvme-m-2-leitura-7100mb-s-e-gravacao-6800mb-s-branco-cssd-f4000gbmp600plpw', 'url_image': 'https://www.kabum.com.br//_next/image?url=https%3A%2F%2Fimages.kabum.com.br%2Fprodutos%2Ffotos%2F454659%2Fssd-4tb-corsair-mp600-pro-lpx-pcie-gen-4-0-x4-nvme-m-2-leitura-7100mb-s-e-gravacao-6800mb-s-branco-cssd-f4000gbmp600plpw_1688137814_m.jpg&w=384&q=75'}
salvando_historico
update gpu on aws -> {'adm': 'kabum', 'name': 'Fonte Acer AC550 550W, 80 Plus Bronze, Modular, PFC Ativo, Com Cabo, Bivolt, Preto - AC550', 'price': 'R$ 309,99', 'link': 'https://www.kabum.com.br/produto/536183/fonte-acer-ac550-550w-80-plus-bronze-modular-pfc-ativo-com-cabo-bivolt-preto-ac550', 'url_image': 'https://www.kabum.com.br//_next/image?url=https%3A%2F%2Fimages.kabum.com.br%2Fprodutos%2Ffotos%2F536183%2Ffonte-acer-ac550-550w-80-plus-bronze-modular-pfc-ativo-com-cabo-bivolt-preto-ac550_1715006140_m.jpg&w=384&q=75'}
salvando_historico
update gpu on aws -> {'adm': 'kabum', 'name': 'Water Cooler Corsair iCUE LINK H100i RGB, 240mm, AMD/Intel, Branco - CW-9061005-WW', 'price': 'R$ 1.199,99', 'link': 'https://www.kabum.com.br/produto/496674/water-cooler-corsair-icue-link-h100i-rgb-240mm-amd-intel-branco-cw-9061005-ww', 'url_image': 'https://www.kabum.com.br//_next/image?url=https%3A%2F%2Fimages.kabum.com.br%2Fprodutos%2Ffotos%2F496674%2Fwater-cooler-corsair-icue-link-h100i-rgb-ventoinhas-qx120-rgb-branco-radiador-de-240mm-cw-9061005-ww_1706627107_m.jpg&w=384&q=75'}
salvando_historico
update gpu on aws -> {'adm': 'kabum', 'name': 'Water Cooler NZXT Kraken 280, 280mm, Intel e AMD, Preto - RL-KN280-B1', 'price': 'R$ 1.299,99', 'link': 'https://www.kabum.com.br/produto/415795/water-cooler-nzxt-kraken-280-280mm-intel-e-amd-preto-rl-kn280-b1', 'url_image': 'https://www.kabum.com.br//_next/image?url=https%3A%2F%2Fimages.kabum.com.br%2Fprodutos%2Ffotos%2F415795%2Fwater-cooler-nzxt-kraken-280-280mm-1-54in-display-preto-rl-kn280-b1_1686338912_m.jpg&w=384&q=75'}
salvando_historico
update gpu on aws -> {'adm': 'kabum', 'name': 'Kit Com 3 Ventoinhas Ryvel Frost, 3x 120mm, ARGB, Branco -RY-FN-FT-WT', 'price': 'R$ 139,99', 'link': 'https://www.kabum.com.br/produto/545672/kit-com-3-ventoinhas-ryvel-frost-3x-120mm-argb-branco-ry-fn-ft-wt', 'url_image': 'https://www.kabum.com.br//_next/image?url=https%3A%2F%2Fimages.kabum.com.br%2Fprodutos%2Ffotos%2F545672%2Fkit-com-3-ventoinhas-ryvel-frost-3x-120mm-argb-branco-ry-fn-ft-wt_1717701347_m.jpg&w=384&q=75'}
salvando_historico
update gpu on aws -> {'adm': 'kabum', 'name': 'Water Cooler MSI Mag Coreliquid E360, ARGB, 360mm, Intel/AMD, Preto - MAG CORELIQUID E360', 'price': 'R$ 899,99', 'link': 'https://www.kabum.com.br/produto/524433/water-cooler-msi-mag-coreliquid-e360-argb-360mm-intel-amd-preto-mag-coreliquid-e360', 'url_image': 'https://www.kabum.com.br//_next/image?url=https%3A%2F%2Fimages.kabum.com.br%2Fprodutos%2Ffotos%2F524433%2Fwater-cooler-msi-mag-coreliquid-e360-argb-360mm-intel-amd-preto-mag-coreliquid-e360_1713876335_m.jpg&w=384&q=75'}
salvando_historico
update gpu on aws -> {'adm': 'kabum', 'name': 'Fonte ASUS ROG Loki SFX-L, 750W, 80 Plus Platinum, Modular, PFC Ativo, sem cabo, Preto - 90YE00N4-B0BA00', 'price': 'R$ 1.599,99', 'link': 'https://www.kabum.com.br/produto/406103/fonte-asus-rog-loki-sfx-l-750w-80-plus-platinum-modular-pfc-ativo-sem-cabo-preto-90ye00n4-b0ba00', 'url_image': 'https://www.kabum.com.br//_next/image?url=https%3A%2F%2Fimages.kabum.com.br%2Fprodutos%2Ffotos%2F406103%2Ffonte-asus-rog-loki-sfx-l-750w-80-plus-platinum-argb-bivolt-preto-90ye00n4-b0ba00_1675351845_m.jpg&w=384&q=75'}
salvando_historico
Iterando página
update gpu on aws -> {'adm': 'kabum', 'name': 'Fonte NZXT C Series, 750W, 80 Plus Bronze, PFC Ativo, sem cabo, Preto - PA-7G1BB-US', 'price': 'R$ 679,99', 'link': 'https://www.kabum.com.br/produto/504730/fonte-nzxt-c-series-750w-80-plus-bronze-pfc-ativo-sem-cabo-preto-pa-7g1bb-us', 'url_image': 'https://www.kabum.com.br//_next/image?url=https%3A%2F%2Fimages.kabum.com.br%2Fprodutos%2Ffotos%2F504730%2Ffonte-nzxt-c-series-750w-80-plus-bronze-v2-pfc-ativo-bivolt-preto-pa-7g1bb-us_1705343440_m.jpg&w=384&q=75'}
salvando_historico
update gpu on aws -> {'adm': 'kabum', 'name': 'Placa Mãe Colorful Battle-AX B550M-D GAMING FROZEN V14, Chipset B550, AMD AM4, mAXT, DDR4 - BAX-B550MD-DDR4-WW', 'price': 'R$ 749,99', 'link': 'https://www.kabum.com.br/produto/522300/placa-mae-colorful-battle-ax-b550m-d-gaming-frozen-v14-chipset-b550-amd-am4-maxt-ddr4-bax-b550md-ddr4-ww', 'url_image': 'https://www.kabum.com.br//_next/image?url=https%3A%2F%2Fimages.kabum.com.br%2Fprodutos%2Ffotos%2F522300%2Fplaca-mae-colorful-battle-ax-b550m-d-gaming-frozen-v14-chipset-b550-amd-am4-maxt-ddr4-bax-b550md-ddr4-ww_1718274050_m.jpg&w=384&q=75'}
salvando_historico
update gpu on aws -> {'adm': 'kabum', 'name': 'Water Cooler Gigabyte Aorus 240, RGB, 240mm, Intel/AMD, com Display LCD, Preto - GP-AORUS WATERFORCE X II 240', 'price': 'R$ 1.599,99', 'link': 'https://www.kabum.com.br/produto/508352/water-cooler-gigabyte-aorus-240-rgb-240mm-intel-amd-com-display-lcd-preto-gp-aorus-waterforce-x-ii-240', 'url_image': 'https://www.kabum.com.br//_next/image?url=https%3A%2F%2Fimages.kabum.com.br%2Fprodutos%2Ffotos%2F508352%2Fwater-cooler-gigabyte-aorus-240-rgb-240mm-intel-amd-com-display-lcd-preto-gp-aorus-waterforce-x-ii-240_1714740473_m.jpg&w=384&q=75'}
salvando_historico
update gpu on aws -> {'adm': 'kabum', 'name': 'Fonte Asus ROG-LOKI-1200T-SFX-L-GAMING, 1200W, 80 Plus Titanium, SFX-L, PCIe 5.0, Aura Sync - 90YE00N0-B0BA00', 'price': 'R$ 2.999,99', 'link': 'https://www.kabum.com.br/produto/523068/fonte-asus-rog-loki-1200t-sfx-l-gaming-1200w-80-plus-titanium-sfx-l-pcie-5-0-aura-sync-90ye00n0-b0ba00', 'url_image': 'https://www.kabum.com.br//_next/image?url=https%3A%2F%2Fimages.kabum.com.br%2Fprodutos%2Ffotos%2F523068%2Ffonte-asus-rog-loki-1200t-sfx-l-gaming-1200w-80-plus-titanium-sfx-l-pcie-5-0-aura-sync-90ye00n0-b0ba00_1722024851_m.jpg&w=384&q=75'}
salvando_historico
update gpu on aws -> {'adm': 'kabum', 'name': 'Fonte ASUS ROG Loki SFX-L Platinum White Edition, 850W, 80 Plus Platinum, Modular, PFC Ativo, sem cabo, Branco - 90YE00N2-B0BA00', 'price': 'R$ 2.499,98', 'link': 'https://www.kabum.com.br/produto/463382/fonte-asus-rog-loki-sfx-l-platinum-white-edition-850w-80-plus-platinum-modular-pfc-ativo-sem-cabo-branco-90ye00n2-b0ba00', 'url_image': 'https://www.kabum.com.br//_next/image?url=https%3A%2F%2Fimages.kabum.com.br%2Fprodutos%2Ffotos%2F463382%2Ffonte-asus-rog-loki-sfx-l-850w-platinum-white-edition-850w-80-plus-platinum-bivolt-argb-branco-90ye00n2-b0ba00_1699284388_m.jpg&w=384&q=75'}
salvando_historico
update gpu on aws -> {'adm': 'kabum', 'name': 'Placa Mãe MSI PRO Z790-A Max, ATX, DDR5, Wi-Fi, RGB, Bluetooth', 'price': 'R$ 2.579,99', 'link': 'https://www.kabum.com.br/produto/498971/placa-mae-msi-pro-z790-a-max-atx-ddr5-wi-fi-rgb-bluetooth', 'url_image': 'https://www.kabum.com.br//_next/image?url=https%3A%2F%2Fimages.kabum.com.br%2Fprodutos%2Ffotos%2F498971%2Fplaca-mae-msi-pro-z790-a-max-atx-ddr5-wi-fi-rgb-bluetooth_1706102462_m.jpg&w=384&q=75'}
salvando_historico
update gpu on aws -> {'adm': 'kabum', 'name': 'Water Cooler Asus ROG Strix LC III 360, 360mm, AMD e Intel, Preto - 90RC00T0-M0UAY0', 'price': 'R$ 1.399,98', 'link': 'https://www.kabum.com.br/produto/526974/water-cooler-asus-rog-strix-lc-iii-360-360mm-amd-e-intel-preto-90rc00t0-m0uay0', 'url_image': 'https://www.kabum.com.br//_next/image?url=https%3A%2F%2Fimages.kabum.com.br%2Fprodutos%2Ffotos%2F526974%2Fwater-cooler-asus-rog-strix-lc-iii-360-360mm-amd-e-intel-preto-90rc00t0-m0uay0_1718967809_m.jpg&w=384&q=75'}
salvando_historico
update gpu on aws -> {'adm': 'kabum', 'name': 'Memória RAM Kingston Fury Beast, RGB, 16GB, 5600MHz, DDR5, CL36, Branco - KF556C36BWEA-16', 'price': 'R$ 525,98', 'link': 'https://www.kabum.com.br/produto/448301/memoria-ram-kingston-fury-beast-rgb-16gb-5600mhz-ddr5-cl36-branco-kf556c36bwea-16', 'url_image': 'https://www.kabum.com.br//_next/image?url=https%3A%2F%2Fimages.kabum.com.br%2Fprodutos%2Ffotos%2F448301%2Fmemoria-kingston-fury-beast-rgb-16gb-5600mhz-ddr5-cl36-branco-kf556c36bwea-16_1682627049_m.jpg&w=384&q=75'}
salvando_historico
update gpu on aws -> {'adm': 'kabum', 'name': 'Fonte ASUS TUF Gaming, 750W, 80 Plus Gold, Modular, PFC Ativo, sem cabo, Preto - 90YE00S3-B0BA00', 'price': 'R$ 1.199,99', 'link': 'https://www.kabum.com.br/produto/406111/fonte-asus-tuf-gaming-750w-80-plus-gold-modular-pfc-ativo-sem-cabo-preto-90ye00s3-b0ba00', 'url_image': 'https://www.kabum.com.br//_next/image?url=https%3A%2F%2Fimages.kabum.com.br%2Fprodutos%2Ffotos%2F406111%2Ffonte-asus-tuf-gaming-750w-80-plus-gold-bivolt-preto-90ye00s3-b0ba00_1683633005_m.jpg&w=384&q=75'}
salvando_historico
update gpu on aws -> {'adm': 'kabum', 'name': 'Memória RAM para Notebook Corsair Vengeance, 64GB (2x32GB), 2666MHz, DDR4, CL18, Preto - CMSX64GX4M2A2666C18', 'price': 'R$ 1.032,99', 'link': 'https://www.kabum.com.br/produto/110939/memoria-ram-para-notebook-corsair-vengeance-64gb-2x32gb-2666mhz-ddr4-cl18-preto-cmsx64gx4m2a2666c18', 'url_image': 'https://www.kabum.com.br//_next/image?url=https%3A%2F%2Fimages.kabum.com.br%2Fprodutos%2Ffotos%2F110939%2Fmemoria-corsair-vengeance-para-notebook-64gb-2x32gb-2666mhz-ddr4-c18-cmsx64gx4m2a2666c18_1590076724_m.jpg&w=384&q=75'}
salvando_historico
update gpu on aws -> {'adm': 'kabum', 'name': "Case F3 para HD Externo, 2.5', USB 3.0 - JC- CS3.0", 'price': 'R$ 54,99', 'link': 'https://www.kabum.com.br/produto/112058/case-f3-para-hd-externo-2-5-usb-3-0-jc-cs3-0', 'url_image': 'https://www.kabum.com.br//_next/image?url=https%3A%2F%2Fimages.kabum.com.br%2Fprodutos%2Ffotos%2F112058%2Fcase-para-hd-externo-f3-2-5-usb-3-0-jc-cs3-0_1591708615_m.jpg&w=384&q=75'}
salvando_historico
update gpu on aws -> {'adm': 'kabum', 'name': 'Fonte XPG Core Reactor II VE, 650W, 80 Plus Gold, Modular, PFC Ativo, Preto - 75261414', 'price': 'R$ 700,00', 'link': 'https://www.kabum.com.br/produto/514894/fonte-xpg-core-reactor-ii-ve-650w-80-plus-gold-modular-pfc-ativo-preto-75261414', 'url_image': 'https://www.kabum.com.br//_next/image?url=https%3A%2F%2Fimages.kabum.com.br%2Fprodutos%2Ffotos%2F514894%2Ffonte-xpg-core-reactor-ii-ve-650w-75261414_1721238006_m.jpg&w=384&q=75'}
salvando_historico
update gpu on aws -> {'adm': 'kabum', 'name': 'Placa Mãe Asus Prime X670E-Pro Wi-Fi, AMD X670, AM5, DDR5 - 90MB1BL0-M0EAY0', 'price': 'R$ 3.209,99', 'link': 'https://www.kabum.com.br/produto/376223/placa-mae-asus-prime-x670e-pro-wi-fi-amd-x670-am5-ddr5-90mb1bl0-m0eay0', 'url_image': 'https://www.kabum.com.br//_next/image?url=https%3A%2F%2Fimages.kabum.com.br%2Fprodutos%2Ffotos%2F376223%2Fplaca-mae-asus-prime-x670e-pro-wifi-amd-x670-am5-ddr5-90mb1bl0-m0eay0_1668432349_m.jpg&w=384&q=75'}
salvando_historico
update gpu on aws -> {'adm': 'kabum', 'name': 'Water Cooler Corsair iCUE LINK H170i RGB, 420mm, AMD/Intel, Preto - CW-9061004-WW', 'price': 'R$ 2.199,99', 'link': 'https://www.kabum.com.br/produto/496672/water-cooler-corsair-icue-link-h170i-rgb-420mm-amd-intel-preto-cw-9061004-ww', 'url_image': 'https://www.kabum.com.br//_next/image?url=https%3A%2F%2Fimages.kabum.com.br%2Fprodutos%2Ffotos%2F496672%2Fwater-cooler-corsair-icue-link-h170i-rgb-ventoinhas-qx140-rgb-radiador-grande-de-420mm-cw-9061004-ww_1706632270_m.jpg&w=384&q=75'}
salvando_historico
update gpu on aws -> {'adm': 'kabum', 'name': 'Water Cooler NZXT Kraken Elite 240 RGB, 240mm, AMD/Intel, Preto - RL-KR24E-B1', 'price': 'R$ 1.799,99', 'link': 'https://www.kabum.com.br/produto/415807/water-cooler-nzxt-kraken-elite-240-rgb-240mm-amd-intel-preto-rl-kr24e-b1', 'url_image': 'https://www.kabum.com.br//_next/image?url=https%3A%2F%2Fimages.kabum.com.br%2Fprodutos%2Ffotos%2F415807%2Fwater-cooler-nzxt-kraken-elite-240-rgb-240mm-c-display-rgb-controller-e-rgb-fans-preto-rl-kr24e-b1_1687196284_m.jpg&w=384&q=75'}
salvando_historico
update gpu on aws -> {'adm': 'kabum', 'name': 'Memória RAM Corsair Vengeance RGB Pro, 16GB (2x8GB), 3200MHz, DDR4, CL16, Preto - CMW16GX4M2C3200C16-TUF', 'price': 'R$ 439,99', 'link': 'https://www.kabum.com.br/produto/110996/memoria-ram-corsair-vengeance-rgb-pro-16gb-2x8gb-3200mhz-ddr4-cl16-preto-cmw16gx4m2c3200c16-tuf', 'url_image': 'https://www.kabum.com.br//_next/image?url=https%3A%2F%2Fimages.kabum.com.br%2Fprodutos%2Ffotos%2F110996%2Fmemoria-corsair-vengeance-rgb-pro-16gb-2x8gb-3200mhz-ddr4-c16-tuf-black-cmw16gx4m2c3200c16-tuf_1589974083_m.jpg&w=384&q=75'}
salvando_historico
update gpu on aws -> {'adm': 'kabum', 'name': 'Memória RAM Corsair Vengeance RGB PRO SL, 16GB (2x8GB), 3600MHz, DDR4, CL18, Preto - CMH16GX4M2D3600C18', 'price': 'R$ 439,99', 'link': 'https://www.kabum.com.br/produto/382751/memoria-ram-corsair-vengeance-rgb-pro-sl-16gb-2x8gb-3600mhz-ddr4-cl18-preto-cmh16gx4m2d3600c18', 'url_image': 'https://www.kabum.com.br//_next/image?url=https%3A%2F%2Fimages.kabum.com.br%2Fprodutos%2Ffotos%2F382751%2Fmemoria-corsair-vengeance-rgb-pro-sl-16gb-3600mhz-ddr4-c18-preto-cmh16gx4m2d3600c18_1665489472_m.jpg&w=384&q=75'}
salvando_historico
update gpu on aws -> {'adm': 'kabum', 'name': 'Placa Mãe ASUS Prime B760-Plus, Intel, M-ATX, DDR5, RGB - 90MB1EF0-M1EAY0', 'price': 'R$ 1.500,00', 'link': 'https://www.kabum.com.br/produto/521841/placa-mae-asus-prime-b760-plus-intel-m-atx-ddr5-rgb-90mb1ef0-m1eay0', 'url_image': 'https://www.kabum.com.br//_next/image?url=https%3A%2F%2Fimages.kabum.com.br%2Fprodutos%2Ffotos%2F521841%2Fplaca-mae-asus-prime-b760-plus-b650-intel-m-atx-ddr5-rgb-90mb1ef0-m1eay0_1708972841_m.jpg&w=384&q=75'}
salvando_historico
update gpu on aws -> {'adm': 'kabum', 'name': 'Memória RAM Kingston Fury Beast, 32GB (2x16GB), 5600MHz, DDR5, CL40, para Intel XMP, Preto - KF556C40BBK2-32', 'price': 'R$ 925,99', 'link': 'https://www.kabum.com.br/produto/285968/memoria-ram-kingston-fury-beast-32gb-2x16gb-5600mhz-ddr5-cl40-para-intel-xmp-preto-kf556c40bbk2-32', 'url_image': 'https://www.kabum.com.br//_next/image?url=https%3A%2F%2Fimages.kabum.com.br%2Fprodutos%2Ffotos%2F285968%2Fmemoria-kingston-fury-beast-32gb-2x16gb-5600mhz-ddr5-cl40-preto-kf556c40bbk2-32_1639578384_m.jpg&w=384&q=75'}
salvando_historico
update gpu on aws -> {'adm': 'kabum', 'name': 'Water Cooler Cooler Master MasterLiquid ML240R RGB, 240mm - MLX-D24M-A20PC-R1', 'price': 'R$ 729,99', 'link': 'https://www.kabum.com.br/produto/96501/water-cooler-cooler-master-masterliquid-ml240r-rgb-240mm-mlx-d24m-a20pc-r1', 'url_image': 'https://www.kabum.com.br//_next/image?url=https%3A%2F%2Fimages.kabum.com.br%2Fprodutos%2Ffotos%2F96501%2F96501_1_1525283795_m.jpg&w=384&q=75'}
salvando_historico
update gpu on aws -> {'adm': 'kabum', 'name': 'Placa Mãe Asus TUF Gaming B550-PRO, AMD AM4, ATX, DDR4 - 90MB17R0-M0EAY0', 'price': 'R$ 1.404,99', 'link': 'https://www.kabum.com.br/produto/548939/placa-mae-asus-tuf-gaming-b550-pro-amd-am4-atx-ddr4-90mb17r0-m0eay0', 'url_image': 'https://www.kabum.com.br//_next/image?url=https%3A%2F%2Fimages.kabum.com.br%2Fprodutos%2Ffotos%2F548939%2Fplaca-mae-asus-tuf-gaming-b550-pro-amd-am4-atx-ddr4-90mb17r0-m0eay0_1722266159_m.jpg&w=384&q=75'}
salvando_historico
insert produto on aws -> {'adm': 'kabum', 'name': 'Memória RAM XPG Gammix D20, 32GB (2x16GB), 3200MHz, DDR4, CL16, Preto - AX4U320016G16A-DCBK20', 'price': 'R$ 649,99', 'link': 'https://www.kabum.com.br/produto/156637/memoria-ram-xpg-gammix-d20-32gb-2x16gb-3200mhz-ddr4-cl16-preto-ax4u320016g16a-dcbk20', 'url_image': 'https://www.kabum.com.br//_next/image?url=https%3A%2F%2Fimages.kabum.com.br%2Fprodutos%2Ffotos%2F156637%2Fmemoria-xpg-gammix-d20-32gb-2x16gb-3200mhz-ddr4-cl-16-preto-ax4u320016g16a-dcbk20_1623957514_m.jpg&w=384&q=75'}
enviando mensagem pro telegram - Novo produto
get ultimo produt
update gpu on aws -> {'adm': 'kabum', 'name': 'SSD Externo Portátil SanDisk Extreme 2TB, USB, Leitura: 1050 MB/s e Gravação: 1000 MB/s, Azul - SDSSDE61-2T00-G25B', 'price': 'R$ 1.349,99', 'link': 'https://www.kabum.com.br/produto/478457/ssd-externo-portatil-sandisk-extreme-2tb-usb-leitura-1050-mb-s-e-gravacao-1000-mb-s-azul-sdssde61-2t00-g25b', 'url_image': 'https://www.kabum.com.br//_next/image?url=https%3A%2F%2Fimages.kabum.com.br%2Fprodutos%2Ffotos%2F478457%2Fssd-externo-portatil-sandisk-extreme-2tb-usb-leitura-1050-mb-s-e-gravacao-1000-mb-s-azul-sdssde61-2t00-g25b_1700059199_m.jpg&w=384&q=75'}
salvando_historico
Iterando página
update gpu on aws -> {'adm': 'kabum', 'name': 'Water Cooler NZXT Kraken Elite 280 RGB, 280mm, Intel e AMD, Branco - RL-KR28E-W1', 'price': 'R$ 1.899,99', 'link': 'https://www.kabum.com.br/produto/415808/water-cooler-nzxt-kraken-elite-280-rgb-280mm-intel-e-amd-branco-rl-kr28e-w1', 'url_image': 'https://www.kabum.com.br//_next/image?url=https%3A%2F%2Fimages.kabum.com.br%2Fprodutos%2Ffotos%2F415808%2Fwater-cooler-nzxt-kraken-elite-280-rgb-280mm-c-display-rgb-controller-e-rgb-fans-branco-rl-kr28e-w1_1687198946_m.jpg&w=384&q=75'}
salvando_historico
update gpu on aws -> {'adm': 'kabum', 'name': 'Memória RAM Corsair Vengeance, RGB, 64GB (2x32GB), 5200MHz, DDR5, C40, Preto - CMH64GX5M2B5200Z40K', 'price': 'R$ 1.699,99', 'link': 'https://www.kabum.com.br/produto/442708/memoria-ram-corsair-vengeance-rgb-64gb-2x32gb-5200mhz-ddr5-c40-preto-cmh64gx5m2b5200z40k', 'url_image': 'https://www.kabum.com.br//_next/image?url=https%3A%2F%2Fimages.kabum.com.br%2Fprodutos%2Ffotos%2F442708%2Fmemoria-corsair-vengeance-rgb-64gb-2x32gb-5200mt-s-ddr5-c40-preto-cmh64gx5m2b5200z40k_1682617492_m.jpg&w=384&q=75'}
salvando_historico
update gpu on aws -> {'adm': 'kabum', 'name': 'Memória RAM Kingston Fury Beast RGB, 32GB (2x16GB), 5600MHz, DDR5, CL40, para Intel XMP, Preto - KF556C40BBAK2-32', 'price': 'R$ 1.049,98', 'link': 'https://www.kabum.com.br/produto/388089/memoria-ram-kingston-fury-beast-rgb-32gb-2x16gb-5600mhz-ddr5-cl40-para-intel-xmp-preto-kf556c40bbak2-32', 'url_image': 'https://www.kabum.com.br//_next/image?url=https%3A%2F%2Fimages.kabum.com.br%2Fprodutos%2Ffotos%2F388089%2Fmemoria-kingston-fury-beast-rgb-32gb-5600mhz-ddr5-cl40-preto-kf556c40bbak2-32_1666124599_m.jpg&w=384&q=75'}
salvando_historico
update gpu on aws -> {'adm': 'kabum', 'name': 'Placa Mãe Asus ROG MAXIMUS Z790 APEX ENCORE, INTEL, Z790, ATX, DDR5 - 90MB1FX0-M0AAY0', 'price': 'R$ 5.789,99', 'link': 'https://www.kabum.com.br/produto/521060/placa-mae-asus-rog-maximus-z790-apex-encore-intel-z790-atx-ddr5-90mb1fx0-m0aay0', 'url_image': 'https://www.kabum.com.br//_next/image?url=https%3A%2F%2Fimages.kabum.com.br%2Fprodutos%2Ffotos%2F521060%2Fplaca-mae-asus-rog-maximus-z790-apex-encore-intel-z790-atx-ddr5-90mb1fx0-m0aay0_1716476715_m.jpg&w=384&q=75'}
salvando_historico
update gpu on aws -> {'adm': 'kabum', 'name': 'Placa Mae Asus ProArt X670E-Creator Wi-Fi, AMD X670, AM5, DDR5 - 90MB1B90-M0EAY0', 'price': 'R$ 4.604,99', 'link': 'https://www.kabum.com.br/produto/376232/placa-mae-asus-proart-x670e-creator-wi-fi-amd-x670-am5-ddr5-90mb1b90-m0eay0', 'url_image': 'https://www.kabum.com.br//_next/image?url=https%3A%2F%2Fimages.kabum.com.br%2Fprodutos%2Ffotos%2F376232%2Fplaca-mae-asus-proart-x670e-creator-wifi-amd-x670-am5-ddr5-90mb1b90-m0eay0_1668443223_m.jpg&w=384&q=75'}
salvando_historico
update gpu on aws -> {'adm': 'kabum', 'name': 'Ventoinha Corsair Elite Single, 140mm, RGB, Branco - CO-9050138-WW', 'price': 'R$ 159,98', 'link': 'https://www.kabum.com.br/produto/352611/ventoinha-corsair-elite-single-140mm-rgb-branco-co-9050138-ww', 'url_image': 'https://www.kabum.com.br//_next/image?url=https%3A%2F%2Fimages.kabum.com.br%2Fprodutos%2Ffotos%2F352611%2Fcooler-fan-corsair-elite-single-140mm-rgb-branco-co-9050138-ww_1665172066_m.jpg&w=384&q=75'}
salvando_historico
update gpu on aws -> {'adm': 'kabum', 'name': 'Water Cooler Corsair iCUE LINK H100i, RGB, 240mm, AMD/Intel, Preto - CW-9061001-WW', 'price': 'R$ 1.499,99', 'link': 'https://www.kabum.com.br/produto/496668/water-cooler-corsair-icue-link-h100i-rgb-240mm-amd-intel-preto-cw-9061001-ww', 'url_image': 'https://www.kabum.com.br//_next/image?url=https%3A%2F%2Fimages.kabum.com.br%2Fprodutos%2Ffotos%2F496668%2Fwater-cooler-corsair-icue-link-h100i-rgb-ventoinhas-qx120-rgb-radiador-de-240mm-cw-9061001-ww_1706717107_m.jpg&w=384&q=75'}
salvando_historico
update gpu on aws -> {'adm': 'kabum', 'name': 'Water Cooler Cooler Master Masterliquid PL240 Flux White Edition, RGB, 240mm, AMD/Intel, Branco - MLY-D24M-A23PZ-RW', 'price': 'R$ 999,99', 'link': 'https://www.kabum.com.br/produto/405695/water-cooler-cooler-master-masterliquid-pl240-flux-white-edition-rgb-240mm-amd-intel-branco-mly-d24m-a23pz-rw', 'url_image': 'https://www.kabum.com.br//_next/image?url=https%3A%2F%2Fimages.kabum.com.br%2Fprodutos%2Ffotos%2F405695%2Fwater-cooler-cooler-master-masterliquid-pl240-flux-white-edition-rgb-240mm-amd-branco-mly-d24m-a23pz-r1_1671824892_m.jpg&w=384&q=75'}
salvando_historico
update gpu on aws -> {'adm': 'kabum', 'name': 'Water Cooler Corsair iCUE H150i Elite LCD XT, RGB, 360mm, AMD/Intel, Branco - CW-9060077-WW', 'price': 'R$ 2.499,98', 'link': 'https://www.kabum.com.br/produto/496663/water-cooler-corsair-icue-h150i-elite-lcd-xt-rgb-360mm-amd-intel-branco-cw-9060077-ww', 'url_image': 'https://www.kabum.com.br//_next/image?url=https%3A%2F%2Fimages.kabum.com.br%2Fprodutos%2Ffotos%2F496663%2Fwater-cooler-corsair-icue-h150i-elite-lcd-xt-branco-tela-lcd-ips-fans-af120-rgb-elite-radiador-360mm-cw-9060077-ww_1706715611_m.jpg&w=384&q=75'}
salvando_historico
update gpu on aws -> {'adm': 'kabum', 'name': 'Memória RAM Kingston Fury Beast RGB, 16GB, 5600MHz, DDR5, CL40, para Intel XMP, Preto - KF556C40BBA-16', 'price': 'R$ 549,99', 'link': 'https://www.kabum.com.br/produto/388088/memoria-ram-kingston-fury-beast-rgb-16gb-5600mhz-ddr5-cl40-para-intel-xmp-preto-kf556c40bba-16', 'url_image': 'https://www.kabum.com.br//_next/image?url=https%3A%2F%2Fimages.kabum.com.br%2Fprodutos%2Ffotos%2F388088%2Fmemoria-kingston-fury-beast-rgb-16gb-5600mhz-ddr5-cl40-preto-kf556c40bba-16_1666124297_m.jpg&w=384&q=75'}
salvando_historico
update gpu on aws -> {'adm': 'kabum', 'name': 'Fonte ASUS ROG Thor 1600T, 1600W, 80 Plus Titanium, Modular, PFC Ativo, sem cabo, Preto - 90YE00K0-B0BA00', 'price': 'R$ 6.299,99', 'link': 'https://www.kabum.com.br/produto/347226/fonte-asus-rog-thor-1600t-1600w-80-plus-titanium-modular-pfc-ativo-sem-cabo-preto-90ye00k0-b0ba00', 'url_image': 'https://www.kabum.com.br//_next/image?url=https%3A%2F%2Fimages.kabum.com.br%2Fprodutos%2Ffotos%2F347226%2Ffonte-asus-rog-thor-1600t-1600w-80-plus-platinum-display-led-aura-sync-bivolt-preto-90ye00k0-b0ba00_1661178768_m.jpg&w=384&q=75'}
salvando_historico
update gpu on aws -> {'adm': 'kabum', 'name': 'Memória RAM Corsair Dominator, RGB, 32GB (2x16GB), 5600MHz, DDR5, CL36, Preto - CMT32GX5M2B5600C36', 'price': 'R$ 1.071,99', 'link': 'https://www.kabum.com.br/produto/286774/memoria-ram-corsair-dominator-rgb-32gb-2x16gb-5600mhz-ddr5-cl36-preto-cmt32gx5m2b5600c36', 'url_image': 'https://www.kabum.com.br//_next/image?url=https%3A%2F%2Fimages.kabum.com.br%2Fprodutos%2Ffotos%2F286774%2Fmemoria-corsair-dominator-rgb-32gb-2x16gb-5600mhz-ddr5-cl36-preto-cmt32gx5m2x5600c36_1639584058_m.jpg&w=384&q=75'}
salvando_historico
update gpu on aws -> {'adm': 'kabum', 'name': 'Placa Mãe ASUS TUF GAMING B760M-BTF WIFI, Intel LGA1700, B760, DDR5 - 90MB1G50-M0EAY0', 'price': 'R$ 2.674,99', 'link': 'https://www.kabum.com.br/produto/596423/placa-mae-asus-tuf-gaming-b760m-btf-wifi-intel-lga1700-b760-ddr5-90mb1g50-m0eay0', 'url_image': 'https://www.kabum.com.br//_next/image?url=https%3A%2F%2Fimages.kabum.com.br%2Fprodutos%2Ffotos%2F596423%2Fplaca-mae-asus-tuf-gaming-b760m-btf-wifi-intel-lga1700-b760-ddr5-90mb1g50-m0eay0_1719931118_m.jpg&w=384&q=75'}
salvando_historico
update gpu on aws -> {'adm': 'kabum', 'name': 'SSD 1TB Corsair MP600 PRO NH, PCIe Gen 4.0 x4 NVMe M.2, Leitura: 7000MB/s e Gravação: 5700MB/s, Preto - CSSD-F1000GBMP600PNH', 'price': 'R$ 839,99', 'link': 'https://www.kabum.com.br/produto/454641/ssd-1tb-corsair-mp600-pro-nh-pcie-gen-4-0-x4-nvme-m-2-leitura-7000mb-s-e-gravacao-5700mb-s-preto-cssd-f1000gbmp600pnh', 'url_image': 'https://www.kabum.com.br//_next/image?url=https%3A%2F%2Fimages.kabum.com.br%2Fprodutos%2Ffotos%2F454641%2Fssd-1tb-corsair-mp600-pro-nh-pcie-gen-4-0-x4-nvme-m-2-leitura-7000mb-s-e-gravacao-5700mb-s-preto-cssd-f1000gbmp600pnh_1688128941_m.jpg&w=384&q=75'}
salvando_historico
update gpu on aws -> {'adm': 'kabum', 'name': 'Fonte ASUS ROG Loki SFX-L, 850W, 80 Plus Platinum, Modular, PFC Ativo, sem cabo, Preto - 90YE00N3-B0BA00', 'price': 'R$ 1.699,99', 'link': 'https://www.kabum.com.br/produto/406102/fonte-asus-rog-loki-sfx-l-850w-80-plus-platinum-modular-pfc-ativo-sem-cabo-preto-90ye00n3-b0ba00', 'url_image': 'https://www.kabum.com.br//_next/image?url=https%3A%2F%2Fimages.kabum.com.br%2Fprodutos%2Ffotos%2F406102%2Ffonte-asus-rog-loki-sfx-l-850w-80-plus-platinum-argb-bivolt-preto-90ye00n3-b0ba00_1675343282_m.jpg&w=384&q=75'}
salvando_historico
update gpu on aws -> {'adm': 'kabum', 'name': 'Memória RAM Kingston Fury Beast RGB, 32GB, 4800MHz, DDR5, CL38, para Intel XMP, Preto - KF548C38BBA-32', 'price': 'R$ 859,99', 'link': 'https://www.kabum.com.br/produto/388078/memoria-ram-kingston-fury-beast-rgb-32gb-4800mhz-ddr5-cl38-para-intel-xmp-preto-kf548c38bba-32', 'url_image': 'https://www.kabum.com.br//_next/image?url=https%3A%2F%2Fimages.kabum.com.br%2Fprodutos%2Ffotos%2F388078%2Fmemoria-kingston-fury-beast-rgb-32gb-4800mhz-ddr5-cl38-preto-kf548c38bba-32_1666039907_m.jpg&w=384&q=75'}
salvando_historico
Iterando página
update gpu on aws -> {'adm': 'kabum', 'name': 'Fonte Redragon 750W, 80 Plus Gold, Modular, PFC Ativo, Bivolt, RGB, Preto - GC-PS006-1', 'price': 'R$ 778,99', 'link': 'https://www.kabum.com.br/produto/521828/fonte-redragon-750w-80-plus-gold-modular-pfc-ativo-bivolt-rgb-preto-gc-ps006-1', 'url_image': 'https://www.kabum.com.br//_next/image?url=https%3A%2F%2Fimages.kabum.com.br%2Fprodutos%2Ffotos%2F521828%2Ffonte-redragon-750w-80-plus-gold-full-modular-pfc-ativo-bivolt-rgb-preto-gc-ps006-1_1709132338_m.jpg&w=384&q=75'}
salvando_historico
update gpu on aws -> {'adm': 'kabum', 'name': 'Water Cooler NZXT Kraken 120, RGB, 120mm, AMD/Intel, Preto - RL-KR120-B1', 'price': 'R$ 399,99', 'link': 'https://www.kabum.com.br/produto/240191/water-cooler-nzxt-kraken-120-rgb-120mm-amd-intel-preto-rl-kr120-b1', 'url_image': 'https://www.kabum.com.br//_next/image?url=https%3A%2F%2Fimages.kabum.com.br%2Fprodutos%2Ffotos%2F240191%2Fwater-cooler-nzxt-kraken-120-rgb-fan-de-120mm-intel-e-amd-1700-para-pc-preto-rl-kr120-b1_1633976462_m.jpg&w=384&q=75'}
salvando_historico
update gpu on aws -> {'adm': 'kabum', 'name': 'SSD SATA Kingston DC600M Mixed-Use, 7.68TB, 2.5", Leitura: 560MB/s e Gravação: 530MB/s, Preto - SEDC600M/7680G', 'price': 'R$ 6.999,99', 'link': 'https://www.kabum.com.br/produto/459939/ssd-sata-kingston-dc600m-mixed-use-7-68tb-2-5-leitura-560mb-s-e-gravacao-530mb-s-preto-sedc600m-7680g', 'url_image': 'https://www.kabum.com.br//_next/image?url=https%3A%2F%2Fimages.kabum.com.br%2Fprodutos%2Ffotos%2F459939%2Fssd-kingston-7680tb-dc600m-mixed-use-sata-2-5-leitura-560mb-s-e-gravacao-530mb-s-sedc600m-7680g_1686055754_m.jpg&w=384&q=75'}
salvando_historico
update gpu on aws -> {'adm': 'kabum', 'name': 'Placa Mãe Asus ROG MAXIMUS Z790 FORMULA, INTEL, Z790, ATX, DDR5 - 90MB1FS0-M0EAY0', 'price': 'R$ 6.419,99', 'link': 'https://www.kabum.com.br/produto/521059/placa-mae-asus-rog-maximus-z790-formula-intel-z790-atx-ddr5-90mb1fs0-m0eay0', 'url_image': 'https://www.kabum.com.br//_next/image?url=https%3A%2F%2Fimages.kabum.com.br%2Fprodutos%2Ffotos%2F521059%2Fplaca-mae-asus-rog-maximus-z790-formula-intel-z790-atx-ddr5-90mb1fs0-m0eay0_1716476901_m.jpg&w=384&q=75'}
salvando_historico
update gpu on aws -> {'adm': 'kabum', 'name': 'HD WD Black Performance, 4TB, 3.5´, SATA - WD4005FZBX', 'price': 'R$ 1.429,99', 'link': 'https://www.kabum.com.br/produto/97074/hd-wd-black-performance-4tb-3-5-sata-wd4005fzbx', 'url_image': 'https://www.kabum.com.br//_next/image?url=https%3A%2F%2Fimages.kabum.com.br%2Fprodutos%2Ffotos%2F97074%2F97074_1528827683_index_m.jpg&w=384&q=75'}
salvando_historico
update gpu on aws -> {'adm': 'kabum', 'name': 'Placa Mãe ASRock A520M Phantom Gaming 4, AMD A520, mATX, DDR4 - 90-MXBEK*', 'price': 'R$ 709,99', 'link': 'https://www.kabum.com.br/produto/525052/placa-mae-asrock-a520m-phantom-gaming-4-amd-a520-matx-ddr4-90-mxbek-', 'url_image': 'https://www.kabum.com.br//_next/image?url=https%3A%2F%2Fimages.kabum.com.br%2Fprodutos%2Ffotos%2F525052%2Fplaca-mae-asrock-a520m-phantom-gaming-4-amd-a520-matx-ddr4-90-mxbek-_1718716118_m.jpg&w=384&q=75'}
salvando_historico
update gpu on aws -> {'adm': 'kabum', 'name': 'Placa Mãe Gigabyte Z790 Gaming X AX, Intel, ATX, DDR5, Wi-Fi, Bluetooth - Z790 GAMING X AX', 'price': 'R$ 2.299,99', 'link': 'https://www.kabum.com.br/produto/447410/placa-mae-gigabyte-z790-gaming-x-ax-intel-atx-ddr5-wi-fi-bluetooth-z790-gaming-x-ax', 'url_image': 'https://www.kabum.com.br//_next/image?url=https%3A%2F%2Fimages.kabum.com.br%2Fprodutos%2Ffotos%2F447410%2Fplaca-mae-gigabyte-z790-gaming-x-ax-intel-atx-ddr5-wi-fi-bluetooth-z790-gaming-x-ax_1689078182_m.jpg&w=384&q=75'}
salvando_historico
update gpu on aws -> {'adm': 'kabum', 'name': 'Fonte DeepCool 850W, 80 Plus Gold, Modular, PFC Ativo, Bivolt, Sem Cabo, Preto - R-PX850G-FC0B-WO', 'price': 'R$ 1.499,99', 'link': 'https://www.kabum.com.br/produto/532937/fonte-deepcool-850w-80-plus-gold-modular-pfc-ativo-bivolt-sem-cabo-preto-r-px850g-fc0b-wo', 'url_image': 'https://www.kabum.com.br//_next/image?url=https%3A%2F%2Fimages.kabum.com.br%2Fprodutos%2Ffotos%2F532937%2Ffonte-deepcool-850w-80-plus-gold-modular-pfc-ativo-bivolt-sem-cabo-preto-r-px850g-fc0b-wo-_1713529720_m.jpg&w=384&q=75'}
salvando_historico
update gpu on aws -> {'adm': 'kabum', 'name': 'Air Cooler Cooler Master MA410M, AMD/Intel, RGB, Preto - MAM-T4PN-218PC-R1', 'price': 'R$ 499,99', 'link': 'https://www.kabum.com.br/produto/100184/air-cooler-cooler-master-ma410m-amd-intel-rgb-preto-mam-t4pn-218pc-r1', 'url_image': 'https://www.kabum.com.br//_next/image?url=https%3A%2F%2Fimages.kabum.com.br%2Fprodutos%2Ffotos%2F100184%2Fcooler-para-processador-cooler-master-ma410m-mam-t4pn-218pc-r1_cooler-para-processador-cooler-master-ma410m-mam-t4pn-218pc-r1_1552056977_m.jpg&w=384&q=75'}
salvando_historico
update gpu on aws -> {'adm': 'kabum', 'name': 'SSD Externo ADATA 2TB SD810, USB 3.2, 1000G IP68, até 2.000 MB/s, para iPhone 15/Pro/Max, Android, Prata - SD810-2000G-CSG', 'price': 'R$ 1.159,98', 'link': 'https://www.kabum.com.br/produto/521710/ssd-externo-adata-2tb-sd810-usb-3-2-1000g-ip68-ate-2-000-mb-s-para-iphone-15-pro-max-android-prata-sd810-2000g-csg', 'url_image': 'https://www.kabum.com.br//_next/image?url=https%3A%2F%2Fimages.kabum.com.br%2Fprodutos%2Ffotos%2F521710%2Fssd-externo-adata-2tb-sd810-usb-3-2-1000g-ip68-ate-2-000-mb-s-para-iphone-15-pro-max-android-prata-sd810-2000g-csg_1709820874_m.jpg&w=384&q=75'}
salvando_historico
Iterando página
update gpu on aws -> {'adm': 'kabum', 'name': 'Fonte Corsair RMx Shift Series RM850x, 850W, 80 Plus Gold, Modular, Sem Cabo, Preto - CP-9020252-BR', 'price': 'R$ 1.199,99', 'link': 'https://www.kabum.com.br/produto/516062/fonte-corsair-rmx-shift-series-rm850x-850w-80-plus-gold-modular-sem-cabo-preto-cp-9020252-br', 'url_image': 'https://www.kabum.com.br//_next/image?url=https%3A%2F%2Fimages.kabum.com.br%2Fprodutos%2Ffotos%2F516062%2Ffonte-corsair-rmx-shift-series-rm850x-850w-80-plus-gold-modular-sem-cabo-preto-cp-9020252-br_1714481320_m.jpg&w=384&q=75'}
salvando_historico
update gpu on aws -> {'adm': 'kabum', 'name': 'Memória RAM Corsair Dominator Platinum, RGB, 32GB (2x16GB), 3600MHz, DDR4, CL18, para AMD, Preto - CMT32GX4M2Z3600C18', 'price': 'R$ 999,99', 'link': 'https://www.kabum.com.br/produto/526362/memoria-ram-corsair-dominator-platinum-rgb-32gb-2x16gb-3600mhz-ddr4-cl18-para-amd-preto-cmt32gx4m2z3600c18', 'url_image': 'https://www.kabum.com.br//_next/image?url=https%3A%2F%2Fimages.kabum.com.br%2Fprodutos%2Ffotos%2F526362%2Fmemoria-corsair-dominator-platinum-rgb-32gb-2x16gb-3600mhz-ddr4-cl18-otimizado-amd-preto-cmt32gx4m2z3600c18_1711655193_m.jpg&w=384&q=75'}
salvando_historico
update gpu on aws -> {'adm': 'kabum', 'name': 'Water Cooler Gigabyte Aorus Waterforce, ARGB, 280mm, AMD/Intel, Preto - GP-AORUS WATERFORCE 280', 'price': 'R$ 950,00', 'link': 'https://www.kabum.com.br/produto/329767/water-cooler-gigabyte-aorus-waterforce-argb-280mm-amd-intel-preto-gp-aorus-waterforce-280', 'url_image': 'https://www.kabum.com.br//_next/image?url=https%3A%2F%2Fimages.kabum.com.br%2Fprodutos%2Ffotos%2F329767%2Fwater-cooler-gigabyte-aorus-waterforce-argb-280mm-para-pc-preto-gp-aorus-waterforce-280_1651679921_m.jpg&w=384&q=75'}
salvando_historico
update gpu on aws -> {'adm': 'kabum', 'name': 'Fonte KBM! GAMING FN850, 850W, 80 Plus e Cybenetics Gold, PFC Ativo, Full Modular, Bivolt - KGFN85085PT', 'price': 'R$ 756,38', 'link': 'https://www.kabum.com.br/produto/472039/fonte-kbm-gaming-fn850-850w-80-plus-e-cybenetics-gold-pfc-ativo-full-modular-bivolt-kgfn85085pt', 'url_image': 'https://www.kabum.com.br//_next/image?url=https%3A%2F%2Fimages.kabum.com.br%2Fprodutos%2Ffotos%2F472039%2Ffonte-kbm-gaming-fn850-850w-80-plus-e-cybenetics-gold-pfc-ativo-full-modular-bivolt-kgfn85085pt_1723555778_m.jpg&w=384&q=75'}
salvando_historico
update gpu on aws -> {'adm': 'kabum', 'name': 'Placa Mãe MSI MAG Z790 Tomahawk Max, ATX, DDR5, Wi-Fi, RGB, Bluetooth', 'price': 'R$ 2.909,98', 'link': 'https://www.kabum.com.br/produto/498970/placa-mae-msi-mag-z790-tomahawk-max-atx-ddr5-wi-fi-rgb-bluetooth', 'url_image': 'https://www.kabum.com.br//_next/image?url=https%3A%2F%2Fimages.kabum.com.br%2Fprodutos%2Ffotos%2F498970%2Fplaca-mae-msi-mag-z790-tomahawk-max-atx-ddr5-wi-fi-rgb-bluetooth_1705585028_m.jpg&w=384&q=75'}
salvando_historico
update gpu on aws -> {'adm': 'kabum', 'name': 'Ventoinha Cooler Master Masterfan MF120 halo 2, 120mm, ARGB, Branco - MFL-B2DW-21NP2-R2', 'price': 'R$ 109,99', 'link': 'https://www.kabum.com.br/produto/532501/ventoinha-cooler-master-masterfan-mf120-halo-2-120mm-argb-branco-mfl-b2dw-21np2-r2', 'url_image': 'https://www.kabum.com.br//_next/image?url=https%3A%2F%2Fimages.kabum.com.br%2Fprodutos%2Ffotos%2F532501%2Fventoinha-cooler-master-masterfan-mf120-halo-2-120mm-argb-branco-mfl-b2dw-21np2-r2_1722451585_m.jpg&w=384&q=75'}
salvando_historico
update gpu on aws -> {'adm': 'kabum', 'name': 'Fonte Gamdias Cyclops M1-550B, 550W, 80 Plus Bronze, RGB', 'price': 'R$ 400,00', 'link': 'https://www.kabum.com.br/produto/543044/fonte-gamdias-cyclops-m1-550b-550w-80-plus-bronze-rgb', 'url_image': 'https://www.kabum.com.br//_next/image?url=https%3A%2F%2Fimages.kabum.com.br%2Fprodutos%2Ffotos%2F543044%2Ffonte-gamdias-cyclops-m1-550b-550w-80-plus-bronze-rgb_1714399085_m.jpg&w=384&q=75'}
salvando_historico
update gpu on aws -> {'adm': 'kabum', 'name': 'Placa Mãe Colorful BATTLE-AX B760M-T PRO V20, Intel LGA 1700, ITX para Core de 13ª e 12ª Geração, PCIe 5.0 - CVN-B760MTP-DDR4', 'price': 'R$ 809,99', 'link': 'https://www.kabum.com.br/produto/522305/placa-mae-colorful-battle-ax-b760m-t-pro-v20-intel-lga-1700-itx-para-core-de-13-e-12-geracao-pcie-5-0-cvn-b760mtp-ddr4', 'url_image': 'https://www.kabum.com.br//_next/image?url=https%3A%2F%2Fimages.kabum.com.br%2Fprodutos%2Ffotos%2F522305%2Fplaca-mae-colorful-battle-ax-b760m-t-pro-v20-lga-1700-itx-para-core-de-13-e-12-geracao-pcie-5-0-cvn-b760mtp-ddr4_1719580143_m.jpg&w=384&q=75'}
salvando_historico
update gpu on aws -> {'adm': 'kabum', 'name': 'Water Cooler NZXT Kraken Elite 280, 280mm, Intel e AMD, Preto - RL-KN28E-B1', 'price': 'R$ 1.699,99', 'link': 'https://www.kabum.com.br/produto/415804/water-cooler-nzxt-kraken-elite-280-280mm-intel-e-amd-preto-rl-kn28e-b1', 'url_image': 'https://www.kabum.com.br//_next/image?url=https%3A%2F%2Fimages.kabum.com.br%2Fprodutos%2Ffotos%2F415804%2Fwater-cooler-nzxt-kraken-elite-280-280mm-c-display-e-radiator-fans-preto-rl-kn28e-b1_1686341459_m.jpg&w=384&q=75'}
salvando_historico
update gpu on aws -> {'adm': 'kabum', 'name': 'Water Cooler Corsair iCUE H170i Elite Capellix XT, RGB, 420mm, AMD/Intel, Preto - CW-9060071-WW', 'price': 'R$ 1.899,99', 'link': 'https://www.kabum.com.br/produto/496643/water-cooler-corsair-icue-h170i-elite-capellix-xt-rgb-420mm-amd-intel-preto-cw-9060071-ww', 'url_image': 'https://www.kabum.com.br//_next/image?url=https%3A%2F%2Fimages.kabum.com.br%2Fprodutos%2Ffotos%2F496643%2Fwater-cooler-corsair-icue-h170i-elite-capellix-xt-fans-af140-rgb-elite-radiador-de-420mm-cw-9060071-ww_1706624620_m.jpg&w=384&q=75'}
salvando_historico
update gpu on aws -> {'adm': 'kabum', 'name': 'Placa Mãe Gigabyte AORUS Z790 PRO X, Intel, ATX, DDR5, RGB, Wi-Fi, Bluetooth - Z790 AORUS PRO X', 'price': 'R$ 4.629,99', 'link': 'https://www.kabum.com.br/produto/485275/placa-mae-gigabyte-aorus-z790-pro-x-intel-atx-ddr5-rgb-wi-fi-bluetooth-z790-aorus-pro-x', 'url_image': 'https://www.kabum.com.br//_next/image?url=https%3A%2F%2Fimages.kabum.com.br%2Fprodutos%2Ffotos%2F485275%2Fplaca-mae-gigabyte-aorus-z790-pro-x-intel-atx-ddr5-rgb-wi-fi-bluetooth-z790-aorus-pro-x_1703619890_m.jpg&w=384&q=75'}
salvando_historico
update gpu on aws -> {'adm': 'kabum', 'name': 'Water Cooler ASUS ROG Ryuo III 240 White Edition, ARGB, 240mm, AMD/Intel, Branco - 90RC00J2-M0UAY0', 'price': 'R$ 899,99', 'link': 'https://www.kabum.com.br/produto/463419/water-cooler-asus-rog-ryuo-iii-240-white-edition-argb-240mm-amd-intel-branco-90rc00j2-m0uay0', 'url_image': 'https://www.kabum.com.br//_next/image?url=https%3A%2F%2Fimages.kabum.com.br%2Fprodutos%2Ffotos%2F463419%2Fwater-cooler-asus-rog-ryuo-iii-240-argb-white-edition-240mm-amd-e-intel-para-pc-90rc00j2-m0uay0_1699561146_m.jpg&w=384&q=75'}
salvando_historico
Iterando página
update gpu on aws -> {'adm': 'kabum', 'name': 'Memória RAM Kingston KVR, 4GB, DDR4, 2666MHz, CL19 - KVR26N19S6L/4', 'price': 'R$ 115,99', 'link': 'https://www.kabum.com.br/produto/444338/memoria-ram-kingston-kvr-4gb-ddr4-2666mhz-cl19-kvr26n19s6l-4', 'url_image': 'https://www.kabum.com.br//_next/image?url=https%3A%2F%2Fimages.kabum.com.br%2Fprodutos%2Ffotos%2F444338%2Fmemoria-kingston-kvr-4gb-ddr4-2666mhz-cl19-kvr26n19s6l-4_1687349223_m.jpg&w=384&q=75'}
salvando_historico
update gpu on aws -> {'adm': 'kabum', 'name': 'Placa Mãe MSI MPG Z790 Edge TI Max, ATX, DDR5, Wi-Fi, RGB, Bluetooth', 'price': 'R$ 3.854,99', 'link': 'https://www.kabum.com.br/produto/498969/placa-mae-msi-mpg-z790-edge-ti-max-atx-ddr5-wi-fi-rgb-bluetooth', 'url_image': 'https://www.kabum.com.br//_next/image?url=https%3A%2F%2Fimages.kabum.com.br%2Fprodutos%2Ffotos%2F498969%2Fplaca-mae-msi-mpg-z790-edge-ti-max-atx-ddr5-wi-fi-rgb-bluetooth_1706116421_m.jpg&w=384&q=75'}
salvando_historico
update gpu on aws -> {'adm': 'kabum', 'name': 'Placa Mãe Asus PRIME H770-PLUS D4, Intel, ATX, DDR4 - 90MB1CU0-M0EAY0', 'price': 'R$ 1.399,99', 'link': 'https://www.kabum.com.br/produto/461371/placa-mae-asus-prime-h770-plus-d4-intel-atx-ddr4-90mb1cu0-m0eay0', 'url_image': 'https://www.kabum.com.br//_next/image?url=https%3A%2F%2Fimages.kabum.com.br%2Fprodutos%2Ffotos%2F461371%2Fplaca-mae-asus-prime-h770-plus-d4-intel-atx-ddr4-90mb1cu0-m0eay0_1698753587_m.jpg&w=384&q=75'}
salvando_historico
update gpu on aws -> {'adm': 'kabum', 'name': 'Water Cooler ASUS ROG Strix LC III 240 ARGB, 240mm, AMD e Intel, Preto - 90RC00S1-M0UAY0', 'price': 'R$ 1.099,99', 'link': 'https://www.kabum.com.br/produto/526975/water-cooler-asus-rog-strix-lc-iii-240-argb-240mm-amd-e-intel-preto-90rc00s1-m0uay0', 'url_image': 'https://www.kabum.com.br//_next/image?url=https%3A%2F%2Fimages.kabum.com.br%2Fprodutos%2Ffotos%2F526975%2Fwater-cooler-asus-rog-strix-lc-iii-240-argb-240mm-amd-e-intel-preto-90rc00s1-m0uay0_1722347439_m.jpg&w=384&q=75'}
salvando_historico
update gpu on aws -> {'adm': 'kabum', 'name': "HD WD 3TB Purple, 5400 RPM, 3.5', SATA - WD33PURZ", 'price': 'R$ 734,99', 'link': 'https://www.kabum.com.br/produto/497178/hd-wd-3tb-purple-5400-rpm-3-5-sata-wd33purz', 'url_image': 'https://www.kabum.com.br//_next/image?url=https%3A%2F%2Fimages.kabum.com.br%2Fprodutos%2Ffotos%2F497178%2Fhd-wd-3tb-purple-5400-rpm-3-5-sata-wd33purz_1709642988_m.jpg&w=384&q=75'}
salvando_historico
update gpu on aws -> {'adm': 'kabum', 'name': 'Fonte EVGA Super NOVA 1000 GT, 1000W, 80 Plus Gold, Full Modular, Auto Eco Mode com Fan FDB, Power ON Self Tester Incluso - 220-GT-1000-X1', 'price': 'R$ 1.399,99', 'link': 'https://www.kabum.com.br/produto/518026/fonte-evga-super-nova-1000-gt-1000w-80-plus-gold-full-modular-auto-eco-mode-com-fan-fdb-power-on-self-tester-incluso-220-gt-1000-x1', 'url_image': 'https://www.kabum.com.br//_next/image?url=https%3A%2F%2Fimages.kabum.com.br%2Fprodutos%2Ffotos%2F518026%2Ffonte-evga-super-nova-1000-gt-1000w-80-plus-gold-full-modular-auto-eco-mode-com-fan-fdb-power-on-self-tester-incluso-220-gt-1000-x1_1714763047_m.jpg&w=384&q=75'}
salvando_historico
update gpu on aws -> {'adm': 'kabum', 'name': 'Memória RAM Kingston Fury Beast, RGB, 64GB (4x16GB), 3200MHz, DDR4, CL16, Preto - KF432C16BB2AK4/64', 'price': 'R$ 1.499,99', 'link': 'https://www.kabum.com.br/produto/480534/memoria-ram-kingston-fury-beast-rgb-64gb-4x16gb-3200mhz-ddr4-cl16-preto-kf432c16bb2ak4-64', 'url_image': 'https://www.kabum.com.br//_next/image?url=https%3A%2F%2Fimages.kabum.com.br%2Fprodutos%2Ffotos%2F480534%2Fmemoria-kingston-fury-beast-rgb-64gb-4x16gb-3200mhz-ddr4-cl16-preto-kf432c16bb2ak4-64_1698351278_m.jpg&w=384&q=75'}
salvando_historico
update gpu on aws -> {'adm': 'kabum', 'name': 'Memória RAM Corsair Dominator, RGB, 16GB (2x8GB), 3200MHz, DDR4, CL16, Preto - CMT16GX4M2C3200C16', 'price': 'R$ 649,99', 'link': 'https://www.kabum.com.br/produto/101157/memoria-ram-corsair-dominator-rgb-16gb-2x8gb-3200mhz-ddr4-cl16-preto-cmt16gx4m2c3200c16', 'url_image': 'https://www.kabum.com.br//_next/image?url=https%3A%2F%2Fimages.kabum.com.br%2Fprodutos%2Ffotos%2F101157%2Fmemoria-corsair-dominator-rgb-16gb-2x8gb-3200mhz-ddr4-cl16-preto-cmt16gx4m2c3200c16_memoria-corsair-dominator-rgb-16gb-2x8gb-3200mhz-ddr4-cl16-preto-cmt16gx4m2c3200c16_1555533864_m.jpg&w=384&q=75'}
salvando_historico
update gpu on aws -> {'adm': 'kabum', 'name': 'Placa mãe Colorful CVN Z790 GAMING FROZEN V20 LGA 1700 Intel ATX DDR4 PCIE5.0, 13th Gen Intel Core - CVN-Z790GF-DDR4-WW', 'price': 'R$ 1.929,99', 'link': 'https://www.kabum.com.br/produto/522308/placa-mae-colorful-cvn-z790-gaming-frozen-v20-lga-1700-intel-atx-ddr4-pcie5-0-13th-gen-intel-core-cvn-z790gf-ddr4-ww', 'url_image': 'https://www.kabum.com.br//_next/image?url=https%3A%2F%2Fimages.kabum.com.br%2Fprodutos%2Ffotos%2F522308%2Fplaca-mae-colorful-cvn-z790-gaming-frozen-v20-lga-1700-intel-atx-ddr4-pcie5-0-13th-gen-intel-core-cvn-z790gf-ddr4-ww_1718293350_m.jpg&w=384&q=75'}
salvando_historico
Erro na paginação: Message: no such element: Unable to locate element: {"method":"css selector","selector":".priceCard"}
  (Session info: chrome=128.0.6613.119); For documentation on this error, please visit: https://www.selenium.dev/documentation/webdriver/troubleshooting/errors#no-such-element-exception
Stacktrace:
#0 0x55960fec62da <unknown>
#1 0x55960fb94200 <unknown>
#2 0x55960fbe3aa2 <unknown>
#3 0x55960fbe3d41 <unknown>
#4 0x55960fbd8386 <unknown>
#5 0x55960fc088fd <unknown>
#6 0x55960fbd8279 <unknown>
#7 0x55960fc08a9e <unknown>
#8 0x55960fc26dfd <unknown>
#9 0x55960fc08673 <unknown>
#10 0x55960fbd6473 <unknown>
#11 0x55960fbd747e <unknown>
#12 0x55960fe8d0db <unknown>
#13 0x55960fe91071 <unknown>
#14 0x55960fe799d5 <unknown>
#15 0x55960fe91bf2 <unknown>
#16 0x55960fe5eb6f <unknown>
#17 0x55960feb5248 <unknown>
#18 0x55960feb5417 <unknown>
#19 0x55960fec50cc <unknown>
#20 0x7f42f6d66ac3 <unknown>

Finalizando o scraping...
-----> FIM DA ITERAÇÃO WHILE <--------


-----> NOVA ITERAÇÃO WHILE <--------
Iniciando Scraping, URL = https://www.kabum.com.br/hardware?page_number=1&page_size=100&facet_filters=&sort=most_searched
Iterando página
update gpu on aws -> {'adm': 'kabum', 'name': 'Processador AMD Ryzen 5 5600GT, 3.6 GHz, (4.6GHz Max Turbo), Cachê 4MB, 6 Núcleos, 12 Threads, AM4 - 100-100001488BOX', 'price': 'R$ 894,73', 'link': 'https://www.kabum.com.br/produto/520368/processador-amd-ryzen-5-5600gt-3-6-ghz-4-6ghz-max-turbo-cache-4mb-6-nucleos-12-threads-am4-100-100001488box', 'url_image': 'https://www.kabum.com.br//_next/image?url=https%3A%2F%2Fimages.kabum.com.br%2Fprodutos%2Ffotos%2F520368%2Fprocessador-amd-ryzen-5-5600gt-3-6-ghz-4-6ghz-max-turbo-cache-4mb-6-nucleos-12-threads-am4-100-100001488box_1708024586_m.jpg&w=384&q=75'}
salvando_historico
update gpu on aws -> {'adm': 'kabum', 'name': 'Fonte Corsair CX Series CX750, 750W, 80 Plus Bronze, Com Cabo, Preto - CP-9020279-BR', 'price': 'R$ 599,99', 'link': 'https://www.kabum.com.br/produto/516057/fonte-corsair-cx-series-cx750-750w-80-plus-bronze-com-cabo-preto-cp-9020279-br', 'url_image': 'https://www.kabum.com.br//_next/image?url=https%3A%2F%2Fimages.kabum.com.br%2Fprodutos%2Ffotos%2F516057%2Ffonte-corsair-cx-series-cx750-750w-80-plus-bronze-sem-cabo-preto-cp-9020279-br_1714484853_m.jpg&w=384&q=75'}
salvando_historico
update gpu on aws -> {'adm': 'kabum', 'name': 'SSD 128GB KBM! Gaming, SATA III, leitura 500mbs/ Gravacao 450mbs - KGSSD110128', 'price': 'R$ 119,99', 'link': 'https://www.kabum.com.br/produto/538704/ssd-128gb-kbm-gaming-sata-iii-leitura-500mbs-gravacao-450mbs-kgssd110128', 'url_image': 'https://www.kabum.com.br//_next/image?url=https%3A%2F%2Fimages.kabum.com.br%2Fprodutos%2Ffotos%2F538704%2Fssd-128gb-kbm-gaming-sata-iii-leitura-500mbs-gravacao-450mbs-kgssd110128_1718387053_m.jpg&w=384&q=75'}
salvando_historico
update gpu on aws -> {'adm': 'kabum', 'name': 'Controladora Gamer Para Cooler Rise Mode Sound, ARGB, 6p, 10 Fans - RM-COS-ARGB', 'price': 'R$ 49,98', 'link': 'https://www.kabum.com.br/produto/506057/controladora-gamer-para-cooler-rise-mode-sound-argb-6p-10-fans-rm-cos-argb', 'url_image': 'https://www.kabum.com.br//_next/image?url=https%3A%2F%2Fimages.kabum.com.br%2Fprodutos%2Ffotos%2F506057%2Fcontroladora-rise-mode-sound-argb-6p-10-fans-rm-cos-argb_1722944919_m.jpg&w=384&q=75'}
salvando_historico
update gpu on aws -> {'adm': 'kabum', 'name': 'Controladora Gamer Para Cooler Rise Mode PWM e ARGB Hub - RM-COPW-ARGB', 'price': 'R$ 49,98', 'link': 'https://www.kabum.com.br/produto/513860/controladora-gamer-para-cooler-rise-mode-pwm-e-argb-hub-rm-copw-argb', 'url_image': 'https://www.kabum.com.br//_next/image?url=https%3A%2F%2Fimages.kabum.com.br%2Fprodutos%2Ffotos%2F513860%2Fcontroladora-gamer-para-cooler-rise-mode-pwm-e-argb-hub-rm-copw-argb_1725650950_m.jpg&w=384&q=75'}
salvando_historico
Iterando página
Iterando página
Iterando página
Iterando página
Iterando página
Iterando página
update gpu on aws -> {'adm': 'kabum', 'name': 'Air Cooler Deepcool AK620, AMD/Intel, 120mm, Preto - R-AK620-BKNNMT-G', 'price': 'R$ 429,99', 'link': 'https://www.kabum.com.br/produto/388307/air-cooler-deepcool-ak620-amd-intel-120mm-preto-r-ak620-bknnmt-g', 'url_image': 'https://www.kabum.com.br//_next/image?url=https%3A%2F%2Fimages.kabum.com.br%2Fprodutos%2Ffotos%2F388307%2Fcooler-para-processador-deepcool-ak620-amd-intel-120mm-preto-r-ak620-bknnmt-g_1670620004_m.jpg&w=384&q=75'}
salvando_historico
enviando mensagem pro telegram - Atualização de produto
get ultimo produt
Iterando página
Iterando página
Iterando página
Iterando página
update gpu on aws -> {'adm': 'kabum', 'name': 'Placa Mae Asus ROG Strix X670E-F Gaming Wi-Fi, AMD X670, AM5, DDR5 - 90MB1BA0-M0EAY0', 'price': 'R$ 3.379,99', 'link': 'https://www.kabum.com.br/produto/376218/placa-mae-asus-rog-strix-x670e-f-gaming-wi-fi-amd-x670-am5-ddr5-90mb1ba0-m0eay0', 'url_image': 'https://www.kabum.com.br//_next/image?url=https%3A%2F%2Fimages.kabum.com.br%2Fprodutos%2Ffotos%2F376218%2Fplaca-mae-asus-rog-strix-x670e-f-gaming-wifi-amd-x670-am5-ddr5-90mb1ba0-m0eay0_1668176712_m.jpg&w=384&q=75'}
salvando_historico
enviando mensagem pro telegram - Atualização de produto
get ultimo produt
update gpu on aws -> {'adm': 'kabum', 'name': 'Fonte MSI MEG Ai1300P, 1300W, 80 Plus Platinum, Modular, PFC Ativo, Bivolt, Preto - MEG Ai1300P PCIE5', 'price': 'R$ 1.799,99', 'link': 'https://www.kabum.com.br/produto/508037/fonte-msi-meg-ai1300p-1300w-80-plus-platinum-modular-pfc-ativo-bivolt-preto-meg-ai1300p-pcie5', 'url_image': 'https://www.kabum.com.br//_next/image?url=https%3A%2F%2Fimages.kabum.com.br%2Fprodutos%2Ffotos%2F508037%2Ffonte-msi-meg-ai1300p-1300w-80-plus-platina-modular-pfc-ativo-bivolt-preto-meg-ai1300p-pcie5_1710333398_m.jpg&w=384&q=75'}
salvando_historico
enviando mensagem pro telegram - Atualização de produto
get ultimo produt
update gpu on aws -> {'adm': 'kabum', 'name': 'SSD Gigabyte AORUS Gen4 7300 2TB, PCI Express 4.0 x4, NVMe 1.4, Leitura:7300MB/s e Gravação:6850MB/s - AG4732TB', 'price': 'R$ 1.149,99', 'link': 'https://www.kabum.com.br/produto/485005/ssd-gigabyte-aorus-gen4-7300-2tb-pci-express-4-0-x4-nvme-1-4-leitura-7300mb-s-e-gravacao-6850mb-s-ag4732tb', 'url_image': 'https://www.kabum.com.br//_next/image?url=https%3A%2F%2Fimages.kabum.com.br%2Fprodutos%2Ffotos%2F485005%2Fssd-gigabyte-aorus-gen4-7300-2tb-pci-express-4-0-x4-nvme-1-4-leitura-7300mb-s-e-gravacao-6850mb-s-ag4732tb_1699538311_m.jpg&w=384&q=75'}
salvando_historico
enviando mensagem pro telegram - Atualização de produto
get ultimo produt
update gpu on aws -> {'adm': 'kabum', 'name': 'Memória RAM Husky Gaming Storm RGB, 8GB, 3200MHz, DDR4 - CL22, Dourada - HGMF019', 'price': 'R$ 169,99', 'link': 'https://www.kabum.com.br/produto/454444/memoria-ram-husky-gaming-storm-rgb-8gb-3200mhz-ddr4-cl22-dourada-hgmf019', 'url_image': 'https://www.kabum.com.br//_next/image?url=https%3A%2F%2Fimages.kabum.com.br%2Fprodutos%2Ffotos%2F454444%2Fmemoria-husky-gaming-storm-rgb-8gb-3200mhz-ddr4-cl22-dourada-hgmf019_1691158365_m.jpg&w=384&q=75'}
salvando_historico
update gpu on aws -> {'adm': 'kabum', 'name': 'HD Externo WD 1TB Elements, USB 3.0, Preto - WDBUZG0010BBK', 'price': 'R$ 404,99', 'link': 'https://www.kabum.com.br/produto/66405/hd-externo-wd-1tb-elements-usb-3-0-preto-wdbuzg0010bbk', 'url_image': 'https://www.kabum.com.br//_next/image?url=https%3A%2F%2Fimages.kabum.com.br%2Fprodutos%2Ffotos%2F66405%2F66405_1439816331_m.jpg&w=384&q=75'}
salvando_historico
Iterando página
update gpu on aws -> {'adm': 'kabum', 'name': 'Placa Mãe ASRock B550M Phantom Gaming 4, AMD B550, mATX, DDR4 - 90-MXBE9*', 'price': 'R$ 709,99', 'link': 'https://www.kabum.com.br/produto/525051/placa-mae-asrock-b550m-phantom-gaming-4-amd-b550-matx-ddr4-90-mxbe9-', 'url_image': 'https://www.kabum.com.br//_next/image?url=https%3A%2F%2Fimages.kabum.com.br%2Fprodutos%2Ffotos%2F525051%2Fplaca-mae-asrock-b550m-phantom-gaming-4-amd-b550-matx-ddr4-90-mxbe9-_1718718634_m.jpg&w=384&q=75'}
salvando_historico
enviando mensagem pro telegram - Atualização de produto
get ultimo produt
update gpu on aws -> {'adm': 'kabum', 'name': 'HD WD Externo Portátil My Passport, 2TB, USB 3.2, Vermelho - WDBYVG0020BRD-WESN', 'price': 'R$ 514,99', 'link': 'https://www.kabum.com.br/produto/108062/hd-wd-externo-portatil-my-passport-2tb-usb-3-2-vermelho-wdbyvg0020brd-wesn', 'url_image': 'https://www.kabum.com.br//_next/image?url=https%3A%2F%2Fimages.kabum.com.br%2Fprodutos%2Ffotos%2F108062%2Fhd-wd-externo-portatil-my-passport-2tb-usb-3-0-vermelho-wdbyvg0020brd-wesn_hd-wd-externo-portatil-my-passport-2tb-usb-3-0-vermelho-wdbyvg0020brd-wesn_1573648569_m.jpg&w=384&q=75'}
salvando_historico
enviando mensagem pro telegram - Atualização de produto
get ultimo produt
update gpu on aws -> {'adm': 'kabum', 'name': 'Kit Com 3 Ventoinhas NZXT, 120mm, RGB, Branco - RF-R12TF-W1', 'price': 'R$ 389,99', 'link': 'https://www.kabum.com.br/produto/369239/kit-com-3-ventoinhas-nzxt-120mm-rgb-branco-rf-r12tf-w1', 'url_image': 'https://www.kabum.com.br//_next/image?url=https%3A%2F%2Fimages.kabum.com.br%2Fprodutos%2Ffotos%2F369239%2Fkit-3-cooler-fan-nzxt-120mm-rgb-branco-rf-r12tf-w1_1667925640_m.jpg&w=384&q=75'}
salvando_historico
enviando mensagem pro telegram - Atualização de produto
get ultimo produt
update gpu on aws -> {'adm': 'kabum', 'name': 'Water Cooler MSI Mag Coreliquid E240, ARGB, 240mm, Intel/AMD, Preto - MAG CORELIQUID E240', 'price': 'R$ 539,99', 'link': 'https://www.kabum.com.br/produto/524435/water-cooler-msi-mag-coreliquid-e240-argb-240mm-intel-amd-preto-mag-coreliquid-e240', 'url_image': 'https://www.kabum.com.br//_next/image?url=https%3A%2F%2Fimages.kabum.com.br%2Fprodutos%2Ffotos%2F524435%2Fwater-cooler-msi-mag-coreliquid-e240-argb-240mm-intel-amd-preto-mag-coreliquid-e240_1713809616_m.jpg&w=384&q=75'}
salvando_historico
enviando mensagem pro telegram - Atualização de produto
get ultimo produt
update gpu on aws -> {'adm': 'kabum', 'name': 'Memória RAM Husky Gaming Blizzard RGB, 16GB, 3600MHz, DDR4 - CL26, Dourada - HGMF028', 'price': 'R$ 299,99', 'link': 'https://www.kabum.com.br/produto/454461/memoria-ram-husky-gaming-blizzard-rgb-16gb-3600mhz-ddr4-cl26-dourada-hgmf028', 'url_image': 'https://www.kabum.com.br//_next/image?url=https%3A%2F%2Fimages.kabum.com.br%2Fprodutos%2Ffotos%2F454461%2Fmemoria-husky-gaming-blizzard-rgb-16gb-3600mhz-ddr4-cl26-dourada-hgmf028_1696871808_m.jpg&w=384&q=75'}
salvando_historico
update gpu on aws -> {'adm': 'kabum', 'name': 'Fonte KBM! GAMING FN750, 750W, 80 Plus e Cybenetics Gold, PFC Ativo, Full Modular, Bivolt - KGFN75075PT', 'price': 'R$ 549,99', 'link': 'https://www.kabum.com.br/produto/472037/fonte-kbm-gaming-fn750-750w-80-plus-e-cybenetics-gold-pfc-ativo-full-modular-bivolt-kgfn75075pt', 'url_image': 'https://www.kabum.com.br//_next/image?url=https%3A%2F%2Fimages.kabum.com.br%2Fprodutos%2Ffotos%2F472037%2Ffonte-kbm-gaming-fn750-750w-80-plus-e-cybenetics-gold-pfc-ativo-full-modular-bivolt-kgfn75075pt_1723556203_m.jpg&w=384&q=75'}
salvando_historico
enviando mensagem pro telegram - Atualização de produto
get ultimo produt
update gpu on aws -> {'adm': 'kabum', 'name': 'Air Cooler Cooler Master MasterAir MA824 Stealth, Intel-AMD, 120mm, Preto - MAM-D8PN-318PK-R1', 'price': 'R$ 679,99', 'link': 'https://www.kabum.com.br/produto/472542/air-cooler-cooler-master-masterair-ma824-stealth-intel-amd-120mm-preto-mam-d8pn-318pk-r1', 'url_image': 'https://www.kabum.com.br//_next/image?url=https%3A%2F%2Fimages.kabum.com.br%2Fprodutos%2Ffotos%2F472542%2Fcooler-para-processador-cooler-master-masterair-ma824-stealth-rgb-intel-amd-120mm-preto-mam-d8pn-318pk-r1_1690222672_m.jpg&w=384&q=75'}
salvando_historico
enviando mensagem pro telegram - Atualização de produto
get ultimo produt
update gpu on aws -> {'adm': 'kabum', 'name': 'Water Cooler Cooler Master Masterliquid ML120L V2, 120mm, AMD/Intel, Preto - MLW-D12M-A18PK-R2', 'price': 'R$ 249,99', 'link': 'https://www.kabum.com.br/produto/129927/water-cooler-cooler-master-masterliquid-ml120l-v2-120mm-amd-intel-preto-mlw-d12m-a18pk-r2', 'url_image': 'https://www.kabum.com.br//_next/image?url=https%3A%2F%2Fimages.kabum.com.br%2Fprodutos%2Ffotos%2F129927%2Fwater-cooler-cooler-master-masterliquid-ml120l-v2-120mm-rgb-mlw-d12m-a18pk-r2_1604694642_m.jpg&w=384&q=75'}
salvando_historico
enviando mensagem pro telegram - Atualização de produto
get ultimo produt
update gpu on aws -> {'adm': 'kabum', 'name': 'Memória RAM Kingston Fury Beast, 128GB (4x32GB), 5600MHz, DDR5, CL40,para Intel XMP, Preto - KF556C40BBK4-128', 'price': 'R$ 3.299,99', 'link': 'https://www.kabum.com.br/produto/452733/memoria-ram-kingston-fury-beast-128gb-4x32gb-5600mhz-ddr5-cl40-para-intel-xmp-preto-kf556c40bbk4-128', 'url_image': 'https://www.kabum.com.br//_next/image?url=https%3A%2F%2Fimages.kabum.com.br%2Fprodutos%2Ffotos%2F452733%2Fmemoria-kingston-fury-beast-para-intel-xmp-128gb-4x32gb-5600mhz-ddr5-cl40-preto-kf556c40bbk4-128_1688753455_m.jpg&w=384&q=75'}
salvando_historico
enviando mensagem pro telegram - Atualização de produto
get ultimo produt
update gpu on aws -> {'adm': 'kabum', 'name': 'Water Cooler NZXT Kraken Elite 240, 240mm, AMD/Intel, Preto - RL-KN24E-B1', 'price': 'R$ 1.439,99', 'link': 'https://www.kabum.com.br/produto/415803/water-cooler-nzxt-kraken-elite-240-240mm-amd-intel-preto-rl-kn24e-b1', 'url_image': 'https://www.kabum.com.br//_next/image?url=https%3A%2F%2Fimages.kabum.com.br%2Fprodutos%2Ffotos%2F415803%2Fwater-cooler-nzxt-kraken-elite-240-240mm-c-display-e-radiator-fans-preto-rl-kn24e-b1_1685642333_m.jpg&w=384&q=75'}
salvando_historico
enviando mensagem pro telegram - Atualização de produto
get ultimo produt
update gpu on aws -> {'adm': 'kabum', 'name': 'Placa Mãe Asus ROG STRIX Z790-A GAMING WIFI II, INTEL, Z790, ATX, DDR5 - 90MB1FN0-M0AAY0', 'price': 'R$ 2.879,99', 'link': 'https://www.kabum.com.br/produto/521062/placa-mae-asus-rog-strix-z790-a-gaming-wifi-ii-intel-z790-atx-ddr5-90mb1fn0-m0aay0', 'url_image': 'https://www.kabum.com.br//_next/image?url=https%3A%2F%2Fimages.kabum.com.br%2Fprodutos%2Ffotos%2F521062%2Fplaca-mae-asus-rog-strix-z790-a-gaming-wifi-ii-intel-z790-atx-ddr5-90mb1fn0-m0aay0_1723750263_m.jpg&w=384&q=75'}
salvando_historico
enviando mensagem pro telegram - Atualização de produto
get ultimo produt
update gpu on aws -> {'adm': 'kabum', 'name': 'Fonte EVGA 650 B5, 650W, 80 Plus Bronze, Full Modular, EVGA ECO Mode, Tamanho Compacto 150mm Size - 220-B5-0650-V1', 'price': 'R$ 579,99', 'link': 'https://www.kabum.com.br/produto/518022/fonte-evga-650-b5-650w-80-plus-bronze-full-modular-evga-eco-mode-tamanho-compacto-150mm-size-220-b5-0650-v1', 'url_image': 'https://www.kabum.com.br//_next/image?url=https%3A%2F%2Fimages.kabum.com.br%2Fprodutos%2Ffotos%2F518022%2Ffonte-evga-650-b5-650w-80-plus-bronze-full-modular-evga-eco-mode-tamanho-compacto-150mm-size-220-b5-0650-v_1714410751_m.jpg&w=384&q=75'}
salvando_historico
enviando mensagem pro telegram - Atualização de produto
get ultimo produt
update gpu on aws -> {'adm': 'kabum', 'name': 'Water Cooler Corsair H100i Elite, RGB, 240mm, AMD/Intel, Branco - CW-9060078-WW', 'price': 'R$ 710,99', 'link': 'https://www.kabum.com.br/produto/496665/water-cooler-corsair-h100i-elite-rgb-240mm-amd-intel-branco-cw-9060078-ww', 'url_image': 'https://www.kabum.com.br//_next/image?url=https%3A%2F%2Fimages.kabum.com.br%2Fprodutos%2Ffotos%2F496665%2Fwater-cooler-corsair-h100i-rgb-elite-branco-16-leds-rgb-dinamicos-ventoinhas-af120-elite-pwm-cw-9060078-ww_1706641967_m.jpg&w=384&q=75'}
salvando_historico
enviando mensagem pro telegram - Atualização de produto
Erro: 429, b'{"error":"server.client.error","description":"Unknown error! Please try again later!"}'
Tentando criar link de afiliado novamente
Erro: 429, b'{"error":"server.client.error","description":"Unknown error! Please try again later!"}'
Tentando criar link de afiliado novamente
Erro: 429, b'{"error":"server.client.error","description":"Unknown error! Please try again later!"}'
Tentando criar link de afiliado novamente
Erro: 429, b'{"error":"server.client.error","description":"Unknown error! Please try again later!"}'
Tentando criar link de afiliado novamente
Erro: 429, b'{"error":"server.client.error","description":"Unknown error! Please try again later!"}'
Tentando criar link de afiliado novamente
Erro: 429, b'{"error":"server.client.error","description":"Unknown error! Please try again later!"}'
Tentando criar link de afiliado novamente
Erro: 429, b'{"error":"server.client.error","description":"Unknown error! Please try again later!"}'
Tentando criar link de afiliado novamente
Erro: 429, b'{"error":"server.client.error","description":"Unknown error! Please try again later!"}'
Tentando criar link de afiliado novamente
Erro: 429, b'{"error":"server.client.error","description":"Unknown error! Please try again later!"}'
Tentando criar link de afiliado novamente
Erro: 429, b'{"error":"server.client.error","description":"Unknown error! Please try again later!"}'
Tentando criar link de afiliado novamente
Erro: 429, b'{"error":"server.client.error","description":"Unknown error! Please try again later!"}'
Tentando criar link de afiliado novamente
Erro: 429, b'{"error":"server.client.error","description":"Unknown error! Please try again later!"}'
Tentando criar link de afiliado novamente
Erro: 429, b'{"error":"server.client.error","description":"Unknown error! Please try again later!"}'
Tentando criar link de afiliado novamente
Erro: 429, b'{"error":"server.client.error","description":"Unknown error! Please try again later!"}'
Tentando criar link de afiliado novamente
Erro: 429, b'{"error":"server.client.error","description":"Unknown error! Please try again later!"}'
Tentando criar link de afiliado novamente
Erro: 429, b'{"error":"server.client.error","description":"Unknown error! Please try again later!"}'
Tentando criar link de afiliado novamente
Erro: 429, b'{"error":"server.client.error","description":"Unknown error! Please try again later!"}'
Tentando criar link de afiliado novamente
Erro: 429, b'{"error":"server.client.error","description":"Unknown error! Please try again later!"}'
Tentando criar link de afiliado novamente
Erro: 429, b'{"error":"server.client.error","description":"Unknown error! Please try again later!"}'
Tentando criar link de afiliado novamente
Erro: 429, b'{"error":"server.client.error","description":"Unknown error! Please try again later!"}'
Tentando criar link de afiliado novamente
Erro: 429, b'{"error":"server.client.error","description":"Unknown error! Please try again later!"}'
Tentando criar link de afiliado novamente
Erro: 429, b'{"error":"server.client.error","description":"Unknown error! Please try again later!"}'
Tentando criar link de afiliado novamente
Erro: 429, b'{"error":"server.client.error","description":"Unknown error! Please try again later!"}'
Tentando criar link de afiliado novamente
Erro: 429, b'{"error":"server.client.error","description":"Unknown error! Please try again later!"}'
Tentando criar link de afiliado novamente
Erro: 429, b'{"error":"server.client.error","description":"Unknown error! Please try again later!"}'
Tentando criar link de afiliado novamente
Erro: 429, b'{"error":"server.client.error","description":"Unknown error! Please try again later!"}'
Tentando criar link de afiliado novamente
Erro: 429, b'{"error":"server.client.error","description":"Unknown error! Please try again later!"}'
Tentando criar link de afiliado novamente
Erro: 429, b'{"error":"server.client.error","description":"Unknown error! Please try again later!"}'
Tentando criar link de afiliado novamente
Erro: 429, b'{"error":"server.client.error","description":"Unknown error! Please try again later!"}'
Tentando criar link de afiliado novamente
Erro: 429, b'{"error":"server.client.error","description":"Unknown error! Please try again later!"}'
Tentando criar link de afiliado novamente
Erro: 429, b'{"error":"server.client.error","description":"Unknown error! Please try again later!"}'
Tentando criar link de afiliado novamente
Erro: 429, b'{"error":"server.client.error","description":"Unknown error! Please try again later!"}'
Tentando criar link de afiliado novamente
Erro: 429, b'{"error":"server.client.error","description":"Unknown error! Please try again later!"}'
Tentando criar link de afiliado novamente
Erro: 429, b'{"error":"server.client.error","description":"Unknown error! Please try again later!"}'
Tentando criar link de afiliado novamente
Erro: 429, b'{"error":"server.client.error","description":"Unknown error! Please try again later!"}'
Tentando criar link de afiliado novamente
Erro: 429, b'{"error":"server.client.error","description":"Unknown error! Please try again later!"}'
Tentando criar link de afiliado novamente
Erro: 429, b'{"error":"server.client.error","description":"Unknown error! Please try again later!"}'
Tentando criar link de afiliado novamente
Erro: 429, b'{"error":"server.client.error","description":"Unknown error! Please try again later!"}'
Tentando criar link de afiliado novamente
Erro: 429, b'{"error":"server.client.error","description":"Unknown error! Please try again later!"}'
Tentando criar link de afiliado novamente
Erro: 429, b'{"error":"server.client.error","description":"Unknown error! Please try again later!"}'
Tentando criar link de afiliado novamente
Erro: 429, b'{"error":"server.client.error","description":"Unknown error! Please try again later!"}'
Tentando criar link de afiliado novamente
Erro: 429, b'{"error":"server.client.error","description":"Unknown error! Please try again later!"}'
Tentando criar link de afiliado novamente
Erro: 429, b'{"error":"server.client.error","description":"Unknown error! Please try again later!"}'
Tentando criar link de afiliado novamente
Erro: 429, b'{"error":"server.client.error","description":"Unknown error! Please try again later!"}'
Tentando criar link de afiliado novamente
Erro: 429, b'{"error":"server.client.error","description":"Unknown error! Please try again later!"}'
Tentando criar link de afiliado novamente
Erro: 429, b'{"error":"server.client.error","description":"Unknown error! Please try again later!"}'
Tentando criar link de afiliado novamente
Erro: 429, b'{"error":"server.client.error","description":"Unknown error! Please try again later!"}'
Tentando criar link de afiliado novamente
Erro: 429, b'{"error":"server.client.error","description":"Unknown error! Please try again later!"}'
Tentando criar link de afiliado novamente
Erro: 429, b'{"error":"server.client.error","description":"Unknown error! Please try again later!"}'
Tentando criar link de afiliado novamente
Erro: 429, b'{"error":"server.client.error","description":"Unknown error! Please try again later!"}'
Tentando criar link de afiliado novamente
Erro: 429, b'{"error":"server.client.error","description":"Unknown error! Please try again later!"}'
Tentando criar link de afiliado novamente
Erro: 429, b'{"error":"server.client.error","description":"Unknown error! Please try again later!"}'
Tentando criar link de afiliado novamente
Erro: 429, b'{"error":"server.client.error","description":"Unknown error! Please try again later!"}'
Tentando criar link de afiliado novamente
Erro: 429, b'{"error":"server.client.error","description":"Unknown error! Please try again later!"}'
Tentando criar link de afiliado novamente
Erro: 429, b'{"error":"server.client.error","description":"Unknown error! Please try again later!"}'
Tentando criar link de afiliado novamente
Erro: 429, b'{"error":"server.client.error","description":"Unknown error! Please try again later!"}'
Tentando criar link de afiliado novamente
Erro: 429, b'{"error":"server.client.error","description":"Unknown error! Please try again later!"}'
Tentando criar link de afiliado novamente
Erro: 429, b'{"error":"server.client.error","description":"Unknown error! Please try again later!"}'
Tentando criar link de afiliado novamente
Erro: 429, b'{"error":"server.client.error","description":"Unknown error! Please try again later!"}'
Tentando criar link de afiliado novamente
Erro: 429, b'{"error":"server.client.error","description":"Unknown error! Please try again later!"}'
Tentando criar link de afiliado novamente
Erro: 429, b'{"error":"server.client.error","description":"Unknown error! Please try again later!"}'
Tentando criar link de afiliado novamente
Erro: 429, b'{"error":"server.client.error","description":"Unknown error! Please try again later!"}'
Tentando criar link de afiliado novamente
Erro: 429, b'{"error":"server.client.error","description":"Unknown error! Please try again later!"}'
Tentando criar link de afiliado novamente
Erro: 429, b'{"error":"server.client.error","description":"Unknown error! Please try again later!"}'
Tentando criar link de afiliado novamente
Erro: 429, b'{"error":"server.client.error","description":"Unknown error! Please try again later!"}'
Tentando criar link de afiliado novamente
Erro: 429, b'{"error":"server.client.error","description":"Unknown error! Please try again later!"}'
Tentando criar link de afiliado novamente
Erro: 429, b'{"error":"server.client.error","description":"Unknown error! Please try again later!"}'
Tentando criar link de afiliado novamente
Erro: 429, b'{"error":"server.client.error","description":"Unknown error! Please try again later!"}'
Tentando criar link de afiliado novamente
Erro: 429, b'{"error":"server.client.error","description":"Unknown error! Please try again later!"}'
Tentando criar link de afiliado novamente
Erro: 429, b'{"error":"server.client.error","description":"Unknown error! Please try again later!"}'
Tentando criar link de afiliado novamente
Erro: 429, b'{"error":"server.client.error","description":"Unknown error! Please try again later!"}'
Tentando criar link de afiliado novamente
Erro: 429, b'{"error":"server.client.error","description":"Unknown error! Please try again later!"}'
Tentando criar link de afiliado novamente
Erro: 429, b'{"error":"server.client.error","description":"Unknown error! Please try again later!"}'
Tentando criar link de afiliado novamente
Erro: 429, b'{"error":"server.client.error","description":"Unknown error! Please try again later!"}'
Tentando criar link de afiliado novamente
Erro: 429, b'{"error":"server.client.error","description":"Unknown error! Please try again later!"}'
Tentando criar link de afiliado novamente
Erro: 429, b'{"error":"server.client.error","description":"Unknown error! Please try again later!"}'
Tentando criar link de afiliado novamente
Erro: 429, b'{"error":"server.client.error","description":"Unknown error! Please try again later!"}'
Tentando criar link de afiliado novamente
Erro: 429, b'{"error":"server.client.error","description":"Unknown error! Please try again later!"}'
Tentando criar link de afiliado novamente
Erro: 429, b'{"error":"server.client.error","description":"Unknown error! Please try again later!"}'
Tentando criar link de afiliado novamente
Erro: 429, b'{"error":"server.client.error","description":"Unknown error! Please try again later!"}'
Tentando criar link de afiliado novamente
Traceback (most recent call last):
  File "/home/pedro/Github/kabum_sqlite_telegram/app/main.py", line 17, in <module>
    main_selenium(driver, URL)
  File "/home/pedro/Github/kabum_sqlite_telegram/app/handler.py", line 95, in main_selenium
    handle_pagination(driver)
  File "/home/pedro/Github/kabum_sqlite_telegram/app/handler.py", line 77, in handle_pagination
    handle_pagination(driver)
  File "/home/pedro/Github/kabum_sqlite_telegram/app/handler.py", line 77, in handle_pagination
    handle_pagination(driver)
  File "/home/pedro/Github/kabum_sqlite_telegram/app/handler.py", line 77, in handle_pagination
    handle_pagination(driver)
  [Previous line repeated 7 more times]
  File "/home/pedro/Github/kabum_sqlite_telegram/app/handler.py", line 76, in handle_pagination
    process_products(driver)
  File "/home/pedro/Github/kabum_sqlite_telegram/app/handler.py", line 59, in process_products
    update_price(db_conn, gpu_item)
  File "/home/pedro/Github/kabum_sqlite_telegram/app/crud.py", line 79, in update_price
    asyncio.run(mensagem_novo_valor_gpu(old_produto, produto))
  File "/usr/lib/python3.10/asyncio/runners.py", line 44, in run
    return loop.run_until_complete(main)
  File "/usr/lib/python3.10/asyncio/base_events.py", line 636, in run_until_complete
    self.run_forever()
  File "/usr/lib/python3.10/asyncio/base_events.py", line 603, in run_forever
    self._run_once()
  File "/usr/lib/python3.10/asyncio/base_events.py", line 1909, in _run_once
    handle._run()
  File "/usr/lib/python3.10/asyncio/events.py", line 80, in _run
    self._context.run(self._callback, *self._args)
  File "/home/pedro/Github/kabum_sqlite_telegram/app/utils/utils_telegram.py", line 28, in mensagem_novo_valor_gpu
    produto_link = escape_markdown_v2(create_affiliate_link(produto["link"]))
  File "/home/pedro/Github/kabum_sqlite_telegram/app/utils/utils_affiliate.py", line 35, in create_affiliate_link
    create_affiliate_link(original_url)
  File "/home/pedro/Github/kabum_sqlite_telegram/app/utils/utils_affiliate.py", line 35, in create_affiliate_link
    create_affiliate_link(original_url)
  File "/home/pedro/Github/kabum_sqlite_telegram/app/utils/utils_affiliate.py", line 35, in create_affiliate_link
    create_affiliate_link(original_url)
  [Previous line repeated 77 more times]
  File "/home/pedro/Github/kabum_sqlite_telegram/app/utils/utils_affiliate.py", line 32, in create_affiliate_link
    sleep(60)
KeyboardInterrupt
-----> NOVA ITERAÇÃO WHILE <--------
Iniciando Scraping, URL = https://www.kabum.com.br/hardware?page_number=1&page_size=100&facet_filters=&sort=most_searched
Iterando página
update gpu on aws -> {'adm': 'kabum', 'name': 'Fonte MSI MAG A650BN, 650W, 80 Plus Bronze, PFC Ativo, Com Cabo, Preto - 306-7ZP2B22-CE0', 'price': 'R$ 299,99', 'link': 'https://www.kabum.com.br/produto/369658/fonte-msi-mag-a650bn-650w-80-plus-bronze-pfc-ativo-com-cabo-preto-306-7zp2b22-ce0', 'url_image': 'https://www.kabum.com.br//_next/image?url=https%3A%2F%2Fimages.kabum.com.br%2Fprodutos%2Ffotos%2F369658%2Ffonte-msi-mag-a650bn-atx-650w-80-plus-bronze-pfc-ativo-entrada-bivolt-preto-306-7zp2b22-ce0_1665770996_m.jpg&w=384&q=75'}
salvando_historico
update gpu on aws -> {'adm': 'kabum', 'name': 'Placa de Vídeo RTX 4060 VENTUS 2x Black OC MSI NVIDIA GeForce, 8GB GDDR6, DLSS, Ray Tracing', 'price': 'R$ 1.899,99', 'link': 'https://www.kabum.com.br/produto/469132/placa-de-video-rtx-4060-ventus-2x-black-oc-msi-nvidia-geforce-8gb-gddr6-dlss-ray-tracing', 'url_image': 'https://www.kabum.com.br//_next/image?url=https%3A%2F%2Fimages.kabum.com.br%2Fprodutos%2Ffotos%2F469132%2Fplaca-de-video-rtx-4060-ventus-2x-black-oc-msi-nvidia-geforce-8gb-gddr6-dlss-ray-tracing_1688052210_m.jpg&w=384&q=75'}
salvando_historico
update gpu on aws -> {'adm': 'kabum', 'name': 'Fonte MSI MAG A600DN, 600W, 80 Plus White, PFC Ativo, Com Cabo, Preto - 306-7ZP6B22-809', 'price': 'R$ 264,99', 'link': 'https://www.kabum.com.br/produto/369655/fonte-msi-mag-a600dn-600w-80-plus-white-pfc-ativo-com-cabo-preto-306-7zp6b22-809', 'url_image': 'https://www.kabum.com.br//_next/image?url=https%3A%2F%2Fimages.kabum.com.br%2Fprodutos%2Ffotos%2F369655%2Ffonte-msi-mag-a600dn-atx-600w-80-plus-pfc-ativo-entrada-bivolt-preto-306-7zp6b22-809_1667475815_m.jpg&w=384&q=75'}
salvando_historico
update gpu on aws -> {'adm': 'kabum', 'name': 'Placa Mãe Asus TUF GAMING A520M-PLUS II, AMD AM4, mATX, DDR4', 'price': 'R$ 559,99', 'link': 'https://www.kabum.com.br/produto/165133/placa-mae-asus-tuf-gaming-a520m-plus-ii-amd-am4-matx-ddr4', 'url_image': 'https://www.kabum.com.br//_next/image?url=https%3A%2F%2Fimages.kabum.com.br%2Fprodutos%2Ffotos%2F165133%2Fplaca-mae-asus-tuf-gaming-a520m-plus-ii-amd-am4-matx-ddr4-90mb17g0-m0eay0_1632513548_m.jpg&w=384&q=75'}
salvando_historico
update gpu on aws -> {'adm': 'kabum', 'name': 'Memória RAM XPG Gammix D35, 8GB, 3200MHz, DDR4, CL16, Preto - AX4U32008G16A-SBKD35', 'price': 'R$ 159,99', 'link': 'https://www.kabum.com.br/produto/474939/memoria-ram-xpg-gammix-d35-8gb-3200mhz-ddr4-cl16-preto-ax4u32008g16a-sbkd35', 'url_image': 'https://www.kabum.com.br//_next/image?url=https%3A%2F%2Fimages.kabum.com.br%2Fprodutos%2Ffotos%2F474939%2Fmemoria-adata-xpg-gammix-d35-8gb-3200mhz-ddr4-cl16-preto-ax4u32008g16a-sbkd35-_1692884059_m.jpg&w=384&q=75'}
salvando_historico
update gpu on aws -> {'adm': 'kabum', 'name': 'Fonte Corsair CX Series CX750, 750W, 80 Plus Bronze, Com Cabo, Preto - CP-9020279-BR', 'price': 'R$ 434,99', 'link': 'https://www.kabum.com.br/produto/516057/fonte-corsair-cx-series-cx750-750w-80-plus-bronze-com-cabo-preto-cp-9020279-br', 'url_image': 'https://www.kabum.com.br//_next/image?url=https%3A%2F%2Fimages.kabum.com.br%2Fprodutos%2Ffotos%2F516057%2Ffonte-corsair-cx-series-cx750-750w-80-plus-bronze-sem-cabo-preto-cp-9020279-br_1714484853_m.jpg&w=384&q=75'}
salvando_historico
update gpu on aws -> {'adm': 'kabum', 'name': 'Processador AMD Ryzen 5 5600X, 3.7GHz (4.6GHz Max Turbo), Cache 35MB, 6 Núcleos, 12 Threads, AM4 - 100-100000065BOX', 'price': 'R$ 1.099,99', 'link': 'https://www.kabum.com.br/produto/129451/processador-amd-ryzen-5-5600x-3-7ghz-4-6ghz-max-turbo-cache-35mb-6-nucleos-12-threads-am4-100-100000065box', 'url_image': 'https://www.kabum.com.br//_next/image?url=https%3A%2F%2Fimages.kabum.com.br%2Fprodutos%2Ffotos%2F129451%2Fprocessador-amd-ryzen-9-5950x-cache-72mb-3-4ghz-4-9ghz-max-turbo-am4-100-100000065box_1602603581_m.jpg&w=384&q=75'}
salvando_historico
enviando mensagem pro telegram - Atualização de produto
Erro: 429, b'{"error":"server.client.error","description":"Unknown error! Please try again later!"}'
Tentando criar link de afiliado novamente
Erro: 429, b'{"error":"server.client.error","description":"Unknown error! Please try again later!"}'
Tentando criar link de afiliado novamente
Erro: 429, b'{"error":"server.client.error","description":"Unknown error! Please try again later!"}'
Tentando criar link de afiliado novamente
Erro: 429, b'{"error":"server.client.error","description":"Unknown error! Please try again later!"}'
Tentando criar link de afiliado novamente
Erro: 429, b'{"error":"server.client.error","description":"Unknown error! Please try again later!"}'
Tentando criar link de afiliado novamente
Erro: 429, b'{"error":"server.client.error","description":"Unknown error! Please try again later!"}'
Tentando criar link de afiliado novamente
Erro: 429, b'{"error":"server.client.error","description":"Unknown error! Please try again later!"}'
Tentando criar link de afiliado novamente
Erro: 429, b'{"error":"server.client.error","description":"Unknown error! Please try again later!"}'
Tentando criar link de afiliado novamente
Erro: 429, b'{"error":"server.client.error","description":"Unknown error! Please try again later!"}'
Tentando criar link de afiliado novamente
Erro: 429, b'{"error":"server.client.error","description":"Unknown error! Please try again later!"}'
Tentando criar link de afiliado novamente
Erro: 429, b'{"error":"server.client.error","description":"Unknown error! Please try again later!"}'
Tentando criar link de afiliado novamente
Erro: 429, b'{"error":"server.client.error","description":"Unknown error! Please try again later!"}'
Tentando criar link de afiliado novamente
Erro: 429, b'{"error":"server.client.error","description":"Unknown error! Please try again later!"}'
Tentando criar link de afiliado novamente
Erro: 429, b'{"error":"server.client.error","description":"Unknown error! Please try again later!"}'
Tentando criar link de afiliado novamente
Erro: 429, b'{"error":"server.client.error","description":"Unknown error! Please try again later!"}'
Tentando criar link de afiliado novamente
Erro: 429, b'{"error":"server.client.error","description":"Unknown error! Please try again later!"}'
Tentando criar link de afiliado novamente
Erro: 429, b'{"error":"server.client.error","description":"Unknown error! Please try again later!"}'
Tentando criar link de afiliado novamente
Erro: 429, b'{"error":"server.client.error","description":"Unknown error! Please try again later!"}'
Tentando criar link de afiliado novamente
Erro: 429, b'{"error":"server.client.error","description":"Unknown error! Please try again later!"}'
Tentando criar link de afiliado novamente
Erro: 429, b'{"error":"server.client.error","description":"Unknown error! Please try again later!"}'
Tentando criar link de afiliado novamente
Erro: 429, b'{"error":"server.client.error","description":"Unknown error! Please try again later!"}'
Tentando criar link de afiliado novamente
Erro: 429, b'{"error":"server.client.error","description":"Unknown error! Please try again later!"}'
Tentando criar link de afiliado novamente
Erro: 429, b'{"error":"server.client.error","description":"Unknown error! Please try again later!"}'
Tentando criar link de afiliado novamente
Erro: 429, b'{"error":"server.client.error","description":"Unknown error! Please try again later!"}'
Tentando criar link de afiliado novamente
Erro: 429, b'{"error":"server.client.error","description":"Unknown error! Please try again later!"}'
Tentando criar link de afiliado novamente
Erro: 429, b'{"error":"server.client.error","description":"Unknown error! Please try again later!"}'
Tentando criar link de afiliado novamente
Traceback (most recent call last):
  File "/home/pedro/Github/kabum_sqlite_telegram/app/main.py", line 17, in <module>
    main_selenium(driver, URL)
  File "/home/pedro/Github/kabum_sqlite_telegram/app/handler.py", line 90, in main_selenium
    process_products(driver)
  File "/home/pedro/Github/kabum_sqlite_telegram/app/handler.py", line 59, in process_products
    update_price(db_conn, gpu_item)
  File "/home/pedro/Github/kabum_sqlite_telegram/app/crud.py", line 79, in update_price
    asyncio.run(mensagem_novo_valor_gpu(old_produto, produto))
  File "/usr/lib/python3.10/asyncio/runners.py", line 44, in run
    return loop.run_until_complete(main)
  File "/usr/lib/python3.10/asyncio/base_events.py", line 636, in run_until_complete
    self.run_forever()
  File "/usr/lib/python3.10/asyncio/base_events.py", line 603, in run_forever
    self._run_once()
  File "/usr/lib/python3.10/asyncio/base_events.py", line 1909, in _run_once
    handle._run()
  File "/usr/lib/python3.10/asyncio/events.py", line 80, in _run
    self._context.run(self._callback, *self._args)
  File "/home/pedro/Github/kabum_sqlite_telegram/app/utils/utils_telegram.py", line 28, in mensagem_novo_valor_gpu
    produto_link = escape_markdown_v2(create_affiliate_link(produto["link"]))
  File "/home/pedro/Github/kabum_sqlite_telegram/app/utils/utils_affiliate.py", line 35, in create_affiliate_link
    create_affiliate_link(original_url)
  File "/home/pedro/Github/kabum_sqlite_telegram/app/utils/utils_affiliate.py", line 35, in create_affiliate_link
    create_affiliate_link(original_url)
  File "/home/pedro/Github/kabum_sqlite_telegram/app/utils/utils_affiliate.py", line 35, in create_affiliate_link
    create_affiliate_link(original_url)
  [Previous line repeated 23 more times]
  File "/home/pedro/Github/kabum_sqlite_telegram/app/utils/utils_affiliate.py", line 26, in create_affiliate_link
    response = requests.post(url_api, headers=headers, json=data)
  File "/home/pedro/Github/kabum_sqlite_telegram/venv/lib/python3.10/site-packages/requests/api.py", line 115, in post
    return request("post", url, data=data, json=json, **kwargs)
  File "/home/pedro/Github/kabum_sqlite_telegram/venv/lib/python3.10/site-packages/requests/api.py", line 59, in request
    return session.request(method=method, url=url, **kwargs)
  File "/home/pedro/Github/kabum_sqlite_telegram/venv/lib/python3.10/site-packages/requests/sessions.py", line 589, in request
    resp = self.send(prep, **send_kwargs)
  File "/home/pedro/Github/kabum_sqlite_telegram/venv/lib/python3.10/site-packages/requests/sessions.py", line 703, in send
    r = adapter.send(request, **kwargs)
  File "/home/pedro/Github/kabum_sqlite_telegram/venv/lib/python3.10/site-packages/requests/adapters.py", line 667, in send
    resp = conn.urlopen(
  File "/home/pedro/Github/kabum_sqlite_telegram/venv/lib/python3.10/site-packages/urllib3/connectionpool.py", line 789, in urlopen
    response = self._make_request(
  File "/home/pedro/Github/kabum_sqlite_telegram/venv/lib/python3.10/site-packages/urllib3/connectionpool.py", line 536, in _make_request
    response = conn.getresponse()
  File "/home/pedro/Github/kabum_sqlite_telegram/venv/lib/python3.10/site-packages/urllib3/connection.py", line 464, in getresponse
    httplib_response = super().getresponse()
  File "/usr/lib/python3.10/http/client.py", line 1375, in getresponse
    response.begin()
  File "/usr/lib/python3.10/http/client.py", line 318, in begin
    version, status, reason = self._read_status()
  File "/usr/lib/python3.10/http/client.py", line 279, in _read_status
    line = str(self.fp.readline(_MAXLINE + 1), "iso-8859-1")
  File "/usr/lib/python3.10/socket.py", line 705, in readinto
    return self._sock.recv_into(b)
  File "/usr/lib/python3.10/ssl.py", line 1303, in recv_into
    return self.read(nbytes, buffer)
  File "/usr/lib/python3.10/ssl.py", line 1159, in read
    return self._sslobj.read(len, buffer)
KeyboardInterrupt
-----> NOVA ITERAÇÃO WHILE <--------
Iniciando Scraping, URL = https://www.kabum.com.br/hardware?page_number=1&page_size=100&facet_filters=&sort=most_searched
Iterando página
Iterando página
update gpu on aws -> {'adm': 'kabum', 'name': 'Placa de Vídeo RTX 4060 Ti VENTUS 3X 8G OC MSI NVIDIA GeForce, 8 GB GDDR6, DLSS, Ray Tracing', 'price': 'R$ 2.599,99', 'link': 'https://www.kabum.com.br/produto/461395/placa-de-video-rtx-4060-ti-ventus-3x-8g-oc-msi-nvidia-geforce-8-gb-gddr6-dlss-ray-tracing', 'url_image': 'https://www.kabum.com.br//_next/image?url=https%3A%2F%2Fimages.kabum.com.br%2Fprodutos%2Ffotos%2F461395%2Fplaca-de-video-rtx-4060-ti-ventus-msi-nvidia-geforce-8-gb-gddr6-dlss-ray-tracing_1684770175_m.jpg&w=384&q=75'}
salvando_historico
enviando mensagem pro telegram - Atualização de produto
get ultimo produt
Iterando página
insert produto on aws -> {'adm': 'kabum', 'name': 'Ventoinha Rise Mode Hex Turbine PWM, 120mm, ARGB, Branco - RM-H-ARGB-TOR-W', 'price': 'R$ 29,99', 'link': 'https://www.kabum.com.br/produto/527331/ventoinha-rise-mode-hex-turbine-pwm-120mm-argb-branco-rm-h-argb-tor-w', 'url_image': 'https://www.kabum.com.br//_next/image?url=https%3A%2F%2Fimages.kabum.com.br%2Fprodutos%2Ffotos%2F527331%2Fcooler-fan-rise-mode-hex-tornado-120mm-argb-branco-rm-h-argb-tor-w_1722958552_m.jpg&w=384&q=75'}
enviando mensagem pro telegram - Novo produto
get ultimo produt
update gpu on aws -> {'adm': 'kabum', 'name': 'SSD 512 GB Kingston KC3000, M.2 2280 PCIe, NVMe, Leitura: 7000MB/s e Gravação: 3900MB/s - SKC3000S/512G', 'price': 'R$ 539,99', 'link': 'https://www.kabum.com.br/produto/272330/ssd-512-gb-kingston-kc3000-m-2-2280-pcie-nvme-leitura-7000mb-s-e-gravacao-3900mb-s-skc3000s-512g', 'url_image': 'https://www.kabum.com.br//_next/image?url=https%3A%2F%2Fimages.kabum.com.br%2Fprodutos%2Ffotos%2F272330%2Fssd-kingston-kc3000-512gb-m-2-2280-pcie-nvme-leituras-7-000mb-s-gravacao-3-900mb-s-skc3000s-512g_1637268787_m.jpg&w=384&q=75'}
salvando_historico
update gpu on aws -> {'adm': 'kabum', 'name': 'Fonte XPG Core Reactor II 850G-BKCBR, 850W, 80 Plus Gold, Modular, PFC Ativo - 75261198', 'price': 'R$ 749,99', 'link': 'https://www.kabum.com.br/produto/514899/fonte-xpg-core-reactor-ii-850g-bkcbr-850w-80-plus-gold-modular-pfc-ativo-75261198', 'url_image': 'https://www.kabum.com.br//_next/image?url=https%3A%2F%2Fimages.kabum.com.br%2Fprodutos%2Ffotos%2F514899%2Ffonte-xpg-core-reactor-ii-850g-bkcbr-850w-80-plus-gold-modular-pfc-ativo-75261198_1710342012_m.jpg&w=384&q=75'}
salvando_historico
Iterando página
update gpu on aws -> {'adm': 'kabum', 'name': 'Placa de Vídeo RTX 4070 Super EX Gamer Click OC GALAX GeForce, 12GB GDDR6X, DLSS3, G-Sync - 47S0M7MD7JBK', 'price': 'R$ 4.199,99', 'link': 'https://www.kabum.com.br/produto/576825/placa-de-video-rtx-4070-super-ex-gamer-click-oc-galax-geforce-12gb-gddr6x-dlss3-g-sync-47s0m7md7jbk', 'url_image': 'https://www.kabum.com.br//_next/image?url=https%3A%2F%2Fimages.kabum.com.br%2Fprodutos%2Ffotos%2F576825%2Fplaca-de-video-rtx-4070-super-ex-gamer-click-oc-galax-geforce-12gb-gddr6x-dlss3-g-sync-47s0m7md7jbk_1721917532_m.jpg&w=384&q=75'}
salvando_historico
enviando mensagem pro telegram - Atualização de produto
get ultimo produt
update gpu on aws -> {'adm': 'kabum', 'name': 'SSD SATA Kingston DC600M Mixed-Use, 480GB, 2.5", Leitura: 560MB/s e Gravação: 470MB/s, Preto - SEDC600M/480G', 'price': 'R$ 809,99', 'link': 'https://www.kabum.com.br/produto/459935/ssd-sata-kingston-dc600m-mixed-use-480gb-2-5-leitura-560mb-s-e-gravacao-470mb-s-preto-sedc600m-480g', 'url_image': 'https://www.kabum.com.br//_next/image?url=https%3A%2F%2Fimages.kabum.com.br%2Fprodutos%2Ffotos%2F459935%2Fssd-kingston-480gb-dc600m-mixed-use-sata-2-5-leitura-560mb-s-e-gravacao-470mb-s-sedc600m-480g_1686052231_m.jpg&w=384&q=75'}
salvando_historico
enviando mensagem pro telegram - Atualização de produto
get ultimo produt
update gpu on aws -> {'adm': 'kabum', 'name': 'SSD SATA Kingston DC600M Mixed-Use, 1.92TB, 2.5", Leitura: 560MB/s e Gravação: 530MB/s, Preto - SEDC600M/1920G', 'price': 'R$ 2.069,99', 'link': 'https://www.kabum.com.br/produto/459937/ssd-sata-kingston-dc600m-mixed-use-1-92tb-2-5-leitura-560mb-s-e-gravacao-530mb-s-preto-sedc600m-1920g', 'url_image': 'https://www.kabum.com.br//_next/image?url=https%3A%2F%2Fimages.kabum.com.br%2Fprodutos%2Ffotos%2F459937%2Fssd-kingston-1920-gb-dc600m-mixed-use-sata-2-5-leitura-560mb-s-e-gravacao-530mb-s-sedc600m-1920g_1686054124_m.jpg&w=384&q=75'}
salvando_historico
Iterando página
update gpu on aws -> {'adm': 'kabum', 'name': 'SSD 1 TB Corsair Force MP600 PRO XT, M.2 PCIe, NVMe, Leitura: 7100MB/s e Gravação: 5800MB/s - CSSD-F1000GBMP600PXT', 'price': 'R$ 769,99', 'link': 'https://www.kabum.com.br/produto/232237/ssd-1-tb-corsair-force-mp600-pro-xt-m-2-pcie-nvme-leitura-7100mb-s-e-gravacao-5800mb-s-cssd-f1000gbmp600pxt', 'url_image': 'https://www.kabum.com.br//_next/image?url=https%3A%2F%2Fimages.kabum.com.br%2Fprodutos%2Ffotos%2F232237%2Fssd-corsair-force-mp600-pro-xt-1tb-m-2-pcie-nvme-leituras-7100mb-s-e-gravacoes-6800mb-s-cssd-f1000gbmp600pxt_1632338556_m.jpg&w=384&q=75'}
salvando_historico
enviando mensagem pro telegram - Atualização de produto
get ultimo produt
Iterando página
update gpu on aws -> {'adm': 'kabum', 'name': 'SSD 1TB KBM! Gaming, SATA III, Leitura 550 MB/s, Gravação 500 MB/s - KGSSD1101000', 'price': 'R$ 549,99', 'link': 'https://www.kabum.com.br/produto/538707/ssd-1tb-kbm-gaming-sata-iii-leitura-550-mb-s-gravacao-500-mb-s-kgssd1101000', 'url_image': 'https://www.kabum.com.br//_next/image?url=https%3A%2F%2Fimages.kabum.com.br%2Fprodutos%2Ffotos%2F538707%2Fssd-1tb-kbm-gaming-sata-iii-leitura-550-mb-s-gravacao-500-mb-s-kgssd1101000_1718387755_m.jpg&w=384&q=75'}
salvando_historico
update gpu on aws -> {'adm': 'kabum', 'name': 'Memória RAM Lexar Ares, RGB, 16GB, 3600MHz, DDR4, CL18, Preto - LD4BU016G-R3600GSLA', 'price': 'R$ 289,99', 'link': 'https://www.kabum.com.br/produto/484780/memoria-ram-lexar-ares-rgb-16gb-3600mhz-ddr4-cl18-preto-ld4bu016g-r3600gsla', 'url_image': 'https://www.kabum.com.br//_next/image?url=https%3A%2F%2Fimages.kabum.com.br%2Fprodutos%2Ffotos%2F484780%2Fmemoria-lexar-ares-rgb-16gb-3600mbps-ddr4-u-dimm-preto-ld4bu016g-r3600gsla_1701177653_m.jpg&w=384&q=75'}
salvando_historico
update gpu on aws -> {'adm': 'kabum', 'name': 'Placa de vídeo RTX 4080 Super SG Galax NVIDIA GeForce, 16GB GDDR6X, DLSS, Ray Tracing, G-Sync - 48SZM6MD9RSG', 'price': 'R$ 7.999,99', 'link': 'https://www.kabum.com.br/produto/518726/placa-de-video-rtx-4080-super-sg-galax-nvidia-geforce-16gb-gddr6x-dlss-ray-tracing-g-sync-48szm6md9rsg', 'url_image': 'https://www.kabum.com.br//_next/image?url=https%3A%2F%2Fimages.kabum.com.br%2Fprodutos%2Ffotos%2F518726%2Fplaca-de-video-rtx-4080-super-sg-galax-nvidia-geforce-16gb-gddr6x-48szm6md9rsg_1706538947_m.jpg&w=384&q=75'}
salvando_historico
update gpu on aws -> {'adm': 'kabum', 'name': 'Placa de Video RTX 3060 Palit NVIDIA GeForce, 12GB GDDR6, RGB, DLSS, G-Sync, Ray Tracing - NE63060019K9-190AD', 'price': 'R$ 1.738,99', 'link': 'https://www.kabum.com.br/produto/580364/placa-de-video-rtx-3060-palit-nvidia-geforce-12gb-gddr6-rgb-dlss-g-sync-ray-tracing-ne63060019k9-190ad', 'url_image': 'https://www.kabum.com.br//_next/image?url=https%3A%2F%2Fimages.kabum.com.br%2Fprodutos%2Ffotos%2F580364%2Fplaca-de-video-rtx-3060-palit-nvidia-geforce-12gb-gdrrr6-rgb-dlss-g-sync-ray-tracing-ne63060019k9-190ad_1716478999_m.jpg&w=384&q=75'}
salvando_historico
update gpu on aws -> {'adm': 'kabum', 'name': 'Fonte Corsair Rm850e 850w, 80 Plus Gold, PCie 5.0, Full Modu', 'price': 'R$ 799,99', 'link': 'https://www.kabum.com.br/produto/594017/fonte-corsair-rm850e-850w-80-plus-gold-pcie-5-0-full-modu', 'url_image': 'https://www.kabum.com.br//_next/image?url=https%3A%2F%2Fimages.kabum.com.br%2Fprodutos%2Ffotos%2Fsync_mirakl%2F594017%2FFonte-Corsair-Rm850e-850w-80-Plus-Gold-PCie-5-0-Full-Modu_1723576257_m.jpg&w=384&q=75'}
salvando_historico
enviando mensagem pro telegram - Atualização de produto
get ultimo produt
update gpu on aws -> {'adm': 'kabum', 'name': 'Placa de Vídeo RTX 4080 Super MSI 16G Ventus 3X OC NVIDIA GeForce, 16GB GDDR6X, DLSS, Ray Tracing', 'price': 'R$ 7.199,99', 'link': 'https://www.kabum.com.br/produto/520528/placa-de-video-rtx-4080-super-msi-16g-ventus-3x-oc-nvidia-geforce-16gb-gddr6x-dlss-ray-tracing', 'url_image': 'https://www.kabum.com.br//_next/image?url=https%3A%2F%2Fimages.kabum.com.br%2Fprodutos%2Ffotos%2F520528%2Fplaca-de-video-rtx-4080-super-msi-16g-ventus-3x-oc-nvidia-geforce-16gb-gddr6x-dlss-ray-tracing_1706527331_m.jpg&w=384&q=75'}
salvando_historico
enviando mensagem pro telegram - Atualização de produto
get ultimo produt
insert produto on aws -> {'adm': 'kabum', 'name': 'Memória RAM Corsair Vengeance LPX, 16GB, 2666MHz, DDR4, CL16, Preto - CMK16GX4M1A2666C16', 'price': 'R$ 281,99', 'link': 'https://www.kabum.com.br/produto/101657/memoria-ram-corsair-vengeance-lpx-16gb-2666mhz-ddr4-cl16-preto-cmk16gx4m1a2666c16', 'url_image': 'https://www.kabum.com.br//_next/image?url=https%3A%2F%2Fimages.kabum.com.br%2Fprodutos%2Ffotos%2F101657%2F101657_1557517508_index_m.jpg&w=384&q=75'}
enviando mensagem pro telegram - Novo produto
get ultimo produt
update gpu on aws -> {'adm': 'kabum', 'name': 'Placa de Vídeo RTX 4090 OC Asus NVIDIA ROG Strix, 24 GB GDDR6X, ARGB, DLSS, Ray Tracing - ROG-STRIX-RTX4090-O24G-GAMING', 'price': 'R$ 12.799,99', 'link': 'https://www.kabum.com.br/produto/387449/placa-de-video-rtx-4090-oc-asus-nvidia-rog-strix-24-gb-gddr6x-argb-dlss-ray-tracing-rog-strix-rtx4090-o24g-gaming', 'url_image': 'https://www.kabum.com.br//_next/image?url=https%3A%2F%2Fimages.kabum.com.br%2Fprodutos%2Ffotos%2F387449%2Fplaca-de-video-asus-nvidia-rog-strix-rtx-4090-edition-24-gb-gddr6x-argb-dlss-ray-tracing-90yv0iw0-m0nan00_1665170163_m.jpg&w=384&q=75'}
salvando_historico
enviando mensagem pro telegram - Atualização de produto
get ultimo produt
Iterando página
insert produto on aws -> {'adm': 'kabum', 'name': 'Kit Upgrade AMD Ryzen 5 5600G, Placa Mae A520M-E, 16GB DDR4, Neologic - Nli84110', 'price': 'R$ 1.739,94', 'link': 'https://www.kabum.com.br/produto/371805/kit-upgrade-amd-ryzen-5-5600g-placa-mae-a520m-e-16gb-ddr4-neologic-nli84110', 'url_image': 'https://www.kabum.com.br//_next/image?url=https%3A%2F%2Fimages.kabum.com.br%2Fprodutos%2Ffotos%2Fsync_mirakl%2F371805%2FKit-Upgrade-AMD-Ryzen-5-5600G-Placa-Mae-A520M-E-16GB-DDR4-Neologic-Nli84110_1726518225_m.jpg&w=384&q=75'}
enviando mensagem pro telegram - Novo produto
get ultimo produt
update gpu on aws -> {'adm': 'kabum', 'name': 'SSD 1TB Corsair MP600 CORE XT, PCIe Gen 4.0 x4 NVMe M.2, Leitura: 5000MB/s e Gravação: 3500MB/s, Preto - CSSD-F1000GBMP600CXT', 'price': 'R$ 559,99', 'link': 'https://www.kabum.com.br/produto/454640/ssd-1tb-corsair-mp600-core-xt-pcie-gen-4-0-x4-nvme-m-2-leitura-5000mb-s-e-gravacao-3500mb-s-preto-cssd-f1000gbmp600cxt', 'url_image': 'https://www.kabum.com.br//_next/image?url=https%3A%2F%2Fimages.kabum.com.br%2Fprodutos%2Ffotos%2F454640%2Fssd-1tb-corsair-mp600-core-xt-pcie-gen-4-0-x4-nvme-m-2-leitura-5000mb-s-e-gravacao-3500mb-s-preto-cssd-f1000gbmp600cxt_1688131792_m.jpg&w=384&q=75'}
salvando_historico
update gpu on aws -> {'adm': 'kabum', 'name': 'Fonte ASUS TUF Gaming, 1000W, 80 Plus Gold, Full Modular, PFC Ativo, Preto - 90YE00S1-B0BA00', 'price': 'R$ 1.299,99', 'link': 'https://www.kabum.com.br/produto/406109/fonte-asus-tuf-gaming-1000w-80-plus-gold-full-modular-pfc-ativo-preto-90ye00s1-b0ba00', 'url_image': 'https://www.kabum.com.br//_next/image?url=https%3A%2F%2Fimages.kabum.com.br%2Fprodutos%2Ffotos%2F406109%2Ffonte-asus-tuf-gaming-1000w-80-plus-gold-bivolt-preto-90ye00s1-b0ba00_1683576144_m.jpg&w=384&q=75'}
salvando_historico
update gpu on aws -> {'adm': 'kabum', 'name': 'Memória Ram Para Notebook Kingston Fury Impact, 16GB, 3200Mhz, DDR4, CL20, Sodimm, Preto - Kf432s20ib/16', 'price': 'R$ 289,99', 'link': 'https://www.kabum.com.br/produto/378307/memoria-ram-para-notebook-kingston-fury-impact-16gb-3200mhz-ddr4-cl20-sodimm-preto-kf432s20ib-16', 'url_image': 'https://www.kabum.com.br//_next/image?url=https%3A%2F%2Fimages.kabum.com.br%2Fprodutos%2Ffotos%2Fsync_mirakl%2F378307%2FMem-ria-Ram-Para-Notebook-Kingston-Fury-Impact-16GB-3200Mhz-DDR4-CL20-Sodimm-Preto-Kf432s20ib-16_1726075087_m.jpg&w=384&q=75'}
salvando_historico
insert produto on aws -> {'adm': 'kabum', 'name': 'Fonte Tronos TRS/5330-B, 500W Real, ATX, Bivolt - TRS/5330-B', 'price': 'R$ 117,00', 'link': 'https://www.kabum.com.br/produto/147341/fonte-tronos-trs-5330-b-500w-real-atx-bivolt-trs-5330-b', 'url_image': 'https://www.kabum.com.br//_next/image?url=https%3A%2F%2Fimages.kabum.com.br%2Fprodutos%2Ffotos%2Fsync_mirakl%2F147341%2FFonte-Tronos-TRS-5330-B-500W-Real-ATX-Bivolt-TRS-5330-B_1726513092_m.jpg&w=384&q=75'}
enviando mensagem pro telegram - Novo produto
get ultimo produt
update gpu on aws -> {'adm': 'kabum', 'name': 'Processador AMD Ryzen 5 8500g, 5.0GHZ, Cache 22MB, AM5, Sem Cooler - 100-100000931box', 'price': 'R$ 839,99', 'link': 'https://www.kabum.com.br/produto/523520/processador-amd-ryzen-5-8500g-5-0ghz-cache-22mb-am5-sem-cooler-100-100000931box', 'url_image': 'https://www.kabum.com.br//_next/image?url=https%3A%2F%2Fimages.kabum.com.br%2Fprodutos%2Ffotos%2Fsync_mirakl%2F523520%2FProcessador-AMD-Ryzen-5-8500g-5-0GHZ-Cache-22MB-AM5-Sem-Cooler-100-100000931box_1725624964_m.jpg&w=384&q=75'}
salvando_historico
enviando mensagem pro telegram - Atualização de produto
get ultimo produt
Iterando página
insert produto on aws -> {'adm': 'kabum', 'name': 'Placa-Mãe Gigabyte H310M-M.2, Intel LGA 1151, Micro ATX, DDR, 48ª Geração', 'price': 'R$ 575,00', 'link': 'https://www.kabum.com.br/produto/174595/placa-mae-gigabyte-h310m-m-2-intel-lga-1151-micro-atx-ddr-48-geracao', 'url_image': 'https://www.kabum.com.br//_next/image?url=https%3A%2F%2Fimages.kabum.com.br%2Fprodutos%2Ffotos%2Fsync_mirakl%2F174595%2FPlaca-M-e-Gigabyte-H310M-M-2-Intel-LGA-1151-Micro-ATX-DDR-48-Gera-o_1726511660_m.jpg&w=384&q=75'}
enviando mensagem pro telegram - Novo produto
get ultimo produt
update gpu on aws -> {'adm': 'kabum', 'name': 'Memória RAM Kingston Fury Beast, RGB, 32GB, 3200MHz, DDR4, CL16, Preto - KF432C16BB2A/32', 'price': 'R$ 659,99', 'link': 'https://www.kabum.com.br/produto/480535/memoria-ram-kingston-fury-beast-rgb-32gb-3200mhz-ddr4-cl16-preto-kf432c16bb2a-32', 'url_image': 'https://www.kabum.com.br//_next/image?url=https%3A%2F%2Fimages.kabum.com.br%2Fprodutos%2Ffotos%2F480535%2Fmemoria-kingston-fury-beast-rgb-32gb-3200mhz-ddr4-cl16-preto-kf432c16bb2a-32_1699281995_m.jpg&w=384&q=75'}
salvando_historico
update gpu on aws -> {'adm': 'kabum', 'name': 'Placa de Vídeo RTX 4060 Ventus 2X White 8G OC MSI NVIDIA GeForce, 8GB GDDR6, DLSS, Ray Tracing, G-Sync', 'price': 'R$ 2.099,99', 'link': 'https://www.kabum.com.br/produto/534160/placa-de-video-rtx-4060-ventus-2x-white-8g-oc-msi-nvidia-geforce-8gb-gddr6-dlss-ray-tracing-g-sync', 'url_image': 'https://www.kabum.com.br//_next/image?url=https%3A%2F%2Fimages.kabum.com.br%2Fprodutos%2Ffotos%2F534160%2Fplaca-de-video-rtx-4060-ventus-2x-white-8g-oc-msi-nvidia-geforce-8gb-gddr6-dlss-ray-tracing-g-sync_1719324600_m.jpg&w=384&q=75'}
salvando_historico
insert produto on aws -> {'adm': 'kabum', 'name': 'Processador Intel Core I5-3570, 3.40GHz, Cache 6MB e 8MB', 'price': 'R$ 131,25', 'link': 'https://www.kabum.com.br/produto/345299/processador-intel-core-i5-3570-3-40ghz-cache-6mb-e-8mb', 'url_image': 'https://www.kabum.com.br//_next/image?url=https%3A%2F%2Fimages.kabum.com.br%2Fprodutos%2Ffotos%2Fsync_mirakl%2F345299%2FProcessador-Intel-Core-I5-3570-3-40GHz-Cache-6MB-e-8MB-_1726516482_m.jpg&w=384&q=75'}
enviando mensagem pro telegram - Novo produto
get ultimo produt
Iterando página
insert produto on aws -> {'adm': 'kabum', 'name': 'SSD Externo Portátil XS1000 Kingston 2TB, USB 3.2, Leitura: 1050MB/s e Gravação: 1000MB/s, Vermelho - SXS1000R/2000G', 'price': 'R$ 869,99', 'link': 'https://www.kabum.com.br/produto/615714/ssd-externo-portatil-xs1000-kingston-2tb-usb-3-2-leitura-1050mb-s-e-gravacao-1000mb-s-vermelho-sxs1000r-2000g', 'url_image': 'https://www.kabum.com.br//_next/image?url=https%3A%2F%2Fimages.kabum.com.br%2Fprodutos%2Ffotos%2F615714%2Fssd-externo-portatil-kingston-2tb-usb-3-2-leitura-1050mb-s-e-gravacao-1000mb-s-vermelho-sxs1000r-2000g_1724246432_m.jpg&w=384&q=75'}
enviando mensagem pro telegram - Novo produto
get ultimo produt
update gpu on aws -> {'adm': 'kabum', 'name': 'Placa de Vídeo RTX 4090 Asus NVIDIA TUF Gaming GeForce OC Edition, 24GB GDDR6X, DLSS, Ray Tracing - TUF-RTX4090-O24G-GAMING', 'price': 'R$ 11.699,99', 'link': 'https://www.kabum.com.br/produto/387450/placa-de-video-rtx-4090-asus-nvidia-tuf-gaming-geforce-oc-edition-24gb-gddr6x-dlss-ray-tracing-tuf-rtx4090-o24g-gaming', 'url_image': 'https://www.kabum.com.br//_next/image?url=https%3A%2F%2Fimages.kabum.com.br%2Fprodutos%2Ffotos%2F387450%2Fplaca-de-video-asus-nvidia-tuf-gaming-geforce-rtx4090-edition-24-gb-gddr6x-dlss-ray-tracing-90yv0ie0-m0na00_1665170251_m.jpg&w=384&q=75'}
salvando_historico
enviando mensagem pro telegram - Atualização de produto
get ultimo produt
update gpu on aws -> {'adm': 'kabum', 'name': 'Placa de Vídeo RTX 4060 Dual OC 8G White NVIDIA GeForce, 8GB GDDR6, DLSS, Ray Tracing, G-Sync - 90YV0JC2-M0NA00', 'price': 'R$ 2.169,99', 'link': 'https://www.kabum.com.br/produto/501568/placa-de-video-rtx-4060-dual-oc-8g-white-nvidia-geforce-8gb-gddr6-dlss-ray-tracing-g-sync-90yv0jc2-m0na00', 'url_image': 'https://www.kabum.com.br//_next/image?url=https%3A%2F%2Fimages.kabum.com.br%2Fprodutos%2Ffotos%2F501568%2Fplaca-de-video-rtx-4060-dual-oc-8g-white-8gb-gddr6-dlss-ray-tracing-g-sync-90yv0jc2-m0na00_1703614819_m.jpg&w=384&q=75'}
salvando_historico
enviando mensagem pro telegram - Atualização de produto
get ultimo produt
update gpu on aws -> {'adm': 'kabum', 'name': 'SSD Kingston Nv2 500GB, M.2 2280, NVME PCIE 4.0 X4, Leitura 3500MB/s E Gravação 2100MB/s, Preto - Snv2s/500g', 'price': 'R$ 290,40', 'link': 'https://www.kabum.com.br/produto/400945/ssd-kingston-nv2-500gb-m-2-2280-nvme-pcie-4-0-x4-leitura-3500mb-s-e-gravacao-2100mb-s-preto-snv2s-500g', 'url_image': 'https://www.kabum.com.br//_next/image?url=https%3A%2F%2Fimages.kabum.com.br%2Fprodutos%2Ffotos%2Fsync_mirakl%2F400945%2FSSD-Kingston-Nv2-500GB-M-2-2280-NVME-PCIE-4-0-X4-Leitura-3500MB-s-E-Grava-o-2100MB-s-Preto-Snv2s-500g_1726516214_m.jpg&w=384&q=75'}
salvando_historico
update gpu on aws -> {'adm': 'kabum', 'name': 'Memória Crucial Basics, 8GB, 3200MHz, DDR4, Udimm - Cb8gu3200', 'price': 'R$ 150,00', 'link': 'https://www.kabum.com.br/produto/581703/memoria-crucial-basics-8gb-3200mhz-ddr4-udimm-cb8gu3200', 'url_image': 'https://www.kabum.com.br//_next/image?url=https%3A%2F%2Fimages.kabum.com.br%2Fprodutos%2Ffotos%2Fsync_mirakl%2F581703%2FMem-ria-Crucial-Basics-8GB-3200MHz-DDR4-Udimm-Cb8gu3200_1726516193_m.jpg&w=384&q=75'}
salvando_historico
update gpu on aws -> {'adm': 'kabum', 'name': 'SSD 500GB Corsair MP600 GS, PCIe Gen 4.0 x4 NVMe M.2, Leitura: 4800MB/s e Gravação: 3500MB/s, Preto - CSSD-F0500GBMP600GS', 'price': 'R$ 399,99', 'link': 'https://www.kabum.com.br/produto/454637/ssd-500gb-corsair-mp600-gs-pcie-gen-4-0-x4-nvme-m-2-leitura-4800mb-s-e-gravacao-3500mb-s-preto-cssd-f0500gbmp600gs', 'url_image': 'https://www.kabum.com.br//_next/image?url=https%3A%2F%2Fimages.kabum.com.br%2Fprodutos%2Ffotos%2F454637%2Fssd-500gb-corsair-mp600-gs-pcie-gen-4-0-x4-nvme-m-2-leitura-4800mb-s-e-gravacao-3500mb-s-preto-cssd-f0500gbmp600gs_1688043094_m.jpg&w=384&q=75'}
salvando_historico
update gpu on aws -> {'adm': 'kabum', 'name': 'Placa De Vídeo RTX 3060 Zotac Nvidia Geforce, 12GB, GDDR6, 192 Bits - A30600p-10m', 'price': 'R$ 2.496,39', 'link': 'https://www.kabum.com.br/produto/544058/placa-de-video-rtx-3060-zotac-nvidia-geforce-12gb-gddr6-192-bits-a30600p-10m', 'url_image': 'https://www.kabum.com.br//_next/image?url=https%3A%2F%2Fimages.kabum.com.br%2Fprodutos%2Ffotos%2Fsync_mirakl%2F544058%2FPlaca-De-V-deo-RTX-3060-Zotac-Nvidia-Geforce-12GB-GDDR6-192-Bits-A30600p-10m_1725040326_m.jpg&w=384&q=75'}
salvando_historico
Iterando página
update gpu on aws -> {'adm': 'kabum', 'name': 'Placa de Vídeo RTX 4080 Super X3 OC White Inno3D NVIDIA GeForce, 16GB GDDR6X, DLSS, Ray Tracing, G-Sync - N408S3-166XX-18703259', 'price': 'R$ 6.999,99', 'link': 'https://www.kabum.com.br/produto/525553/placa-de-video-rtx-4080-super-x3-oc-white-inno3d-nvidia-geforce-16gb-gddr6x-dlss-ray-tracing-g-sync-n408s3-166xx-18703259', 'url_image': 'https://www.kabum.com.br//_next/image?url=https%3A%2F%2Fimages.kabum.com.br%2Fprodutos%2Ffotos%2F525553%2Fplaca-de-video-rtx-4080-super-x3-oc-white-inno3d-nvidia-geforce-16gb-gddr6x-dlss-ray-tracing-g-sync-n408s3-166xx-18703259_1719511374_m.jpg&w=384&q=75'}
salvando_historico
enviando mensagem pro telegram - Atualização de produto
get ultimo produt
update gpu on aws -> {'adm': 'kabum', 'name': 'Fonte Corsair RMe Series RM850e, 850W, 80 Plus Gold, Modular, Sem Cabo, Preto - CP-9020263-BR', 'price': 'R$ 809,99', 'link': 'https://www.kabum.com.br/produto/516059/fonte-corsair-rme-series-rm850e-850w-80-plus-gold-modular-sem-cabo-preto-cp-9020263-br', 'url_image': 'https://www.kabum.com.br//_next/image?url=https%3A%2F%2Fimages.kabum.com.br%2Fprodutos%2Ffotos%2F516059%2Ffonte-corsair-rme-series-rm850e-850w-80-plus-gold-modular-sem-cabo-preto-cp-9020263-br_1714497940_m.jpg&w=384&q=75'}
salvando_historico
update gpu on aws -> {'adm': 'kabum', 'name': 'Placa de Vídeo RTX 4090 Gaming Trio 24G MSI NVIDIA GeForce, 24GB GDDR6X, DLSS, Ray Tracing, G-Sync', 'price': 'R$ 11.699,99', 'link': 'https://www.kabum.com.br/produto/534159/placa-de-video-rtx-4090-gaming-trio-24g-msi-nvidia-geforce-24gb-gddr6x-dlss-ray-tracing-g-sync', 'url_image': 'https://www.kabum.com.br//_next/image?url=https%3A%2F%2Fimages.kabum.com.br%2Fprodutos%2Ffotos%2F534159%2Fplaca-de-video-rtx-4090-gaming-trio-24g-msi-nvidia-geforce-24gb-gddr6x-dlss-ray-tracing-g-sync_1713526458_m.jpg&w=384&q=75'}
salvando_historico
enviando mensagem pro telegram - Atualização de produto
get ultimo produt
Iterando página
update gpu on aws -> {'adm': 'kabum', 'name': 'Placa de Vídeo RX 7700 XT 12G Dual OC ASUS AMD Radeon, 12GB GDDR6, Ray Tracing - 90YV0JZ0-M0NA00', 'price': 'R$ 3.339,99', 'link': 'https://www.kabum.com.br/produto/531248/placa-de-video-rx-7700-xt-12g-dual-oc-asus-amd-radeon-12gb-gddr6-ray-tracing-90yv0jz0-m0na00', 'url_image': 'https://www.kabum.com.br//_next/image?url=https%3A%2F%2Fimages.kabum.com.br%2Fprodutos%2Ffotos%2F531248%2Fplaca-de-video-rx-7700-xt-o12g-dual-asus-nvidia-geforce-12gb-gddr6-ray-tracing-90yv0jz0-m0na00_1714138039_m.jpg&w=384&q=75'}
salvando_historico
update gpu on aws -> {'adm': 'kabum', 'name': 'Processador AMD Ryzen 7 5700X, 3.4GHz, Cache 32MB, 8 Núcleos, 16 Threads - 100-100000926WOFAM4', 'price': 'R$ 1.266,42', 'link': 'https://www.kabum.com.br/produto/366827/processador-amd-ryzen-7-5700x-3-4ghz-cache-32mb-8-nucleos-16-threads-100-100000926wofam4', 'url_image': 'https://www.kabum.com.br//_next/image?url=https%3A%2F%2Fimages.kabum.com.br%2Fprodutos%2Ffotos%2Fsync_mirakl%2F366827%2FProcessador-AMD-Ryzen-7-5700X-3-4GHz-Cache-32MB-8-N-cleos-16-Threads-100-100000926WOFAM4_1724170211_m.jpg&w=384&q=75'}
salvando_historico
update gpu on aws -> {'adm': 'kabum', 'name': 'HD WD Externo Portátil My Passport, 2TB, USB 3.2, Vermelho - WDBYVG0020BRD-WESN', 'price': 'R$ 579,99', 'link': 'https://www.kabum.com.br/produto/108062/hd-wd-externo-portatil-my-passport-2tb-usb-3-2-vermelho-wdbyvg0020brd-wesn', 'url_image': 'https://www.kabum.com.br//_next/image?url=https%3A%2F%2Fimages.kabum.com.br%2Fprodutos%2Ffotos%2F108062%2Fhd-wd-externo-portatil-my-passport-2tb-usb-3-0-vermelho-wdbyvg0020brd-wesn_hd-wd-externo-portatil-my-passport-2tb-usb-3-0-vermelho-wdbyvg0020brd-wesn_1573648569_m.jpg&w=384&q=75'}
salvando_historico
Iterando página
update gpu on aws -> {'adm': 'kabum', 'name': 'Placa de Vídeo RTX 4070 Super Dual 12G OC White ASUS NVIDIA GeForce, 12GB GDDR6X, DLSS Ray Tracing - DUAL-RTX4070S-O12G-WHITE', 'price': 'R$ 4.599,99', 'link': 'https://www.kabum.com.br/produto/516998/placa-de-video-rtx-4070-super-dual-12g-oc-white-asus-nvidia-geforce-12gb-gddr6x-dlss-ray-tracing-dual-rtx4070s-o12g-white', 'url_image': 'https://www.kabum.com.br//_next/image?url=https%3A%2F%2Fimages.kabum.com.br%2Fprodutos%2Ffotos%2F516998%2Fplaca-de-video-rtx4070s-asus-dual-o12g-white-90yv0k84-m0na00_1705414864_m.jpg&w=384&q=75'}
salvando_historico
enviando mensagem pro telegram - Atualização de produto
get ultimo produt
update gpu on aws -> {'adm': 'kabum', 'name': 'Water Cooler Gamdias Aura Gl 240 V2 Wh, ARGB, 240mm, Amd, Intel, Branco', 'price': 'R$ 269,90', 'link': 'https://www.kabum.com.br/produto/540984/water-cooler-gamdias-aura-gl-240-v2-wh-argb-240mm-amd-intel-branco', 'url_image': 'https://www.kabum.com.br//_next/image?url=https%3A%2F%2Fimages.kabum.com.br%2Fprodutos%2Ffotos%2Fsync_mirakl%2F540984%2FWater-Cooler-Gamdias-Aura-Gl-240-V2-Wh-ARGB-240mm-Amd-Intel-Branco_1725902756_m.jpg&w=384&q=75'}
salvando_historico
enviando mensagem pro telegram - Atualização de produto
get ultimo produt
update gpu on aws -> {'adm': 'kabum', 'name': 'SSD Western Digital 1TB Green, 2.5p, SATA 3 - Wds100t3g0a', 'price': 'R$ 480,25', 'link': 'https://www.kabum.com.br/produto/382070/ssd-western-digital-1tb-green-2-5p-sata-3-wds100t3g0a', 'url_image': 'https://www.kabum.com.br//_next/image?url=https%3A%2F%2Fimages.kabum.com.br%2Fprodutos%2Ffotos%2Fsync_mirakl%2F382070%2FSSD-Western-Digital-1TB-Green-2-5p-SATA-3-Wds100t3g0a_1725915498_m.jpg&w=384&q=75'}
salvando_historico
update gpu on aws -> {'adm': 'kabum', 'name': 'Placa de Vídeo RTX 4080 Super ASUS NVIDIA ROG-STRIX 16G OC White, 16GB GDDR6X, ARGB, DLSS, Ray Trancing - 90YV0KB2-M0NA00', 'price': 'R$ 9.199,99', 'link': 'https://www.kabum.com.br/produto/520498/placa-de-video-rtx-4080-super-asus-nvidia-rog-strix-16g-oc-white-16gb-gddr6x-argb-dlss-ray-trancing-90yv0kb2-m0na00', 'url_image': 'https://www.kabum.com.br//_next/image?url=https%3A%2F%2Fimages.kabum.com.br%2Fprodutos%2Ffotos%2F520498%2Fplaca-de-video-rtx-4080-s-asus-rog-strix-o16g-white-16gb-gddr6x-argb-dlss-ray-trancing-90yv0kb2-m0na00_1710855862_m.jpg&w=384&q=75'}
salvando_historico
enviando mensagem pro telegram - Atualização de produto
get ultimo produt
Iterando página
update gpu on aws -> {'adm': 'kabum', 'name': 'Placa De Vídeo Geforce Gt 710 PCyes Nvidia, 2GB, DDR3, 64 Bits - Pvgt7102gb', 'price': 'R$ 243,14', 'link': 'https://www.kabum.com.br/produto/582347/placa-de-video-geforce-gt-710-pcyes-nvidia-2gb-ddr3-64-bits-pvgt7102gb', 'url_image': 'https://www.kabum.com.br//_next/image?url=https%3A%2F%2Fimages.kabum.com.br%2Fprodutos%2Ffotos%2Fsync_mirakl%2F582347%2FPlaca-De-V-deo-Geforce-Gt-710-PCyes-Nvidia-2GB-DDR3-64-Bits-Pvgt7102gb_1725995143_m.jpg&w=384&q=75'}
salvando_historico
update gpu on aws -> {'adm': 'kabum', 'name': 'SSD Crucial BX500, 480GB, SATA, Leitura 540 MB/s, Gravação 500 MB/s - CT480BX500SSD1', 'price': 'R$ 288,00', 'link': 'https://www.kabum.com.br/produto/248401/ssd-crucial-bx500-480gb-sata-leitura-540-mb-s-gravacao-500-mb-s-ct480bx500ssd1', 'url_image': 'https://www.kabum.com.br//_next/image?url=https%3A%2F%2Fimages.kabum.com.br%2Fprodutos%2Ffotos%2Fsync_mirakl%2F248401%2FSSD-Crucial-BX500-480GB-SATA-Leitura-540-MB-s-Grava-o-500-MB-s-CT480BX500SSD1_1718745978_m.jpg&w=384&q=75'}
salvando_historico
update gpu on aws -> {'adm': 'kabum', 'name': 'Placa de Vídeo RTX 4090 ROG Strix Asus NVIDIA GeForce, 24 GB GDDR6X, ARGB, DLSS, Ray Tracing, Branco - ROG-STRIX-RTX4090-24G-WHITE', 'price': 'R$ 12.699,99', 'link': 'https://www.kabum.com.br/produto/437590/placa-de-video-rtx-4090-rog-strix-asus-nvidia-geforce-24-gb-gddr6x-argb-dlss-ray-tracing-branco-rog-strix-rtx4090-24g-white', 'url_image': 'https://www.kabum.com.br//_next/image?url=https%3A%2F%2Fimages.kabum.com.br%2Fprodutos%2Ffotos%2F437590%2Fplaca-de-video-rtx-4090-rog-strix-asus-nvidia-geforce-24-gb-gddr6x-argb-dlss-ray-tracing-branco-rog-strix-rtx4090-24g-white_1682338329_m.jpg&w=384&q=75'}
salvando_historico
enviando mensagem pro telegram - Atualização de produto
get ultimo produt
update gpu on aws -> {'adm': 'kabum', 'name': 'Placa de Vídeo RTX 4070 TI Super X3 OC Inno3D NVIDIA GeForce, 16GB GDDR6X, DLSS, Ray Tracing, G-Sync - N407TS3-166XX-186158N', 'price': 'R$ 5.679,99', 'link': 'https://www.kabum.com.br/produto/525559/placa-de-video-rtx-4070-ti-super-x3-oc-inno3d-nvidia-geforce-16gb-gddr6x-dlss-ray-tracing-g-sync-n407ts3-166xx-186158n', 'url_image': 'https://www.kabum.com.br//_next/image?url=https%3A%2F%2Fimages.kabum.com.br%2Fprodutos%2Ffotos%2F525559%2Fplaca-de-video-rtx-4070-ti-super-x3-oc-inno3d-nvidia-geforce-16gb-gddr6x-dlss-ray-tracing-g-sync-n407ts3-166xx-186158n_1719503429_m.jpg&w=384&q=75'}
salvando_historico
enviando mensagem pro telegram - Atualização de produto
get ultimo produt
Iterando página
Iterando página
Iterando página
update gpu on aws -> {'adm': 'kabum', 'name': 'Placa de Vídeo RTX 4090 ROG Strix Asus NVIDIA GeForce, 24 GB GDDR6X, ARGB, DLSS, Ray Tracing - ROG-STRIX-RTX4090-24G-GAMING', 'price': 'R$ 12.999,99', 'link': 'https://www.kabum.com.br/produto/449239/placa-de-video-rtx-4090-rog-strix-asus-nvidia-geforce-24-gb-gddr6x-argb-dlss-ray-tracing-rog-strix-rtx4090-24g-gaming', 'url_image': 'https://www.kabum.com.br//_next/image?url=https%3A%2F%2Fimages.kabum.com.br%2Fprodutos%2Ffotos%2F449239%2Fplaca-de-video-rtx-4090-rog-strix-asus-nvidia-geforce-24-gb-gddr6x-argb-dlss-ray-tracing-rog-strix-rtx4090-24g-gaming_1683721543_m.jpg&w=384&q=75'}
salvando_historico
enviando mensagem pro telegram - Atualização de produto
get ultimo produt
update gpu on aws -> {'adm': 'kabum', 'name': 'SSD 2TB Corsair MP600 PRO LPX, PCIe Gen 4.0 x4 NVMe M.2, Leitura: 7100MB/s e Gravação: 6800MB/s, Branco - CSSD-F2000GBMP600PLPW', 'price': 'R$ 1.339,99', 'link': 'https://www.kabum.com.br/produto/454658/ssd-2tb-corsair-mp600-pro-lpx-pcie-gen-4-0-x4-nvme-m-2-leitura-7100mb-s-e-gravacao-6800mb-s-branco-cssd-f2000gbmp600plpw', 'url_image': 'https://www.kabum.com.br//_next/image?url=https%3A%2F%2Fimages.kabum.com.br%2Fprodutos%2Ffotos%2F454658%2Fssd-2tb-corsair-mp600-pro-lpx-pcie-gen-4-0-x4-nvme-m-2-leitura-7100mb-s-e-gravacao-6800mb-s-branco-cssd-f2000gbmp600plpw_1688136680_m.jpg&w=384&q=75'}
salvando_historico
enviando mensagem pro telegram - Atualização de produto
get ultimo produt
update gpu on aws -> {'adm': 'kabum', 'name': 'SSD Wd Red Nas Sa500 2TB Sata Iii 2,5" - Wds200t2r0a', 'price': 'R$ 1.995,53', 'link': 'https://www.kabum.com.br/produto/630706/ssd-wd-red-nas-sa500-2tb-sata-iii-2-5-wds200t2r0a', 'url_image': 'https://www.kabum.com.br//_next/image?url=https%3A%2F%2Fimages.kabum.com.br%2Fprodutos%2Ffotos%2Fsync_mirakl%2F630706%2FSSD-Wd-Red-Nas-Sa500-2TB-Sata-Iii-2-5-Wds200t2r0a_1724861095_m.jpg&w=384&q=75'}
salvando_historico
update gpu on aws -> {'adm': 'kabum', 'name': 'SSD 4TB Kingston Fury Renegade com Dissipador, PCIe 4.0 NVMe M.2, Gen4x4, Leitura: 7300MB/s e Gravação: 7000MB/s, Preto, compatível com o PlayStation 5 - SFYRDK/4000G', 'price': 'R$ 2.959,99', 'link': 'https://www.kabum.com.br/produto/398537/ssd-4tb-kingston-fury-renegade-com-dissipador-pcie-4-0-nvme-m-2-gen4x4-leitura-7300mb-s-e-gravacao-7000mb-s-preto-compativel-com-o-playstation-5-sfyrdk-4000g', 'url_image': 'https://www.kabum.com.br//_next/image?url=https%3A%2F%2Fimages.kabum.com.br%2Fprodutos%2Ffotos%2F398537%2Fssd-kingston-fury-4tb-pcie-4-0-nvme-m-2-leitura-7300mb-s-e-gravacao-7000mb-s-preto-sfyrdk-4000g_1670946198_m.jpg&w=384&q=75'}
salvando_historico
enviando mensagem pro telegram - Atualização de produto
get ultimo produt
Iterando página
update gpu on aws -> {'adm': 'kabum', 'name': 'Memória ADATA Premier, 16GB, 3200MHz, DDR4 - AD4S320016G22 SGN 5271', 'price': 'R$ 272,66', 'link': 'https://www.kabum.com.br/produto/323739/memoria-adata-premier-16gb-3200mhz-ddr4-ad4s320016g22-sgn-5271', 'url_image': 'https://www.kabum.com.br//_next/image?url=https%3A%2F%2Fimages.kabum.com.br%2Fprodutos%2Ffotos%2Fsync_mirakl%2F323739%2FMem-ria-ADATA-Premier-16GB-3200MHz-DDR4-AD4S320016G22-SGN-5271_1724172293_m.jpg&w=384&q=75'}
salvando_historico
update gpu on aws -> {'adm': 'kabum', 'name': 'SSD M.2 1TB Kingston Nv2 Nvme 2280 3500mbps Snv2s', 'price': 'R$ 489,90', 'link': 'https://www.kabum.com.br/produto/594176/ssd-m-2-1tb-kingston-nv2-nvme-2280-3500mbps-snv2s', 'url_image': 'https://www.kabum.com.br//_next/image?url=https%3A%2F%2Fimages.kabum.com.br%2Fprodutos%2Ffotos%2Fsync_mirakl%2F594176%2FSSD-M-2-1TB-Kingston-Nv2-Nvme-2280-3500mbps-Snv2s_1723049510_m.jpg&w=384&q=75'}
salvando_historico
enviando mensagem pro telegram - Atualização de produto
get ultimo produt
Iterando página
update gpu on aws -> {'adm': 'kabum', 'name': 'Processador AMD Ryzen 7 7700X, 5.4GHz, Cache 40MB, AM5, 8 núcleos, 16 Threads, Radeon Graphics Com Vídeo - 100-100000591WOF', 'price': 'R$ 2.446,35', 'link': 'https://www.kabum.com.br/produto/390988/processador-amd-ryzen-7-7700x-5-4ghz-cache-40mb-am5-8-nucleos-16-threads-radeon-graphics-com-video-100-100000591wof', 'url_image': 'https://www.kabum.com.br//_next/image?url=https%3A%2F%2Fimages.kabum.com.br%2Fprodutos%2Ffotos%2Fsync_mirakl%2F390988%2FProcessador-AMD-Ryzen-7-7700X-5-4GHz-Cache-40MB-AM5-8-n-cleos-16-Threads-Radeon-Graphics-Com-V-deo-100-100000591WOF_1724096333_m.jpg&w=384&q=75'}
salvando_historico
Iterando página
update gpu on aws -> {'adm': 'kabum', 'name': 'Memória Kingston Fury Beast, 8GB, 6000MHz, DDR5 - KF560C40BB-8', 'price': 'R$ 325,00', 'link': 'https://www.kabum.com.br/produto/461207/memoria-kingston-fury-beast-8gb-6000mhz-ddr5-kf560c40bb-8', 'url_image': 'https://www.kabum.com.br//_next/image?url=https%3A%2F%2Fimages.kabum.com.br%2Fprodutos%2Ffotos%2Fsync_mirakl%2F461207%2FMem-ria-Kingston-Fury-Beast-8GB-6000MHz-DDR5-KF560C40BB-8_1725981540_m.jpg&w=384&q=75'}
salvando_historico
insert produto on aws -> {'adm': 'kabum', 'name': 'Controladora Coolmoon ARGB, 5v, 3 Pinos e Pwm 4 Pinos, 10 Portas LED, 8 Portas Pwm', 'price': 'R$ 147,30', 'link': 'https://www.kabum.com.br/produto/520680/controladora-coolmoon-argb-5v-3-pinos-e-pwm-4-pinos-10-portas-led-8-portas-pwm', 'url_image': 'https://www.kabum.com.br//_next/image?url=https%3A%2F%2Fimages.kabum.com.br%2Fprodutos%2Ffotos%2Fsync_mirakl%2F520680%2FControladora-Coolmoon-ARGB-5v-3-Pinos-e-Pwm-4-Pinos-10-Portas-LED-8-Portas-Pwm_1720203110_m.jpg&w=384&q=75'}
enviando mensagem pro telegram - Novo produto
get ultimo produt
update gpu on aws -> {'adm': 'kabum', 'name': 'SSD WD Green, 240GB, M.2 - Wds240g2g0b.', 'price': 'R$ 224,10', 'link': 'https://www.kabum.com.br/produto/210857/ssd-wd-green-240gb-m-2-wds240g2g0b-', 'url_image': 'https://www.kabum.com.br//_next/image?url=https%3A%2F%2Fimages.kabum.com.br%2Fprodutos%2Ffotos%2Fsync_mirakl%2F210857%2FSSD-WD-Green-240GB-M-2-Wds240g2g0b-_1712768921_m.jpg&w=384&q=75'}
salvando_historico
enviando mensagem pro telegram - Atualização de produto
get ultimo produt
update gpu on aws -> {'adm': 'kabum', 'name': 'Fonte Corsair RMx Shift Series RM1200x, 1200W, 80 Plus Gold, Modular, Sem Cabo, Preto - CP-9020254-BR', 'price': 'R$ 1.649,99', 'link': 'https://www.kabum.com.br/produto/516064/fonte-corsair-rmx-shift-series-rm1200x-1200w-80-plus-gold-modular-sem-cabo-preto-cp-9020254-br', 'url_image': 'https://www.kabum.com.br//_next/image?url=https%3A%2F%2Fimages.kabum.com.br%2Fprodutos%2Ffotos%2F516064%2Ffonte-corsair-rmx-shift-series-rm1200x-1200w-80-plus-gold-modular-sem-cabo-preto-cp-9020254-br_1714487589_m.jpg&w=384&q=75'}
salvando_historico
enviando mensagem pro telegram - Atualização de produto
get ultimo produt
insert produto on aws -> {'adm': 'kabum', 'name': 'Placa Mae Gigabyte B650m Aorus Elite Ax Ice, AMD AM5, mATX, DDR5, Wi-Fi, M.2 Nvme Max. 192GB', 'price': 'R$ 1.806,68', 'link': 'https://www.kabum.com.br/produto/589663/placa-mae-gigabyte-b650m-aorus-elite-ax-ice-amd-am5-matx-ddr5-wi-fi-m-2-nvme-max-192gb', 'url_image': 'https://www.kabum.com.br//_next/image?url=https%3A%2F%2Fimages.kabum.com.br%2Fprodutos%2Ffotos%2Fsync_mirakl%2F589663%2FPlaca-Mae-Gigabyte-B650m-Aorus-Elite-Ax-Ice-AMD-AM5-mATX-DDR5-Wi-Fi-M-2-Nvme-Max-192GB_1726512483_m.jpg&w=384&q=75'}
enviando mensagem pro telegram - Novo produto
get ultimo produt
Iterando página
insert produto on aws -> {'adm': 'kabum', 'name': 'Placa Mãe Gigabyte B660M Gaming X, Intel LGA 1700, mATX, DDR4', 'price': 'R$ 1.300,00', 'link': 'https://www.kabum.com.br/produto/365185/placa-mae-gigabyte-b660m-gaming-x-intel-lga-1700-matx-ddr4', 'url_image': 'https://www.kabum.com.br//_next/image?url=https%3A%2F%2Fimages.kabum.com.br%2Fprodutos%2Ffotos%2Fsync_mirakl%2F365185%2FPlaca-M-e-Gigabyte-B660M-Gaming-X-Intel-LGA-1700-mATX-DDR4_1726514226_m.jpg&w=384&q=75'}
enviando mensagem pro telegram - Novo produto
get ultimo produt
insert produto on aws -> {'adm': 'kabum', 'name': 'Storage Qnap TS-433-4G, Arm Cortex-a55 2.0Ghz, 4GB, Integrada 4 Baias, Torre Sem HD - Ts-433-4g', 'price': 'R$ 4.363,81', 'link': 'https://www.kabum.com.br/produto/474944/storage-qnap-ts-433-4g-arm-cortex-a55-2-0ghz-4gb-integrada-4-baias-torre-sem-hd-ts-433-4g', 'url_image': 'https://www.kabum.com.br//_next/image?url=https%3A%2F%2Fimages.kabum.com.br%2Fprodutos%2Ffotos%2Fsync_mirakl%2F474944%2FStorage-Qnap-TS-433-4G-Arm-Cortex-a55-2-0Ghz-4GB-Integrada-4-Baias-Torre-Sem-HD-Ts-433-4g_1726511056_m.jpg&w=384&q=75'}
enviando mensagem pro telegram - Novo produto
get ultimo produt
Iterando página
update gpu on aws -> {'adm': 'kabum', 'name': 'SSD Kingston Nv1 500gb m.2 2280, Nvme, Leitura: 2100mb/s e Gravação: 1700mb/s - SNVS/500G', 'price': 'R$ 384,96', 'link': 'https://www.kabum.com.br/produto/238839/ssd-kingston-nv1-500gb-m-2-2280-nvme-leitura-2100mb-s-e-gravacao-1700mb-s-snvs-500g', 'url_image': 'https://www.kabum.com.br//_next/image?url=https%3A%2F%2Fimages.kabum.com.br%2Fprodutos%2Ffotos%2Fsync_mirakl%2F238839%2FSSD-Kingston-Nv1-500gb-m-2-2280-Nvme-Leitura-2100mb-s-e-Grava-o-1700mb-s-SNVS-500G_1724170434_m.jpg&w=384&q=75'}
salvando_historico
enviando mensagem pro telegram - Atualização de produto
get ultimo produt
update gpu on aws -> {'adm': 'kabum', 'name': 'SSD WD 480GB Green M.2 2280, Sata3, WDS480G2G0B', 'price': 'R$ 346,75', 'link': 'https://www.kabum.com.br/produto/181715/ssd-wd-480gb-green-m-2-2280-sata3-wds480g2g0b', 'url_image': 'https://www.kabum.com.br//_next/image?url=https%3A%2F%2Fimages.kabum.com.br%2Fprodutos%2Ffotos%2Fsync_mirakl%2F181715%2FSSD-WD-480GB-Green-M-2-2280-Sata3-WDS480G2G0B_1712768302_m.jpg&w=384&q=75'}
salvando_historico
update gpu on aws -> {'adm': 'kabum', 'name': 'HD Externo Seagate 2TB Expansion, 2.5", USB 3.0 - STKM2000400', 'price': 'R$ 707,78', 'link': 'https://www.kabum.com.br/produto/303485/hd-externo-seagate-2tb-expansion-2-5-usb-3-0-stkm2000400', 'url_image': 'https://www.kabum.com.br//_next/image?url=https%3A%2F%2Fimages.kabum.com.br%2Fprodutos%2Ffotos%2Fsync_mirakl%2F303485%2FHD-Externo-Seagate-2TB-Expansion-2-5-USB-3-0-STKM2000400_1724169949_m.jpg&w=384&q=75'}
salvando_historico
update gpu on aws -> {'adm': 'kabum', 'name': 'Placa de Video RTX 4080 Super Jetstream OC Palit NVIDIA GeForce, 16GB GDDR6X, DLSS, Ray Trancing, G-Sync - NED408SS19T2-1032J', 'price': 'R$ 6.799,99', 'link': 'https://www.kabum.com.br/produto/520740/placa-de-video-rtx-4080-super-jetstream-oc-palit-nvidia-geforce-16gb-gddr6x-dlss-ray-trancing-g-sync-ned408ss19t2-1032j', 'url_image': 'https://www.kabum.com.br//_next/image?url=https%3A%2F%2Fimages.kabum.com.br%2Fprodutos%2Ffotos%2F520740%2Fplaca-de-video-rtx-4080-super-jetstream-oc-palit-nvidia-geforce-16gb-gddr6x-dlss-ray-trancing-g-sync-ned408ss19t2-1032j_1711377818_m.jpg&w=384&q=75'}
salvando_historico
enviando mensagem pro telegram - Atualização de produto
get ultimo produt
update gpu on aws -> {'adm': 'kabum', 'name': 'Hd Seagate Ironwolf 2tb Nas Sata6, 5400rpm, 256mb - ST2000VN003', 'price': 'R$ 807,37', 'link': 'https://www.kabum.com.br/produto/462065/hd-seagate-ironwolf-2tb-nas-sata6-5400rpm-256mb-st2000vn003', 'url_image': 'https://www.kabum.com.br//_next/image?url=https%3A%2F%2Fimages.kabum.com.br%2Fprodutos%2Ffotos%2Fsync_mirakl%2F462065%2FHd-Seagate-Ironwolf-2tb-Nas-Sata6-5400rpm-256mb-ST2000VN003_1709133505_m.jpg&w=384&q=75'}
salvando_historico
Iterando página
update gpu on aws -> {'adm': 'kabum', 'name': 'SSD M2 Pcle 4.0 Blaze Redragon 512gb', 'price': 'R$ 485,99', 'link': 'https://www.kabum.com.br/produto/576196/ssd-m2-pcle-4-0-blaze-redragon-512gb', 'url_image': 'https://www.kabum.com.br//_next/image?url=https%3A%2F%2Fimages.kabum.com.br%2Fprodutos%2Ffotos%2Fsync_mirakl%2F576196%2FSSD-M2-Pcle-4-0-Blaze-Redragon-512gb_1724174142_m.jpg&w=384&q=75'}
salvando_historico
update gpu on aws -> {'adm': 'kabum', 'name': 'Memória Best Memory, 8GB, 1600MHz, DDR3, Para PC - BT D3 8G1600V', 'price': 'R$ 52,61', 'link': 'https://www.kabum.com.br/produto/134703/memoria-best-memory-8gb-1600mhz-ddr3-para-pc-bt-d3-8g1600v', 'url_image': 'https://www.kabum.com.br//_next/image?url=https%3A%2F%2Fimages.kabum.com.br%2Fprodutos%2Ffotos%2Fsync_mirakl%2F134703%2FMem-ria-Best-Memory-8GB-1600MHz-DDR3-Para-PC-BT-D3-8G1600V_1726518633_m.jpg&w=384&q=75'}
salvando_historico
update gpu on aws -> {'adm': 'kabum', 'name': 'SSD Kingston 2TB Nv2 M.2 Snv2s/2000g - Nvme Gen 4 - Leitura 3500MB/s, Gravação: 2800MB/s', 'price': 'R$ 849,75', 'link': 'https://www.kabum.com.br/produto/400359/ssd-kingston-2tb-nv2-m-2-snv2s-2000g-nvme-gen-4-leitura-3500mb-s-gravacao-2800mb-s', 'url_image': 'https://www.kabum.com.br//_next/image?url=https%3A%2F%2Fimages.kabum.com.br%2Fprodutos%2Ffotos%2Fsync_mirakl%2F400359%2FSSD-Kingston-2TB-Nv2-M-2-Snv2s-2000g-Nvme-Gen-4-Leitura-3500MB-s-Grava-o-2800MB-s_1726407993_m.jpg&w=384&q=75'}
salvando_historico
enviando mensagem pro telegram - Atualização de produto
get ultimo produt
Iterando página
update gpu on aws -> {'adm': 'kabum', 'name': 'SSD 1 TB Corsair Force MP600 PRO LPX, M.2 PCIe, NVMe, Leitura: 7100MB/s e Gravação: 5800MB/s - CSSD-F1000GBMP600PLP', 'price': 'R$ 759,99', 'link': 'https://www.kabum.com.br/produto/308344/ssd-1-tb-corsair-force-mp600-pro-lpx-m-2-pcie-nvme-leitura-7100mb-s-e-gravacao-5800mb-s-cssd-f1000gbmp600plp', 'url_image': 'https://www.kabum.com.br//_next/image?url=https%3A%2F%2Fimages.kabum.com.br%2Fprodutos%2Ffotos%2F308344%2Fssd-corsair-force-mp600-pro-lpx-1tb-m-2-pcie-nvme-leituras-7100mb-s-e-gravacoes-3700-mb-s-cssd-f1000gbmp600plp_1643981790_m.jpg&w=384&q=75'}
salvando_historico
update gpu on aws -> {'adm': 'kabum', 'name': 'Memória Sodimm, Kingston Fury Impact, 16GB DDR5, 4800mhz, Para Notebook, Cl38 - Kf548s38ib-16', 'price': 'R$ 391,50', 'link': 'https://www.kabum.com.br/produto/456812/memoria-sodimm-kingston-fury-impact-16gb-ddr5-4800mhz-para-notebook-cl38-kf548s38ib-16', 'url_image': 'https://www.kabum.com.br//_next/image?url=https%3A%2F%2Fimages.kabum.com.br%2Fprodutos%2Ffotos%2Fsync_mirakl%2F456812%2FMem-ria-Sodimm-Kingston-Fury-Impact-16GB-DDR5-4800mhz-Para-Notebook-Cl38-Kf548s38ib-16_1725976255_m.jpg&w=384&q=75'}
salvando_historico
enviando mensagem pro telegram - Atualização de produto
get ultimo produt
Iterando página
insert produto on aws -> {'adm': 'kabum', 'name': 'Kit Upgrade AMD Ryzen 5 5600G, Placa Mae A520M, 32GB DDR4, Neologic - Nli84630', 'price': 'R$ 2.309,90', 'link': 'https://www.kabum.com.br/produto/456787/kit-upgrade-amd-ryzen-5-5600g-placa-mae-a520m-32gb-ddr4-neologic-nli84630', 'url_image': 'https://www.kabum.com.br//_next/image?url=https%3A%2F%2Fimages.kabum.com.br%2Fprodutos%2Ffotos%2Fsync_mirakl%2F456787%2FKit-Upgrade-AMD-Ryzen-5-5600G-Placa-Mae-A520M-32GB-DDR4-Neologic-Nli84630_1726518933_m.jpg&w=384&q=75'}
enviando mensagem pro telegram - Novo produto
get ultimo produt
update gpu on aws -> {'adm': 'kabum', 'name': 'Placa Mãe ASRock Z790 Steel Legend WiFi, Intel LGA1700 Z790, ATX, DDR5 - 90-MXBKD', 'price': 'R$ 2.629,99', 'link': 'https://www.kabum.com.br/produto/521580/placa-mae-asrock-z790-steel-legend-wifi-intel-lga1700-z790-atx-ddr5-90-mxbkd', 'url_image': 'https://www.kabum.com.br//_next/image?url=https%3A%2F%2Fimages.kabum.com.br%2Fprodutos%2Ffotos%2F521580%2Fplaca-mae-asrock-z790-steel-legend-wifi-intel-lga1700-z790-atx-ddr5-90-mxbkd_1719414041_m.jpg&w=384&q=75'}
salvando_historico
update gpu on aws -> {'adm': 'kabum', 'name': 'Water Cooler Sangue Frio 3 PCyes Black Vulcan 240mm - Intel / Amd', 'price': 'R$ 306,35', 'link': 'https://www.kabum.com.br/produto/596593/water-cooler-sangue-frio-3-pcyes-black-vulcan-240mm-intel-amd', 'url_image': 'https://www.kabum.com.br//_next/image?url=https%3A%2F%2Fimages.kabum.com.br%2Fprodutos%2Ffotos%2Fsync_mirakl%2F596593%2FWater-Cooler-Sangue-Frio-3-PCyes-Black-Vulcan-240mm-Intel-Amd_1724461371_m.jpg&w=384&q=75'}
salvando_historico
enviando mensagem pro telegram - Atualização de produto
get ultimo produt
insert produto on aws -> {'adm': 'kabum', 'name': 'Memória Kingston, 16GB, 3200MHz, DDR4, CL22, Para Notebook, 1.2V - KCP432SS8/16', 'price': 'R$ 471,88', 'link': 'https://www.kabum.com.br/produto/391925/memoria-kingston-16gb-3200mhz-ddr4-cl22-para-notebook-1-2v-kcp432ss8-16', 'url_image': 'https://www.kabum.com.br//_next/image?url=https%3A%2F%2Fimages.kabum.com.br%2Fprodutos%2Ffotos%2Fsync_mirakl%2F391925%2FMem-ria-Kingston-16GB-3200MHz-DDR4-CL22-Para-Notebook-1-2V-KCP432SS8-16_1717700050_m.jpg&w=384&q=75'}
enviando mensagem pro telegram - Novo produto
get ultimo produt
update gpu on aws -> {'adm': 'kabum', 'name': 'Processador AMD Ryzen 7 7700, 3.8GHz (5.3GHz Max Turbo), Cache 32MB, 8 Cores, 16 Threads, AM5, Wraith Prism - 100-100000592BOX', 'price': 'R$ 2.199,00', 'link': 'https://www.kabum.com.br/produto/420278/processador-amd-ryzen-7-7700-3-8ghz-5-3ghz-max-turbo-cache-32mb-8-cores-16-threads-am5-wraith-prism-100-100000592box', 'url_image': 'https://www.kabum.com.br//_next/image?url=https%3A%2F%2Fimages.kabum.com.br%2Fprodutos%2Ffotos%2Fsync_mirakl%2F420278%2FProcessador-AMD-Ryzen-7-7700-3-8GHz-5-3GHz-Max-Turbo-Cache-32MB-8-Cores-16-Threads-AM5-Wraith-Prism-100-100000592BOX_1714669157_m.jpg&w=384&q=75'}
salvando_historico
enviando mensagem pro telegram - Atualização de produto
get ultimo produt
Iterando página
update gpu on aws -> {'adm': 'kabum', 'name': 'SSD Western Digital Green SN350, 240GB, M.2 2280, NVME, Leitura 2400MB/s E Gravação 900MB/s - Wds240g2g0c', 'price': 'R$ 215,10', 'link': 'https://www.kabum.com.br/produto/381078/ssd-western-digital-green-sn350-240gb-m-2-2280-nvme-leitura-2400mb-s-e-gravacao-900mb-s-wds240g2g0c', 'url_image': 'https://www.kabum.com.br//_next/image?url=https%3A%2F%2Fimages.kabum.com.br%2Fprodutos%2Ffotos%2Fsync_mirakl%2F381078%2FSSD-Western-Digital-Green-SN350-240GB-M-2-2280-NVME-Leitura-2400MB-s-E-Grava-o-900MB-s-Wds240g2g0c_1720641707_m.jpg&w=384&q=75'}
salvando_historico
update gpu on aws -> {'adm': 'kabum', 'name': 'Cooler Para Processador Deepcool Dual Tower Ak620 Zero Dark, Preto - R-Ak620-Bknnmt-G-1', 'price': 'R$ 675,00', 'link': 'https://www.kabum.com.br/produto/479415/cooler-para-processador-deepcool-dual-tower-ak620-zero-dark-preto-r-ak620-bknnmt-g-1', 'url_image': 'https://www.kabum.com.br//_next/image?url=https%3A%2F%2Fimages.kabum.com.br%2Fprodutos%2Ffotos%2Fsync_mirakl%2F479415%2FCooler-Para-Processador-Deepcool-Dual-Tower-Ak620-Zero-Dark-Preto-R-Ak620-Bknnmt-G-1_1720132118_m.jpg&w=384&q=75'}
salvando_historico
Iterando página
insert produto on aws -> {'adm': 'kabum', 'name': 'Kit Upgrade AMD Ryzen 7 5700G, Placa Mae A520M-E, 8GB DDR4, Neologic - Nli84112', 'price': 'R$ 2.294,90', 'link': 'https://www.kabum.com.br/produto/371815/kit-upgrade-amd-ryzen-7-5700g-placa-mae-a520m-e-8gb-ddr4-neologic-nli84112', 'url_image': 'https://www.kabum.com.br//_next/image?url=https%3A%2F%2Fimages.kabum.com.br%2Fprodutos%2Ffotos%2Fsync_mirakl%2F371815%2FKit-Upgrade-AMD-Ryzen-7-5700G-Placa-Mae-A520M-E-8GB-DDR4-Neologic-Nli84112_1726517782_m.jpg&w=384&q=75'}
enviando mensagem pro telegram - Novo produto
get ultimo produt
Iterando página
update gpu on aws -> {'adm': 'kabum', 'name': 'Hd Interno Seagate 3.5 Ironwolf Nas 12TB Sata 3 7200rpm - St12000vn0008', 'price': 'R$ 2.598,00', 'link': 'https://www.kabum.com.br/produto/623829/hd-interno-seagate-3-5-ironwolf-nas-12tb-sata-3-7200rpm-st12000vn0008', 'url_image': 'https://www.kabum.com.br//_next/image?url=https%3A%2F%2Fimages.kabum.com.br%2Fprodutos%2Ffotos%2Fsync_mirakl%2F623829%2FHd-Interno-Seagate-3-5-Ironwolf-Nas-12TB-Sata-3-7200rpm-St12000vn0008_1723219215_m.jpg&w=384&q=75'}
salvando_historico
insert produto on aws -> {'adm': 'kabum', 'name': 'Water Cooler Asus Proart Lc 420 90rc00n0-m0uay0', 'price': 'R$ 1.688,00', 'link': 'https://www.kabum.com.br/produto/614446/water-cooler-asus-proart-lc-420-90rc00n0-m0uay0', 'url_image': 'https://www.kabum.com.br//_next/image?url=https%3A%2F%2Fimages.kabum.com.br%2Fprodutos%2Ffotos%2Fsync_mirakl%2F614446%2FWater-Cooler-Asus-Proart-Lc-420-90rc00n0-m0uay0_1720787089_m.jpg&w=384&q=75'}
enviando mensagem pro telegram - Novo produto
get ultimo produt
Iterando página
update gpu on aws -> {'adm': 'kabum', 'name': 'Memória Kingston, 4GB, 3200MHz, DDR4, Para PC', 'price': 'R$ 180,07', 'link': 'https://www.kabum.com.br/produto/184085/memoria-kingston-4gb-3200mhz-ddr4-para-pc', 'url_image': 'https://www.kabum.com.br//_next/image?url=https%3A%2F%2Fimages.kabum.com.br%2Fprodutos%2Ffotos%2Fsync_mirakl%2F184085%2FMem-ria-Kingston-4GB-3200MHz-DDR4-Para-PC_1709326220_m.jpg&w=384&q=75'}
salvando_historico
insert produto on aws -> {'adm': 'kabum', 'name': 'Kit Upgrade AMD Ryzen 7 5700G, Placa Mae A520M, 32GB DDR4, Neologic - Nli84632', 'price': 'R$ 2.843,90', 'link': 'https://www.kabum.com.br/produto/456790/kit-upgrade-amd-ryzen-7-5700g-placa-mae-a520m-32gb-ddr4-neologic-nli84632', 'url_image': 'https://www.kabum.com.br//_next/image?url=https%3A%2F%2Fimages.kabum.com.br%2Fprodutos%2Ffotos%2Fsync_mirakl%2F456790%2FKit-Upgrade-AMD-Ryzen-7-5700G-Placa-Mae-A520M-32GB-DDR4-Neologic-Nli84632_1726517877_m.jpg&w=384&q=75'}
enviando mensagem pro telegram - Novo produto
get ultimo produt
update gpu on aws -> {'adm': 'kabum', 'name': 'Memória Patriot Signature, 8GB, 1600MHz, DDR3, Para PC - PSD38G16002', 'price': 'R$ 508,80', 'link': 'https://www.kabum.com.br/produto/235565/memoria-patriot-signature-8gb-1600mhz-ddr3-para-pc-psd38g16002', 'url_image': 'https://www.kabum.com.br//_next/image?url=https%3A%2F%2Fimages.kabum.com.br%2Fprodutos%2Ffotos%2Fsync_mirakl%2F235565%2FMem-ria-Patriot-Signature-8GB-1600MHz-DDR3-Para-PC-PSD38G16002_1712768926_m.jpg&w=384&q=75'}
salvando_historico
insert produto on aws -> {'adm': 'kabum', 'name': 'Dissipador de Calor Coolmoon para SSD M2, Nvme, LED, ARGB, 5v, 3 Pinos, Alumínio', 'price': 'R$ 78,70', 'link': 'https://www.kabum.com.br/produto/520059/dissipador-de-calor-coolmoon-para-ssd-m2-nvme-led-argb-5v-3-pinos-aluminio', 'url_image': 'https://www.kabum.com.br//_next/image?url=https%3A%2F%2Fimages.kabum.com.br%2Fprodutos%2Ffotos%2Fsync_mirakl%2F520059%2FDissipador-de-Calor-Coolmoon-para-SSD-M2-Nvme-LED-ARGB-5v-3-Pinos-Alum-nio_1724243511_m.jpg&w=384&q=75'}
enviando mensagem pro telegram - Novo produto
get ultimo produt
Iterando página
insert produto on aws -> {'adm': 'kabum', 'name': 'Water Cooler NZXT Kraken 360 RGB, 360mm, Intel e AMD, Preto - RL-KR360-B1', 'price': 'R$ 1.499,99', 'link': 'https://www.kabum.com.br/produto/415802/water-cooler-nzxt-kraken-360-rgb-360mm-intel-e-amd-preto-rl-kr360-b1', 'url_image': 'https://www.kabum.com.br//_next/image?url=https%3A%2F%2Fimages.kabum.com.br%2Fprodutos%2Ffotos%2F415802%2Fwater-cooler-nzxt-kraken-360-rgb-360mm-1-54in-display-rgb-controller-e-rgb-fans-preto-rl-kr360-b1_1686163800_m.jpg&w=384&q=75'}
enviando mensagem pro telegram - Novo produto
get ultimo produt
insert produto on aws -> {'adm': 'kabum', 'name': 'Kit Upgrade AMD Ryzen 3 3200G, Placa Mae A520, 16GB DDR4, Neologic - Nli84294', 'price': 'R$ 1.384,90', 'link': 'https://www.kabum.com.br/produto/400735/kit-upgrade-amd-ryzen-3-3200g-placa-mae-a520-16gb-ddr4-neologic-nli84294', 'url_image': 'https://www.kabum.com.br//_next/image?url=https%3A%2F%2Fimages.kabum.com.br%2Fprodutos%2Ffotos%2Fsync_mirakl%2F400735%2FKit-Upgrade-AMD-Ryzen-3-3200G-Placa-Mae-A520-16GB-DDR4-Neologic-Nli84294_1726518232_m.jpg&w=384&q=75'}
enviando mensagem pro telegram - Novo produto
get ultimo produt
update gpu on aws -> {'adm': 'kabum', 'name': 'Fonte Brazil Pc Atx 500w Bpc/5350-m 24 Pinos Com Cabo', 'price': 'R$ 181,58', 'link': 'https://www.kabum.com.br/produto/452789/fonte-brazil-pc-atx-500w-bpc-5350-m-24-pinos-com-cabo', 'url_image': 'https://www.kabum.com.br//_next/image?url=https%3A%2F%2Fimages.kabum.com.br%2Fprodutos%2Ffotos%2Fsync_mirakl%2F452789%2FFonte-Brazil-Pc-Atx-500w-Bpc-5350-m-24-Pinos-Com-Cabo_1721055345_m.jpg&w=384&q=75'}
salvando_historico
update gpu on aws -> {'adm': 'kabum', 'name': 'Placa de Video RTX 4070 Ti Super GamingPro OC Palit NVIDIA GeForce, 16GB GDDR6X, DLSS, Ray Trancing, G-Sync - NED47TSH19T2-1043A', 'price': 'R$ 5.998,99', 'link': 'https://www.kabum.com.br/produto/520738/placa-de-video-rtx-4070-ti-super-gamingpro-oc-palit-nvidia-geforce-16gb-gddr6x-dlss-ray-trancing-g-sync-ned47tsh19t2-1043a', 'url_image': 'https://www.kabum.com.br//_next/image?url=https%3A%2F%2Fimages.kabum.com.br%2Fprodutos%2Ffotos%2F520738%2Fplaca-de-video-rtx-4070-ti-super-gamingpro-oc-palit-nvidia-geforce-16gb-gddr6x-dlss-ray-trancing-g-sync-ned47tsh19t2-1043a_1711375003_m.jpg&w=384&q=75'}
salvando_historico
enviando mensagem pro telegram - Atualização de produto
get ultimo produt
Iterando página
update gpu on aws -> {'adm': 'kabum', 'name': 'Placa de Video RTX 4060 TI Dual Palit NVIDIA GeForce, 8GB GDDR6, RGB, 128bit, G-Sync, Ray Tracing, DLSS - NE6406T019P1-1060D', 'price': 'R$ 2.959,99', 'link': 'https://www.kabum.com.br/produto/511040/placa-de-video-rtx-4060-ti-dual-palit-nvidia-geforce-8gb-gddr6-rgb-128bit-g-sync-ray-tracing-dlss-ne6406t019p1-1060d', 'url_image': 'https://www.kabum.com.br//_next/image?url=https%3A%2F%2Fimages.kabum.com.br%2Fprodutos%2Ffotos%2F511040%2Fplaca-de-video-rtx-4060-ti-dual-palit-nvidia-geforce-8gb-gddr6-rgb-128bit-g-sync-ray-tracing-dlss-ne6406t019p1-1060d_1707154923_m.jpg&w=384&q=75'}
salvando_historico
update gpu on aws -> {'adm': 'kabum', 'name': 'Memória Kingston Fury Beast, 16GB, 5600MHz, DDR5, CL40, Preto - KF556C40BB-16', 'price': 'R$ 596,19', 'link': 'https://www.kabum.com.br/produto/349654/memoria-kingston-fury-beast-16gb-5600mhz-ddr5-cl40-preto-kf556c40bb-16', 'url_image': 'https://www.kabum.com.br//_next/image?url=https%3A%2F%2Fimages.kabum.com.br%2Fprodutos%2Ffotos%2Fsync_mirakl%2F349654%2FMem-ria-Kingston-Fury-Beast-16GB-5600MHz-DDR5-CL40-Preto-KF556C40BB-16_1724871047_m.jpg&w=384&q=75'}
salvando_historico
update gpu on aws -> {'adm': 'kabum', 'name': 'Kit Upgrade Intel Core I5 6ª Geração, 8GB Ram, SSD 240GB, Conexões Usb/vga/hdmi/lan/som', 'price': 'R$ 959,54', 'link': 'https://www.kabum.com.br/produto/577345/kit-upgrade-intel-core-i5-6-geracao-8gb-ram-ssd-240gb-conexoes-usb-vga-hdmi-lan-som', 'url_image': 'https://www.kabum.com.br//_next/image?url=https%3A%2F%2Fimages.kabum.com.br%2Fprodutos%2Ffotos%2Fsync_mirakl%2F577345%2FKit-Upgrade-Intel-Core-I5-6-Gera-o-8GB-Ram-SSD-240GB-Conex-es-Usb-vga-hdmi-lan-som_1714390210_m.jpg&w=384&q=75'}
salvando_historico
Iterando página
update gpu on aws -> {'adm': 'kabum', 'name': 'SSD 128GB Ngff Ceamere 2280 M.2 Solid State Drive', 'price': 'R$ 92,00', 'link': 'https://www.kabum.com.br/produto/631415/ssd-128gb-ngff-ceamere-2280-m-2-solid-state-drive', 'url_image': 'https://www.kabum.com.br//_next/image?url=https%3A%2F%2Fimages.kabum.com.br%2Fprodutos%2Ffotos%2F631415%2Fssd-128gb-ngff-ceamere-2280-m-2-solid-state-drive_1725387778_m.jpg&w=384&q=75'}
salvando_historico
update gpu on aws -> {'adm': 'kabum', 'name': 'Water Cooler Corsair Icue H55 RGB, 120mm', 'price': 'R$ 299,99', 'link': 'https://www.kabum.com.br/produto/457131/water-cooler-corsair-icue-h55-rgb-120mm', 'url_image': 'https://www.kabum.com.br//_next/image?url=https%3A%2F%2Fimages.kabum.com.br%2Fprodutos%2Ffotos%2Fsync_mirakl%2F457131%2FWater-Cooler-Corsair-Icue-H55-RGB-120mm_1719240012_m.jpg&w=384&q=75'}
salvando_historico
enviando mensagem pro telegram - Atualização de produto
get ultimo produt
update gpu on aws -> {'adm': 'kabum', 'name': 'Kit Upgrade Intel Core I3 6ª Geração, 16gb Ram, SSD 480GB, Conexões Usb/vga/hdmi/lan/som', 'price': 'R$ 971,44', 'link': 'https://www.kabum.com.br/produto/577369/kit-upgrade-intel-core-i3-6-geracao-16gb-ram-ssd-480gb-conexoes-usb-vga-hdmi-lan-som', 'url_image': 'https://www.kabum.com.br//_next/image?url=https%3A%2F%2Fimages.kabum.com.br%2Fprodutos%2Ffotos%2Fsync_mirakl%2F577369%2FKit-Upgrade-Intel-Core-I3-6-Gera-o-16gb-Ram-SSD-480GB-Conex-es-Usb-vga-hdmi-lan-som_1714391841_m.jpg&w=384&q=75'}
salvando_historico
insert produto on aws -> {'adm': 'kabum', 'name': 'Kit Upgrade AMD Ryzen 5 5600G, Placa Mae A520M, 16GB DDR4, Neologic - Nli84581', 'price': 'R$ 1.903,90', 'link': 'https://www.kabum.com.br/produto/522321/kit-upgrade-amd-ryzen-5-5600g-placa-mae-a520m-16gb-ddr4-neologic-nli84581', 'url_image': 'https://www.kabum.com.br//_next/image?url=https%3A%2F%2Fimages.kabum.com.br%2Fprodutos%2Ffotos%2Fsync_mirakl%2F522321%2FKit-Upgrade-AMD-Ryzen-5-5600G-Placa-Mae-A520M-16GB-DDR4-Neologic-Nli84581_1726519203_m.jpg&w=384&q=75'}
enviando mensagem pro telegram - Novo produto
get ultimo produt
Iterando página
insert produto on aws -> {'adm': 'kabum', 'name': 'Kit Upgrade AMD Ryzen 5 4500, Placa Mae A520M, 8GB DDR4, Neologic - Nli84047', 'price': 'R$ 1.328,40', 'link': 'https://www.kabum.com.br/produto/366915/kit-upgrade-amd-ryzen-5-4500-placa-mae-a520m-8gb-ddr4-neologic-nli84047', 'url_image': 'https://www.kabum.com.br//_next/image?url=https%3A%2F%2Fimages.kabum.com.br%2Fprodutos%2Ffotos%2Fsync_mirakl%2F366915%2FKit-Upgrade-AMD-Ryzen-5-4500-Placa-Mae-A520M-8GB-DDR4-Neologic-Nli84047_1726518690_m.jpg&w=384&q=75'}
enviando mensagem pro telegram - Novo produto
get ultimo produt
update gpu on aws -> {'adm': 'kabum', 'name': 'Memoria Adata Xpg Gammix D20, 16GB, 3200mhz, Ddr4 - Ax4u320016g16a-cbk20', 'price': 'R$ 383,90', 'link': 'https://www.kabum.com.br/produto/444042/memoria-adata-xpg-gammix-d20-16gb-3200mhz-ddr4-ax4u320016g16a-cbk20', 'url_image': 'https://www.kabum.com.br//_next/image?url=https%3A%2F%2Fimages.kabum.com.br%2Fprodutos%2Ffotos%2Fsync_mirakl%2F444042%2FMemoria-Adata-Xpg-Gammix-D20-16GB-3200mhz-Ddr4-Ax4u320016g16a-cbk20_1711628890_m.jpg&w=384&q=75'}
salvando_historico
Iterando página
update gpu on aws -> {'adm': 'kabum', 'name': 'Memória Kingston, 16GB, 2666MHz, DDR4, CL19 - KVR26N19D8/16', 'price': 'R$ 442,38', 'link': 'https://www.kabum.com.br/produto/175119/memoria-kingston-16gb-2666mhz-ddr4-cl19-kvr26n19d8-16', 'url_image': 'https://www.kabum.com.br//_next/image?url=https%3A%2F%2Fimages.kabum.com.br%2Fprodutos%2Ffotos%2Fsync_mirakl%2F175119%2FMem-ria-Kingston-16GB-2666MHz-DDR4-CL19-KVR26N19D8-16_1696079898_m.jpg&w=384&q=75'}
salvando_historico
update gpu on aws -> {'adm': 'kabum', 'name': 'Fonte Corsair SF-L Series SF850L, 850W, 80 Plus Gold, Modular, Com Cabo, Preto - CP-9020245-WW', 'price': 'R$ 1.049,99', 'link': 'https://www.kabum.com.br/produto/516065/fonte-corsair-sf-l-series-sf850l-850w-80-plus-gold-modular-com-cabo-preto-cp-9020245-ww', 'url_image': 'https://www.kabum.com.br//_next/image?url=https%3A%2F%2Fimages.kabum.com.br%2Fprodutos%2Ffotos%2F516065%2Ffonte-corsair-sf-l-series-sf850l-850w-80-plus-gold-modular-sem-cabo-preto-cp-9020245-ww_1714493931_m.jpg&w=384&q=75'}
salvando_historico
enviando mensagem pro telegram - Atualização de produto
get ultimo produt
Iterando página
update gpu on aws -> {'adm': 'kabum', 'name': 'Memória Ram Para Desktop 16gb Ddr4 3200mhz Hiker - Hiksemi', 'price': 'R$ 309,95', 'link': 'https://www.kabum.com.br/produto/624534/memoria-ram-para-desktop-16gb-ddr4-3200mhz-hiker-hiksemi', 'url_image': 'https://www.kabum.com.br//_next/image?url=https%3A%2F%2Fimages.kabum.com.br%2Fprodutos%2Ffotos%2Fsync_mirakl%2F624534%2FMem-ria-Ram-Para-Desktop-16gb-Ddr4-3200mhz-Hiker-Hiksemi_1723569903_m.jpg&w=384&q=75'}
salvando_historico
insert produto on aws -> {'adm': 'kabum', 'name': 'Suporte Placa De Vídeo Vertical, Rosqueável 80-120mm, Prata, Coolmoon GH-120', 'price': 'R$ 38,45', 'link': 'https://www.kabum.com.br/produto/592615/suporte-placa-de-video-vertical-rosqueavel-80-120mm-prata-coolmoon-gh-120', 'url_image': 'https://www.kabum.com.br//_next/image?url=https%3A%2F%2Fimages.kabum.com.br%2Fprodutos%2Ffotos%2Fsync_mirakl%2F592615%2FSuporte-Placa-De-V-deo-Vertical-Rosque-vel-80-120mm-Prata-Coolmoon-GH-120_1719585041_m.jpg&w=384&q=75'}
enviando mensagem pro telegram - Novo produto
get ultimo produt
insert produto on aws -> {'adm': 'kabum', 'name': 'Placa de Vídeo Gigabyte Geforce RTX 4070 WindForce Oc 12g 12GB GDDR6x 192 Bit - Gv-n4070wf3oc-12gd.', 'price': 'R$ 5.499,90', 'link': 'https://www.kabum.com.br/produto/469416/placa-de-video-gigabyte-geforce-rtx-4070-windforce-oc-12g-12gb-gddr6x-192-bit-gv-n4070wf3oc-12gd-', 'url_image': 'https://www.kabum.com.br//_next/image?url=https%3A%2F%2Fimages.kabum.com.br%2Fprodutos%2Ffotos%2F469416%2Fplaca-de-video-gigabyte-geforce-rtx-4070-windforce-oc-12g-12gb-gddr6x-192-bit-gv-n4070wf3oc-12gd-_1702561507_m.jpg&w=384&q=75'}
enviando mensagem pro telegram - Novo produto
get ultimo produt
Ocorre um erro em main_selenium() (main), reiniciando Script
Timed out
-----> FIM DA ITERAÇÃO WHILE <--------


-----> NOVA ITERAÇÃO WHILE <--------
Iniciando Scraping, URL = https://www.kabum.com.br/hardware?page_number=1&page_size=100&facet_filters=&sort=most_searched
Iterando página
update gpu on aws -> {'adm': 'kabum', 'name': 'Memória RAM Rise Mode, 8GB, 1600MHz, DDR3, CL11 - RM-D3-8G1600V', 'price': 'R$ 74,99', 'link': 'https://www.kabum.com.br/produto/99429/memoria-ram-rise-mode-8gb-1600mhz-ddr3-cl11-rm-d3-8g1600v', 'url_image': 'https://www.kabum.com.br//_next/image?url=https%3A%2F%2Fimages.kabum.com.br%2Fprodutos%2Ffotos%2F99429%2Fmemoria-rise-mode-8gb-1600mhz-ddr3-rm-d3-8g1600v_1563978576_m.jpg&w=384&q=75'}
salvando_historico
Iterando página
Iterando página
Iterando página
Iterando página
update gpu on aws -> {'adm': 'kabum', 'name': 'Processador AMD Ryzen 7 5700G, 4.6GHz Max Turbo, Cache 20MB, Octa Core, AM4, Ví\xaddeo Integrado - 100-100000263BOX', 'price': 'R$ 1.224,55', 'link': 'https://www.kabum.com.br/produto/203463/processador-amd-ryzen-7-5700g-4-6ghz-max-turbo-cache-20mb-octa-core-am4-vi-deo-integrado-100-100000263box', 'url_image': 'https://www.kabum.com.br//_next/image?url=https%3A%2F%2Fimages.kabum.com.br%2Fprodutos%2Ffotos%2Fsync_mirakl%2F203463%2FProcessador-AMD-Ryzen-7-5700G-4-6GHz-Max-Turbo-Cache-20MB-Octa-Core-AM4-V-deo-Integrado-100-100000263BOX_1725296945_m.jpg&w=384&q=75'}
salvando_historico
Iterando página
Iterando página
Iterando página
Iterando página
Iterando página
Iterando página
Iterando página
Iterando página
Iterando página
Iterando página
Iterando página
Iterando página
Iterando página
Iterando página
Iterando página
Iterando página
Iterando página
update gpu on aws -> {'adm': 'kabum', 'name': 'Fonte Gamdias Cyclops, 750w, RGB, 80 Plus Bronze, Cybenetics, Teclab, Pfc Ativo, Cabos Flat', 'price': 'R$ 436,94', 'link': 'https://www.kabum.com.br/produto/572500/fonte-gamdias-cyclops-750w-rgb-80-plus-bronze-cybenetics-teclab-pfc-ativo-cabos-flat', 'url_image': 'https://www.kabum.com.br//_next/image?url=https%3A%2F%2Fimages.kabum.com.br%2Fprodutos%2Ffotos%2Fsync_mirakl%2F572500%2FFonte-Gamdias-Cyclops-750w-RGB-80-Plus-Bronze-Cybenetics-Teclab-Pfc-Ativo-Cabos-Flat_1719958108_m.jpg&w=384&q=75'}
salvando_historico
Iterando página
Iterando página
Iterando página
Iterando página
Iterando página
Iterando página
Iterando página
Iterando página
Iterando página
Iterando página
Iterando página
Iterando página
insert produto on aws -> {'adm': 'kabum', 'name': 'Placa de Vídeo Gigabyte Geforce RTX 4070 WindForce Oc 12g 12GB GDDR6x 192 Bit - Gv-n4070wf3oc-12gd.', 'price': 'R$ 5.499,90', 'link': 'https://www.kabum.com.br/produto/469416/placa-de-video-gigabyte-geforce-rtx-4070-windforce-oc-12g-12gb-gddr6x-192-bit-gv-n4070wf3oc-12gd-', 'url_image': 'https://www.kabum.com.br//_next/image?url=https%3A%2F%2Fimages.kabum.com.br%2Fprodutos%2Ffotos%2F469416%2Fplaca-de-video-gigabyte-geforce-rtx-4070-windforce-oc-12g-12gb-gddr6x-192-bit-gv-n4070wf3oc-12gd-_1702561507_m.jpg&w=384&q=75'}
enviando mensagem pro telegram - Novo produto
get ultimo produt
update gpu on aws -> {'adm': 'kabum', 'name': 'Placa de Vídeo RTX 4090 Gaming Slim MSI NVIDIA GeForce, 24GB GDDR6X - 912-V510-400', 'price': 'R$ 12.099,99', 'link': 'https://www.kabum.com.br/produto/547109/placa-de-video-rtx-4090-gaming-slim-msi-nvidia-geforce-24gb-gddr6x-912-v510-400', 'url_image': 'https://www.kabum.com.br//_next/image?url=https%3A%2F%2Fimages.kabum.com.br%2Fprodutos%2Ffotos%2F547109%2Fplaca-de-video-rtx-4090-gaming-slim-msi-nvidia-geforce-24gb-gddr6x-912-v510-400_1719338465_m.jpg&w=384&q=75'}
salvando_historico
enviando mensagem pro telegram - Atualização de produto
get ultimo produt
Ocorre um erro em main_selenium() (main), reiniciando Script
Timed out
-----> FIM DA ITERAÇÃO WHILE <--------


-----> NOVA ITERAÇÃO WHILE <--------
Iniciando Scraping, URL = https://www.kabum.com.br/hardware?page_number=1&page_size=100&facet_filters=&sort=most_searched
Iterando página
Iterando página
Iterando página
Iterando página
Iterando página
Iterando página
Iterando página
Iterando página
Iterando página
Iterando página
Iterando página
Iterando página
Iterando página
Iterando página
Iterando página
Iterando página
Iterando página
Iterando página
Iterando página
Iterando página
Iterando página
Iterando página
Iterando página
Iterando página
Iterando página
Iterando página
Iterando página
Iterando página
Iterando página
Iterando página
Iterando página
Iterando página
Iterando página
Iterando página
update gpu on aws -> {'adm': 'kabum', 'name': 'Placa de Vídeo RTX 4090 Gaming Slim MSI NVIDIA GeForce, 24GB GDDR6X - 912-V510-400', 'price': 'R$ 12.099,99', 'link': 'https://www.kabum.com.br/produto/547109/placa-de-video-rtx-4090-gaming-slim-msi-nvidia-geforce-24gb-gddr6x-912-v510-400', 'url_image': 'https://www.kabum.com.br//_next/image?url=https%3A%2F%2Fimages.kabum.com.br%2Fprodutos%2Ffotos%2F547109%2Fplaca-de-video-rtx-4090-gaming-slim-msi-nvidia-geforce-24gb-gddr6x-912-v510-400_1719338465_m.jpg&w=384&q=75'}
salvando_historico
enviando mensagem pro telegram - Atualização de produto
get ultimo produt
Iterando página
Iterando página
update gpu on aws -> {'adm': 'kabum', 'name': 'Fonte Brazil PC 1.2, 230W Real, 24 Pinos, BPC-230V', 'price': 'R$ 120,20', 'link': 'https://www.kabum.com.br/produto/147379/fonte-brazil-pc-1-2-230w-real-24-pinos-bpc-230v', 'url_image': 'https://www.kabum.com.br//_next/image?url=https%3A%2F%2Fimages.kabum.com.br%2Fprodutos%2Ffotos%2Fsync_mirakl%2F147379%2FFonte-Brazil-PC-1-2-230W-Real-24-Pinos-BPC-230V_1724171708_m.jpg&w=384&q=75'}
salvando_historico
Iterando página
update gpu on aws -> {'adm': 'kabum', 'name': 'Placa De Vídeo Keepdata Geforce Gtx960 4gb Ddr5 PCi-express', 'price': 'R$ 1.157,40', 'link': 'https://www.kabum.com.br/produto/593202/placa-de-video-keepdata-geforce-gtx960-4gb-ddr5-pci-express', 'url_image': 'https://www.kabum.com.br//_next/image?url=https%3A%2F%2Fimages.kabum.com.br%2Fprodutos%2Ffotos%2Fsync_mirakl%2F593202%2FPlaca-De-V-deo-Keepdata-Geforce-Gtx960-4gb-Ddr5-PCi-express_1718143281_m.jpg&w=384&q=75'}
salvando_historico
Iterando página
update gpu on aws -> {'adm': 'kabum', 'name': 'Kit Upgrade Intel Core I5 7ª Geração, 16gb Ram, SSD 480GB, Conexões Usb/vga/hdmi/lan/som', 'price': 'R$ 1.188,54', 'link': 'https://www.kabum.com.br/produto/577366/kit-upgrade-intel-core-i5-7-geracao-16gb-ram-ssd-480gb-conexoes-usb-vga-hdmi-lan-som', 'url_image': 'https://www.kabum.com.br//_next/image?url=https%3A%2F%2Fimages.kabum.com.br%2Fprodutos%2Ffotos%2Fsync_mirakl%2F577366%2FKit-Upgrade-Intel-Core-I5-7-Gera-o-16gb-Ram-SSD-480GB-Conex-es-Usb-vga-hdmi-lan-som_1714394819_m.jpg&w=384&q=75'}
salvando_historico
Iterando página
update gpu on aws -> {'adm': 'kabum', 'name': 'Memoria Kingston 32Gb, Ddr4 3200mhz, 1.2v Desktop - Kvr32n22d8/32', 'price': 'R$ 563,98', 'link': 'https://www.kabum.com.br/produto/456403/memoria-kingston-32gb-ddr4-3200mhz-1-2v-desktop-kvr32n22d8-32', 'url_image': 'https://www.kabum.com.br//_next/image?url=https%3A%2F%2Fimages.kabum.com.br%2Fprodutos%2Ffotos%2Fsync_mirakl%2F456403%2FMemoria-Kingston-32Gb-Ddr4-3200mhz-1-2v-Desktop-Kvr32n22d8-32_1714432868_m.jpg&w=384&q=75'}
salvando_historico
enviando mensagem pro telegram - Atualização de produto
get ultimo produt
Iterando página
update gpu on aws -> {'adm': 'kabum', 'name': 'Placa-Mãe Asus Prime H610m-e D4, Intel LGA 1700, Matx, DDR4, Chipset H610', 'price': 'R$ 768,00', 'link': 'https://www.kabum.com.br/produto/538410/placa-mae-asus-prime-h610m-e-d4-intel-lga-1700-matx-ddr4-chipset-h610', 'url_image': 'https://www.kabum.com.br//_next/image?url=https%3A%2F%2Fimages.kabum.com.br%2Fprodutos%2Ffotos%2Fsync_mirakl%2F538410%2FPlaca-M-e-Asus-Prime-H610m-e-D4-Intel-LGA-1700-Matx-DDR4-Chipset-H610_1722493903_m.jpg&w=384&q=75'}
salvando_historico
Iterando página
insert produto on aws -> {'adm': 'kabum', 'name': 'Kit Upgrade AMD Ryzen 5 4600G, Placa Mae A520M, 8GB DDR4, Neologic - Nli84044', 'price': 'R$ 1.632,90', 'link': 'https://www.kabum.com.br/produto/367078/kit-upgrade-amd-ryzen-5-4600g-placa-mae-a520m-8gb-ddr4-neologic-nli84044', 'url_image': 'https://www.kabum.com.br//_next/image?url=https%3A%2F%2Fimages.kabum.com.br%2Fprodutos%2Ffotos%2Fsync_mirakl%2F367078%2FKit-Upgrade-AMD-Ryzen-5-4600G-Placa-Mae-A520M-8GB-DDR4-Neologic-Nli84044_1726518844_m.jpg&w=384&q=75'}
enviando mensagem pro telegram - Novo produto
get ultimo produt
insert produto on aws -> {'adm': 'kabum', 'name': 'Placa Mãe Gigabyte Z790 Aorus Elite X R1.0, DDR5, LGA1700', 'price': 'R$ 3.299,00', 'link': 'https://www.kabum.com.br/produto/524574/placa-mae-gigabyte-z790-aorus-elite-x-r1-0-ddr5-lga1700', 'url_image': 'https://www.kabum.com.br//_next/image?url=https%3A%2F%2Fimages.kabum.com.br%2Fprodutos%2Ffotos%2Fsync_mirakl%2F524574%2FPlaca-M-e-Gigabyte-Z790-Aorus-Elite-X-R1-0-DDR5-LGA1700_1720796214_m.jpg&w=384&q=75'}
enviando mensagem pro telegram - Novo produto
get ultimo produt
insert produto on aws -> {'adm': 'kabum', 'name': 'Water Cooler NZXT Kraken 240 RGB, 240mm, AMD/Intel, Preto - RL-KR240-B1', 'price': 'R$ 1.049,99', 'link': 'https://www.kabum.com.br/produto/415798/water-cooler-nzxt-kraken-240-rgb-240mm-amd-intel-preto-rl-kr240-b1', 'url_image': 'https://www.kabum.com.br//_next/image?url=https%3A%2F%2Fimages.kabum.com.br%2Fprodutos%2Ffotos%2F415798%2Fwater-cooler-nzxt-kraken-240-rgb-240mm-1-54in-display-rgb-controller-e-rgb-fans-preto-rl-kr240-b1_1686582320_m.jpg&w=384&q=75'}
enviando mensagem pro telegram - Novo produto
get ultimo produt
Iterando página
insert produto on aws -> {'adm': 'kabum', 'name': 'Suporte para Placa De Vídeo Coolmoon, LED ARGB, 5v, 3 Pinos, 280mm, Preto, Controlável', 'price': 'R$ 138,30', 'link': 'https://www.kabum.com.br/produto/520115/suporte-para-placa-de-video-coolmoon-led-argb-5v-3-pinos-280mm-preto-controlavel', 'url_image': 'https://www.kabum.com.br//_next/image?url=https%3A%2F%2Fimages.kabum.com.br%2Fprodutos%2Ffotos%2Fsync_mirakl%2F520115%2FSuporte-para-Placa-De-V-deo-Coolmoon-LED-ARGB-5v-3-Pinos-280mm-Preto-Control-vel_1709658496_m.jpg&w=384&q=75'}
enviando mensagem pro telegram - Novo produto
get ultimo produt
update gpu on aws -> {'adm': 'kabum', 'name': 'Fonte Corsair RMx Shift Series RM1000x, 1000W, 80 Plus Gold, Modular, Sem Cabo, Preto - CP-9020253-BR', 'price': 'R$ 1.549,99', 'link': 'https://www.kabum.com.br/produto/516063/fonte-corsair-rmx-shift-series-rm1000x-1000w-80-plus-gold-modular-sem-cabo-preto-cp-9020253-br', 'url_image': 'https://www.kabum.com.br//_next/image?url=https%3A%2F%2Fimages.kabum.com.br%2Fprodutos%2Ffotos%2F516063%2Ffonte-corsair-rmx-shift-series-rm1000x-1000w-80-plus-gold-modular-sem-cabo-preto-cp-9020253-br_1714485799_m.jpg&w=384&q=75'}
salvando_historico
enviando mensagem pro telegram - Atualização de produto
get ultimo produt
update gpu on aws -> {'adm': 'kabum', 'name': 'HD Externo Seagate 14TB Expansion Desktop, 7200 RPM, USB 3.0 - STKP14000400', 'price': 'R$ 2.199,00', 'link': 'https://www.kabum.com.br/produto/381326/hd-externo-seagate-14tb-expansion-desktop-7200-rpm-usb-3-0-stkp14000400', 'url_image': 'https://www.kabum.com.br//_next/image?url=https%3A%2F%2Fimages.kabum.com.br%2Fprodutos%2Ffotos%2Fsync_mirakl%2F381326%2FHD-Externo-Seagate-14TB-Expansion-Desktop-7200-RPM-USB-3-0-STKP14000400_1719836043_m.jpg&w=384&q=75'}
salvando_historico
enviando mensagem pro telegram - Atualização de produto
get ultimo produt
insert produto on aws -> {'adm': 'kabum', 'name': 'Memória RAM Corsair Dominator Platinum RGB, 32GB (4x8GB), 3200MHz, DDR4, CL16, Preto - CMT32GX4M4E3200C16', 'price': 'R$ 1.168,99', 'link': 'https://www.kabum.com.br/produto/526371/memoria-ram-corsair-dominator-platinum-rgb-32gb-4x8gb-3200mhz-ddr4-cl16-preto-cmt32gx4m4e3200c16', 'url_image': 'https://www.kabum.com.br//_next/image?url=https%3A%2F%2Fimages.kabum.com.br%2Fprodutos%2Ffotos%2F526371%2Fmemoria-corsair-dominator-platinum-rgb-32gb-4x8gb-3200mhz-ddr4-cl16-preto-cmt32gx4m4e3200c16_1712088195_m.jpg&w=384&q=75'}
enviando mensagem pro telegram - Novo produto
get ultimo produt
Iterando página
insert produto on aws -> {'adm': 'kabum', 'name': 'Kit Upgrade AMD Ryzen 5 4500, Placa Mae A520M, 32GB DDR4, Neologic - Nli84628', 'price': 'R$ 1.880,90', 'link': 'https://www.kabum.com.br/produto/456783/kit-upgrade-amd-ryzen-5-4500-placa-mae-a520m-32gb-ddr4-neologic-nli84628', 'url_image': 'https://www.kabum.com.br//_next/image?url=https%3A%2F%2Fimages.kabum.com.br%2Fprodutos%2Ffotos%2Fsync_mirakl%2F456783%2FKit-Upgrade-AMD-Ryzen-5-4500-Placa-Mae-A520M-32GB-DDR4-Neologic-Nli84628_1726517212_m.jpg&w=384&q=75'}
enviando mensagem pro telegram - Novo produto
get ultimo produt
insert produto on aws -> {'adm': 'kabum', 'name': 'Kit Upgrade AMD Ryzen 7 5700G, Placa Mae A520M-E, Neologic - Nli84114', 'price': 'R$ 2.353,39', 'link': 'https://www.kabum.com.br/produto/371807/kit-upgrade-amd-ryzen-7-5700g-placa-mae-a520m-e-neologic-nli84114', 'url_image': 'https://www.kabum.com.br//_next/image?url=https%3A%2F%2Fimages.kabum.com.br%2Fprodutos%2Ffotos%2Fsync_mirakl%2F371807%2FKit-Upgrade-AMD-Ryzen-7-5700G-Placa-Mae-A520M-E-Neologic-Nli84114_1726516561_m.jpg&w=384&q=75'}
enviando mensagem pro telegram - Novo produto
get ultimo produt
Iterando página
update gpu on aws -> {'adm': 'kabum', 'name': 'Case Para HD Infokit, Dock Station, SATA 3.5 E 2.5, USB 3.0, 5GBPs - ECASE-Z320', 'price': 'R$ 155,46', 'link': 'https://www.kabum.com.br/produto/304941/case-para-hd-infokit-dock-station-sata-3-5-e-2-5-usb-3-0-5gbps-ecase-z320', 'url_image': 'https://www.kabum.com.br//_next/image?url=https%3A%2F%2Fimages.kabum.com.br%2Fprodutos%2Ffotos%2Fsync_mirakl%2F304941%2FCase-Para-HD-Infokit-Dock-Station-SATA-3-5-E-2-5-USB-3-0-5GBPs-ECASE-Z320_1724764851_m.jpg&w=384&q=75'}
salvando_historico
Iterando página
insert produto on aws -> {'adm': 'kabum', 'name': 'Kit Upgrade AMD Ryzen 5 5600G, Placa Mae A520M-E, 8GB DDR4, Neologic - Nli84109', 'price': 'R$ 1.847,33', 'link': 'https://www.kabum.com.br/produto/371814/kit-upgrade-amd-ryzen-5-5600g-placa-mae-a520m-e-8gb-ddr4-neologic-nli84109', 'url_image': 'https://www.kabum.com.br//_next/image?url=https%3A%2F%2Fimages.kabum.com.br%2Fprodutos%2Ffotos%2Fsync_mirakl%2F371814%2FKit-Upgrade-AMD-Ryzen-5-5600G-Placa-Mae-A520M-E-8GB-DDR4-Neologic-Nli84109_1726517939_m.jpg&w=384&q=75'}
enviando mensagem pro telegram - Novo produto
get ultimo produt
update gpu on aws -> {'adm': 'kabum', 'name': 'Water Cooler Corsair H150i Elite Capellix XT, 360MM - CW-9060070-WW', 'price': 'R$ 1.379,99', 'link': 'https://www.kabum.com.br/produto/503202/water-cooler-corsair-h150i-elite-capellix-xt-360mm-cw-9060070-ww', 'url_image': 'https://www.kabum.com.br//_next/image?url=https%3A%2F%2Fimages.kabum.com.br%2Fprodutos%2Ffotos%2Fsync_mirakl%2F503202%2FWater-Cooler-Corsair-H150i-Elite-Capellix-XT-360MM-CW-9060070-WW_1725287160_m.jpg&w=384&q=75'}
salvando_historico
enviando mensagem pro telegram - Atualização de produto
get ultimo produt
Iterando página
insert produto on aws -> {'adm': 'kabum', 'name': 'Water Cooler Corsair Icue H100i Elite 240mm, Fans Pretas, Com Bomba RGB', 'price': 'R$ 1.207,98', 'link': 'https://www.kabum.com.br/produto/457129/water-cooler-corsair-icue-h100i-elite-240mm-fans-pretas-com-bomba-rgb', 'url_image': 'https://www.kabum.com.br//_next/image?url=https%3A%2F%2Fimages.kabum.com.br%2Fprodutos%2Ffotos%2Fsync_mirakl%2F457129%2FWater-Cooler-Corsair-Icue-H100i-Elite-240mm-Fans-Pretas-Com-Bomba-RGB_1721738088_m.jpg&w=384&q=75'}
enviando mensagem pro telegram - Novo produto
get ultimo produt
Iterando página
update gpu on aws -> {'adm': 'kabum', 'name': 'Fonte 500w Real Brazil Pc - Bpc/5330', 'price': 'R$ 260,48', 'link': 'https://www.kabum.com.br/produto/512307/fonte-500w-real-brazil-pc-bpc-5330', 'url_image': 'https://www.kabum.com.br//_next/image?url=https%3A%2F%2Fimages.kabum.com.br%2Fprodutos%2Ffotos%2Fsync_mirakl%2F512307%2FFonte-500w-Real-Brazil-Pc-Bpc-5330_1707326297_m.jpg&w=384&q=75'}
salvando_historico
insert produto on aws -> {'adm': 'kabum', 'name': 'Suporte para Placa De Vídeo Coolmoon, Branco, LED ARGB 5v, 3 Pinos, 280mm, Controlável', 'price': 'R$ 138,40', 'link': 'https://www.kabum.com.br/produto/520114/suporte-para-placa-de-video-coolmoon-branco-led-argb-5v-3-pinos-280mm-controlavel', 'url_image': 'https://www.kabum.com.br//_next/image?url=https%3A%2F%2Fimages.kabum.com.br%2Fprodutos%2Ffotos%2Fsync_mirakl%2F520114%2FSuporte-para-Placa-De-V-deo-Coolmoon-Branco-LED-ARGB-5v-3-Pinos-280mm-Control-vel_1710785306_m.jpg&w=384&q=75'}
enviando mensagem pro telegram - Novo produto
get ultimo produt
Iterando página
update gpu on aws -> {'adm': 'kabum', 'name': 'HD Seagate Iron Wolf Pro, 22TB, Sata 3, 7200rpm, 3.5 Polegadas - St22000nt001', 'price': 'R$ 4.955,30', 'link': 'https://www.kabum.com.br/produto/524520/hd-seagate-iron-wolf-pro-22tb-sata-3-7200rpm-3-5-polegadas-st22000nt001', 'url_image': 'https://www.kabum.com.br//_next/image?url=https%3A%2F%2Fimages.kabum.com.br%2Fprodutos%2Ffotos%2Fsync_mirakl%2F524520%2FHD-Seagate-Iron-Wolf-Pro-22TB-Sata-3-7200rpm-3-5-Polegadas-St22000nt001_1712338100_m.jpg&w=384&q=75'}
salvando_historico
update gpu on aws -> {'adm': 'kabum', 'name': 'Hd Interno Seagate 3.5 Skyhawk 3TB Sata 3 6.0gb/s - St3000vx015', 'price': 'R$ 829,00', 'link': 'https://www.kabum.com.br/produto/623830/hd-interno-seagate-3-5-skyhawk-3tb-sata-3-6-0gb-s-st3000vx015', 'url_image': 'https://www.kabum.com.br//_next/image?url=https%3A%2F%2Fimages.kabum.com.br%2Fprodutos%2Ffotos%2Fsync_mirakl%2F623830%2FHd-Interno-Seagate-3-5-Skyhawk-3TB-Sata-3-6-0gb-s-St3000vx015_1723218530_m.jpg&w=384&q=75'}
salvando_historico
Iterando página
insert produto on aws -> {'adm': 'kabum', 'name': 'Storage Synology 4GB DDR4 DS1821+, NAS, Ryzen Quad Core 2.2Ghz, 8 Baias, Até 108TB', 'price': 'R$ 14.399,10', 'link': 'https://www.kabum.com.br/produto/398794/storage-synology-4gb-ddr4-ds1821-nas-ryzen-quad-core-2-2ghz-8-baias-ate-108tb', 'url_image': 'https://www.kabum.com.br//_next/image?url=https%3A%2F%2Fimages.kabum.com.br%2Fprodutos%2Ffotos%2Fsync_mirakl%2F398794%2FStorage-Synology-4GB-DDR4-DS1821-NAS-Ryzen-Quad-Core-2-2Ghz-8-Baias-At-108TB_1684509526_m.jpg&w=384&q=75'}
enviando mensagem pro telegram - Novo produto
get ultimo produt
update gpu on aws -> {'adm': 'kabum', 'name': 'HD Externo Lacie 2tb Rugged, Mini USB-c', 'price': 'R$ 1.255,35', 'link': 'https://www.kabum.com.br/produto/458928/hd-externo-lacie-2tb-rugged-mini-usb-c', 'url_image': 'https://www.kabum.com.br//_next/image?url=https%3A%2F%2Fimages.kabum.com.br%2Fprodutos%2Ffotos%2Fsync_mirakl%2F458928%2FHD-Externo-Lacie-2tb-Rugged-Mini-USB-c_1709326086_m.jpg&w=384&q=75'}
salvando_historico
update gpu on aws -> {'adm': 'kabum', 'name': 'Fonte Corsair SF-L Series SF1000L, 1000W, 80 Plus Gold, Modular, Sem Cabo, Preto - CP-9020246-WW', 'price': 'R$ 1.199,99', 'link': 'https://www.kabum.com.br/produto/516066/fonte-corsair-sf-l-series-sf1000l-1000w-80-plus-gold-modular-sem-cabo-preto-cp-9020246-ww', 'url_image': 'https://www.kabum.com.br//_next/image?url=https%3A%2F%2Fimages.kabum.com.br%2Fprodutos%2Ffotos%2F516066%2Ffonte-corsair-sf-l-series-sf1000l-1000w-80-plus-gold-modular-sem-cabo-preto-cp-9020246-ww_1714504288_m.jpg&w=384&q=75'}
salvando_historico
enviando mensagem pro telegram - Atualização de produto
get ultimo produt
Iterando página
update gpu on aws -> {'adm': 'kabum', 'name': 'Placa Mãe Msi Pro B660m-a, DDR4, M.2 Lga1700, Wi-fi, HDMI/DP', 'price': 'R$ 7.386,75', 'link': 'https://www.kabum.com.br/produto/398516/placa-mae-msi-pro-b660m-a-ddr4-m-2-lga1700-wi-fi-hdmi-dp', 'url_image': 'https://www.kabum.com.br//_next/image?url=https%3A%2F%2Fimages.kabum.com.br%2Fprodutos%2Ffotos%2Fsync_mirakl%2F398516%2FPlaca-M-e-Msi-Pro-B660m-a-DDR4-M-2-Lga1700-Wi-fi-HDMI-DP_1712768295_m.jpg&w=384&q=75'}
salvando_historico
update gpu on aws -> {'adm': 'kabum', 'name': 'Fonte Corsair RM Series RM850, 850W, 80 Plus Gold, Full Modular, Sem Cabo, Branco - CP-9020232-WW', 'price': 'R$ 1.029,99', 'link': 'https://www.kabum.com.br/produto/371174/fonte-corsair-rm-series-rm850-850w-80-plus-gold-full-modular-sem-cabo-branco-cp-9020232-ww', 'url_image': 'https://www.kabum.com.br//_next/image?url=https%3A%2F%2Fimages.kabum.com.br%2Fprodutos%2Ffotos%2F371174%2Ffonte-corsair-rm-series-rm850-850w-80-plus-gold-full-modular-sem-cabo-branco-cp-9020232-ww_1713982424_m.jpg&w=384&q=75'}
salvando_historico
update gpu on aws -> {'adm': 'kabum', 'name': 'Memória Kingston HyperX SODIMM, 32GB, 3200MHz, DDR4 - HX432S20IB/32', 'price': 'R$ 884,51', 'link': 'https://www.kabum.com.br/produto/390574/memoria-kingston-hyperx-sodimm-32gb-3200mhz-ddr4-hx432s20ib-32', 'url_image': 'https://www.kabum.com.br//_next/image?url=https%3A%2F%2Fimages.kabum.com.br%2Fprodutos%2Ffotos%2Fsync_mirakl%2F390574%2FMem-ria-Kingston-HyperX-SODIMM-32GB-3200MHz-DDR4-HX432S20IB-32_1724632850_m.jpg&w=384&q=75'}
salvando_historico
Iterando página
insert produto on aws -> {'adm': 'kabum', 'name': 'Fonte Onepower ATX, 500w, Autoswitch - Mp-500-opasw', 'price': 'R$ 190,40', 'link': 'https://www.kabum.com.br/produto/516312/fonte-onepower-atx-500w-autoswitch-mp-500-opasw', 'url_image': 'https://www.kabum.com.br//_next/image?url=https%3A%2F%2Fimages.kabum.com.br%2Fprodutos%2Ffotos%2Fsync_mirakl%2F516312%2FFonte-Onepower-ATX-500w-Autoswitch-Mp-500-opasw_1715359314_m.jpg&w=384&q=75'}
enviando mensagem pro telegram - Novo produto
get ultimo produt
insert produto on aws -> {'adm': 'kabum', 'name': 'Kit Upgrade AMD Ryzen 5 4600G, Placa Mae A520M, 32GB DDR4, Neologic - Nli84634', 'price': 'R$ 2.181,90', 'link': 'https://www.kabum.com.br/produto/456779/kit-upgrade-amd-ryzen-5-4600g-placa-mae-a520m-32gb-ddr4-neologic-nli84634', 'url_image': 'https://www.kabum.com.br//_next/image?url=https%3A%2F%2Fimages.kabum.com.br%2Fprodutos%2Ffotos%2Fsync_mirakl%2F456779%2FKit-Upgrade-AMD-Ryzen-5-4600G-Placa-Mae-A520M-32GB-DDR4-Neologic-Nli84634_1726517820_m.jpg&w=384&q=75'}
enviando mensagem pro telegram - Novo produto
get ultimo produt
update gpu on aws -> {'adm': 'kabum', 'name': 'Placa de Vídeo RTX 4090 Aero OC 24G Gigabyte NVIDIA GeForce, 24GB GDDR6X, 384bits, RGB, DLSS, Ray Tracing - GV-N4090AERO OC-24GD', 'price': 'R$ 12.199,99', 'link': 'https://www.kabum.com.br/produto/475628/placa-de-video-rtx-4090-aero-oc-24g-gigabyte-nvidia-geforce-24gb-gddr6x-384bits-rgb-dlss-ray-tracing-gv-n4090aero-oc-24gd', 'url_image': 'https://www.kabum.com.br//_next/image?url=https%3A%2F%2Fimages.kabum.com.br%2Fprodutos%2Ffotos%2F475628%2Fplaca-de-video-rtx-4090-aero-oc-24g-gigabyte-nvidia-geforce-24gb-gddr6x-384bits-rgb-dlss-ray-tracing-gv-n4090aero-oc-24gd_1695146022_m.jpg&w=384&q=75'}
salvando_historico
enviando mensagem pro telegram - Atualização de produto
get ultimo produt
update gpu on aws -> {'adm': 'kabum', 'name': 'Memória Patriot Signature Line, 16GB, 2666MHz, DDR4, CL19, 1.2V - PSD416G266681', 'price': 'R$ 245,99', 'link': 'https://www.kabum.com.br/produto/246382/memoria-patriot-signature-line-16gb-2666mhz-ddr4-cl19-1-2v-psd416g266681', 'url_image': 'https://www.kabum.com.br//_next/image?url=https%3A%2F%2Fimages.kabum.com.br%2Fprodutos%2Ffotos%2Fsync_mirakl%2F246382%2FMem-ria-Patriot-Signature-Line-16GB-2666MHz-DDR4-CL19-1-2V-PSD416G266681_1711487890_m.jpg&w=384&q=75'}
salvando_historico
Iterando página
update gpu on aws -> {'adm': 'kabum', 'name': 'Placa Mãe Gigabyte Z790m Aorus Elite, DDR5, Micro ATX, LGA 1700', 'price': 'R$ 2.932,60', 'link': 'https://www.kabum.com.br/produto/461219/placa-mae-gigabyte-z790m-aorus-elite-ddr5-micro-atx-lga-1700', 'url_image': 'https://www.kabum.com.br//_next/image?url=https%3A%2F%2Fimages.kabum.com.br%2Fprodutos%2Ffotos%2Fsync_mirakl%2F461219%2FPlaca-M-e-Gigabyte-Z790m-Aorus-Elite-DDR5-Micro-ATX-LGA-1700_1722353572_m.jpg&w=384&q=75'}
salvando_historico
Iterando página
insert produto on aws -> {'adm': 'kabum', 'name': 'Kit Upgrade AMD Ryzen 3 3200G, Placa Mae A520M, 32GB DDR4, Neologic - Nli84640', 'price': 'R$ 1.790,90', 'link': 'https://www.kabum.com.br/produto/456774/kit-upgrade-amd-ryzen-3-3200g-placa-mae-a520m-32gb-ddr4-neologic-nli84640', 'url_image': 'https://www.kabum.com.br//_next/image?url=https%3A%2F%2Fimages.kabum.com.br%2Fprodutos%2Ffotos%2Fsync_mirakl%2F456774%2FKit-Upgrade-AMD-Ryzen-3-3200G-Placa-Mae-A520M-32GB-DDR4-Neologic-Nli84640_1726517819_m.jpg&w=384&q=75'}
enviando mensagem pro telegram - Novo produto
get ultimo produt
update gpu on aws -> {'adm': 'kabum', 'name': 'Kit Upgrade Intel Core I3 3ª Geração, 8GB Ram, SSD 240GB, Conexões Usb/vga/hdmi/lan/som', 'price': 'R$ 438,06', 'link': 'https://www.kabum.com.br/produto/577365/kit-upgrade-intel-core-i3-3-geracao-8gb-ram-ssd-240gb-conexoes-usb-vga-hdmi-lan-som', 'url_image': 'https://www.kabum.com.br//_next/image?url=https%3A%2F%2Fimages.kabum.com.br%2Fprodutos%2Ffotos%2Fsync_mirakl%2F577365%2FKit-Upgrade-Intel-Core-I3-3-Gera-o-8GB-Ram-SSD-240GB-Conex-es-Usb-vga-hdmi-lan-som_1714391286_m.jpg&w=384&q=75'}
salvando_historico
update gpu on aws -> {'adm': 'kabum', 'name': 'Kit Upgrade Intel Core I5 6ª Geração, 4gb Ram, SSD 120GB, Conexões Usb/vga/hdmi/lan/som', 'price': 'R$ 860,95', 'link': 'https://www.kabum.com.br/produto/577355/kit-upgrade-intel-core-i5-6-geracao-4gb-ram-ssd-120gb-conexoes-usb-vga-hdmi-lan-som', 'url_image': 'https://www.kabum.com.br//_next/image?url=https%3A%2F%2Fimages.kabum.com.br%2Fprodutos%2Ffotos%2Fsync_mirakl%2F577355%2FKit-Upgrade-Intel-Core-I5-6-Gera-o-4gb-Ram-SSD-120GB-Conex-es-Usb-vga-hdmi-lan-som_1714393847_m.jpg&w=384&q=75'}
salvando_historico
Iterando página
insert produto on aws -> {'adm': 'kabum', 'name': 'Kit Upgrade AMD Ryzen 3 4100, Placa Mae A520M, 8GB DDR4, Neologic - Nli84717', 'price': 'R$ 1.256,90', 'link': 'https://www.kabum.com.br/produto/469410/kit-upgrade-amd-ryzen-3-4100-placa-mae-a520m-8gb-ddr4-neologic-nli84717', 'url_image': 'https://www.kabum.com.br//_next/image?url=https%3A%2F%2Fimages.kabum.com.br%2Fprodutos%2Ffotos%2Fsync_mirakl%2F469410%2FKit-Upgrade-AMD-Ryzen-3-4100-Placa-Mae-A520M-8GB-DDR4-Neologic-Nli84717_1726519164_m.jpg&w=384&q=75'}
enviando mensagem pro telegram - Novo produto
get ultimo produt
update gpu on aws -> {'adm': 'kabum', 'name': 'Fonte Redragon ATX, 600W, 80 Plus Bronze, Full Modular', 'price': 'R$ 617,40', 'link': 'https://www.kabum.com.br/produto/227771/fonte-redragon-atx-600w-80-plus-bronze-full-modular', 'url_image': 'https://www.kabum.com.br//_next/image?url=https%3A%2F%2Fimages.kabum.com.br%2Fprodutos%2Ffotos%2Fsync_mirakl%2F227771%2FFonte-Redragon-ATX-600W-80-Plus-Bronze-Full-Modular_1718062243_m.jpg&w=384&q=75'}
salvando_historico
insert produto on aws -> {'adm': 'kabum', 'name': 'Controladora ARGB 5V, 3 Pinos com 10 portas, Controle Musical, Hub Pwm Para Fan 4 Pinos com 8 portas, Branca', 'price': 'R$ 186,40', 'link': 'https://www.kabum.com.br/produto/565408/controladora-argb-5v-3-pinos-com-10-portas-controle-musical-hub-pwm-para-fan-4-pinos-com-8-portas-branca', 'url_image': 'https://www.kabum.com.br//_next/image?url=https%3A%2F%2Fimages.kabum.com.br%2Fprodutos%2Ffotos%2Fsync_mirakl%2F565408%2FControladora-ARGB-5V-3-Pinos-com-10-portas-Controle-Musical-Hub-Pwm-Para-Fan-4-Pinos-com-8-portas-Branca_1713793943_m.jpg&w=384&q=75'}
enviando mensagem pro telegram - Novo produto
get ultimo produt
update gpu on aws -> {'adm': 'kabum', 'name': 'Memória Kingston Fury Impact SODIMM, 16GB, 2666MHz, DDR4, CL15, Para Notebook - KF426S15IB1/16', 'price': 'R$ 283,50', 'link': 'https://www.kabum.com.br/produto/270589/memoria-kingston-fury-impact-sodimm-16gb-2666mhz-ddr4-cl15-para-notebook-kf426s15ib1-16', 'url_image': 'https://www.kabum.com.br//_next/image?url=https%3A%2F%2Fimages.kabum.com.br%2Fprodutos%2Ffotos%2Fsync_mirakl%2F270589%2FMem-ria-Kingston-Fury-Impact-SODIMM-16GB-2666MHz-DDR4-CL15-Para-Notebook-KF426S15IB1-16_1709326214_m.jpg&w=384&q=75'}
salvando_historico
enviando mensagem pro telegram - Atualização de produto
get ultimo produt
insert produto on aws -> {'adm': 'kabum', 'name': 'HD Seagate 2TB Barracuda, 3.5, SATA III, Para Desktop - ST2000DM008', 'price': 'R$ 808,18', 'link': 'https://www.kabum.com.br/produto/217616/hd-seagate-2tb-barracuda-3-5-sata-iii-para-desktop-st2000dm008', 'url_image': 'https://www.kabum.com.br//_next/image?url=https%3A%2F%2Fimages.kabum.com.br%2Fprodutos%2Ffotos%2Fsync_mirakl%2F217616%2FHD-Seagate-2TB-Barracuda-3-5-SATA-III-Para-Desktop-ST2000DM008_1718983818_m.jpg&w=384&q=75'}
enviando mensagem pro telegram - Novo produto
get ultimo produt
Iterando página
update gpu on aws -> {'adm': 'kabum', 'name': 'Kit Upgrade Intel Core I5 4ª Geração, 8GB Ram, SSD 240GB, Conexões Usb/vga/hdmi/lan/som', 'price': 'R$ 590,40', 'link': 'https://www.kabum.com.br/produto/577364/kit-upgrade-intel-core-i5-4-geracao-8gb-ram-ssd-240gb-conexoes-usb-vga-hdmi-lan-som', 'url_image': 'https://www.kabum.com.br//_next/image?url=https%3A%2F%2Fimages.kabum.com.br%2Fprodutos%2Ffotos%2Fsync_mirakl%2F577364%2FKit-Upgrade-Intel-Core-I5-4-Gera-o-8GB-Ram-SSD-240GB-Conex-es-Usb-vga-hdmi-lan-som_1714391009_m.jpg&w=384&q=75'}
salvando_historico
update gpu on aws -> {'adm': 'kabum', 'name': 'SSD Sandisk Extreme Portable 2TB Usb-c 3.2 1050mb/s Hd Externo Portátil', 'price': 'R$ 1.591,00', 'link': 'https://www.kabum.com.br/produto/623827/ssd-sandisk-extreme-portable-2tb-usb-c-3-2-1050mb-s-hd-externo-portatil', 'url_image': 'https://www.kabum.com.br//_next/image?url=https%3A%2F%2Fimages.kabum.com.br%2Fprodutos%2Ffotos%2Fsync_mirakl%2F623827%2FSSD-Sandisk-Extreme-Portable-2TB-Usb-c-3-2-1050mb-s-Hd-Externo-Port-til_1723219504_m.jpg&w=384&q=75'}
salvando_historico
update gpu on aws -> {'adm': 'kabum', 'name': 'SSD Crucial 4TB T700 M.2 NVMe, Leitura 12400 MB/s e Gravação 11800 MB/s, Com Dissipador - CT4000T700SSD5', 'price': 'R$ 3.989,99', 'link': 'https://www.kabum.com.br/produto/541869/ssd-crucial-4tb-t700-m-2-nvme-leitura-12400-mb-s-e-gravacao-11800-mb-s-com-dissipador-ct4000t700ssd5', 'url_image': 'https://www.kabum.com.br//_next/image?url=https%3A%2F%2Fimages.kabum.com.br%2Fprodutos%2Ffotos%2F541869%2Fssd-crucial-4tb-t700-m-2-nvme-leitura-12400-mb-s-e-gravacao-11800-mb-s-com-dissipador-ct4000t700ssd5_1716811017_m.jpg&w=384&q=75'}
salvando_historico
enviando mensagem pro telegram - Atualização de produto
get ultimo produt
Iterando página
update gpu on aws -> {'adm': 'kabum', 'name': 'SSD Corsair 2TB MP600 Elite, M.2 NVMe, Leitura 7000MB/s e Gravação 6500MB/s - CSSD-F2000GBMP600EHS', 'price': 'R$ 1.199,99', 'link': 'https://www.kabum.com.br/produto/542149/ssd-corsair-2tb-mp600-elite-m-2-nvme-leitura-7000mb-s-e-gravacao-6500mb-s-cssd-f2000gbmp600ehs', 'url_image': 'https://www.kabum.com.br//_next/image?url=https%3A%2F%2Fimages.kabum.com.br%2Fprodutos%2Ffotos%2F542149%2Fssd-corsair-2tb-mp600-elite-m-2-nvme-leitura-7000mb-s-e-gravacao-6500mb-s-cssd-f2000gbmp600ehs_1720207685_m.jpg&w=384&q=75'}
salvando_historico
insert produto on aws -> {'adm': 'kabum', 'name': 'Water Cooler NZXT Kraken 240, 240mm, AMD/Intel, Preto - RL-KN240-B1', 'price': 'R$ 917,99', 'link': 'https://www.kabum.com.br/produto/415794/water-cooler-nzxt-kraken-240-240mm-amd-intel-preto-rl-kn240-b1', 'url_image': 'https://www.kabum.com.br//_next/image?url=https%3A%2F%2Fimages.kabum.com.br%2Fprodutos%2Ffotos%2F415794%2Fwater-cooler-nzxt-kraken-240-240mm-1-54in-display-preto-rl-kn240-b1_1684322820_m.jpg&w=384&q=75'}
enviando mensagem pro telegram - Novo produto
get ultimo produt
Iterando página
Iterando página
Iterando página
Iterando página
Iterando página
Iterando página
Iterando página
Iterando página
Iterando página
Iterando página
insert produto on aws -> {'adm': 'kabum', 'name': 'Kit Upgrade AMD Ryzen 3 4100, Placa Mae A520M, 16GB DDR4, Neologic - Nli84718', 'price': 'R$ 1.399,90', 'link': 'https://www.kabum.com.br/produto/469412/kit-upgrade-amd-ryzen-3-4100-placa-mae-a520m-16gb-ddr4-neologic-nli84718', 'url_image': 'https://www.kabum.com.br//_next/image?url=https%3A%2F%2Fimages.kabum.com.br%2Fprodutos%2Ffotos%2Fsync_mirakl%2F469412%2FKit-Upgrade-AMD-Ryzen-3-4100-Placa-Mae-A520M-16GB-DDR4-Neologic-Nli84718_1726518890_m.jpg&w=384&q=75'}
enviando mensagem pro telegram - Novo produto
get ultimo produt
update gpu on aws -> {'adm': 'kabum', 'name': 'Memoria Ram Ddr4 16gb 3200mhz Crucial Cb16gu3200', 'price': 'R$ 270,00', 'link': 'https://www.kabum.com.br/produto/592350/memoria-ram-ddr4-16gb-3200mhz-crucial-cb16gu3200', 'url_image': 'https://www.kabum.com.br//_next/image?url=https%3A%2F%2Fimages.kabum.com.br%2Fprodutos%2Ffotos%2Fsync_mirakl%2F592350%2FMemoria-Ram-Ddr4-16gb-3200mhz-Crucial-Cb16gu3200_1726519239_m.jpg&w=384&q=75'}
salvando_historico
enviando mensagem pro telegram - Atualização de produto
get ultimo produt
update gpu on aws -> {'adm': 'kabum', 'name': 'Kit Upgrade Intel Core I7 7ª Geração, 16gb Ram, SSD 480GB, Conexões Usb/vga/hdmi/lan/som', 'price': 'R$ 1.614,64', 'link': 'https://www.kabum.com.br/produto/577339/kit-upgrade-intel-core-i7-7-geracao-16gb-ram-ssd-480gb-conexoes-usb-vga-hdmi-lan-som', 'url_image': 'https://www.kabum.com.br//_next/image?url=https%3A%2F%2Fimages.kabum.com.br%2Fprodutos%2Ffotos%2Fsync_mirakl%2F577339%2FKit-Upgrade-Intel-Core-I7-7-Gera-o-16gb-Ram-SSD-480GB-Conex-es-Usb-vga-hdmi-lan-som_1714393534_m.jpg&w=384&q=75'}
salvando_historico
update gpu on aws -> {'adm': 'kabum', 'name': 'Kit Upgrade Intel Core I3 6ª Geração, 4gb Ram, SSD 120GB, Conexões Usb/vga/hdmi/lan/som', 'price': 'R$ 707,40', 'link': 'https://www.kabum.com.br/produto/577351/kit-upgrade-intel-core-i3-6-geracao-4gb-ram-ssd-120gb-conexoes-usb-vga-hdmi-lan-som', 'url_image': 'https://www.kabum.com.br//_next/image?url=https%3A%2F%2Fimages.kabum.com.br%2Fprodutos%2Ffotos%2Fsync_mirakl%2F577351%2FKit-Upgrade-Intel-Core-I3-6-Gera-o-4gb-Ram-SSD-120GB-Conex-es-Usb-vga-hdmi-lan-som_1714393444_m.jpg&w=384&q=75'}
salvando_historico
update gpu on aws -> {'adm': 'kabum', 'name': 'Kit Upgrade Intel Core I7 7ª Geração, 4gb Ram, SSD 120GB, Conexões Usb/vga/hdmi/lan/som', 'price': 'R$ 1.350,61', 'link': 'https://www.kabum.com.br/produto/577346/kit-upgrade-intel-core-i7-7-geracao-4gb-ram-ssd-120gb-conexoes-usb-vga-hdmi-lan-som', 'url_image': 'https://www.kabum.com.br//_next/image?url=https%3A%2F%2Fimages.kabum.com.br%2Fprodutos%2Ffotos%2Fsync_mirakl%2F577346%2FKit-Upgrade-Intel-Core-I7-7-Gera-o-4gb-Ram-SSD-120GB-Conex-es-Usb-vga-hdmi-lan-som_1714389839_m.jpg&w=384&q=75'}
salvando_historico
update gpu on aws -> {'adm': 'kabum', 'name': 'Kit Upgrade Intel Core I7 7ª Geração, 8GB Ram, SSD 240GB, Conexões Usb/vga/hdmi/lan/som', 'price': 'R$ 1.449,19', 'link': 'https://www.kabum.com.br/produto/577363/kit-upgrade-intel-core-i7-7-geracao-8gb-ram-ssd-240gb-conexoes-usb-vga-hdmi-lan-som', 'url_image': 'https://www.kabum.com.br//_next/image?url=https%3A%2F%2Fimages.kabum.com.br%2Fprodutos%2Ffotos%2Fsync_mirakl%2F577363%2FKit-Upgrade-Intel-Core-I7-7-Gera-o-8GB-Ram-SSD-240GB-Conex-es-Usb-vga-hdmi-lan-som_1714394750_m.jpg&w=384&q=75'}
salvando_historico
update gpu on aws -> {'adm': 'kabum', 'name': 'Kit Upgrade Intel Core I3 6ª Geração, 8GB Ram, SSD 240GB, Conexões Usb/vga/hdmi/lan/som', 'price': 'R$ 805,99', 'link': 'https://www.kabum.com.br/produto/577360/kit-upgrade-intel-core-i3-6-geracao-8gb-ram-ssd-240gb-conexoes-usb-vga-hdmi-lan-som', 'url_image': 'https://www.kabum.com.br//_next/image?url=https%3A%2F%2Fimages.kabum.com.br%2Fprodutos%2Ffotos%2Fsync_mirakl%2F577360%2FKit-Upgrade-Intel-Core-I3-6-Gera-o-8GB-Ram-SSD-240GB-Conex-es-Usb-vga-hdmi-lan-som_1714394943_m.jpg&w=384&q=75'}
salvando_historico
Iterando página
update gpu on aws -> {'adm': 'kabum', 'name': 'Water Cooler Gamdias Chione M4 RGB 240mm Amd/intel M4-240 - Preto', 'price': 'R$ 589,50', 'link': 'https://www.kabum.com.br/produto/543519/water-cooler-gamdias-chione-m4-rgb-240mm-amd-intel-m4-240-preto', 'url_image': 'https://www.kabum.com.br//_next/image?url=https%3A%2F%2Fimages.kabum.com.br%2Fprodutos%2Ffotos%2Fsync_mirakl%2F543519%2FWater-Cooler-Gamdias-Chione-M4-RGB-240mm-Amd-intel-M4-240-Preto_1726089991_m.jpg&w=384&q=75'}
salvando_historico
update gpu on aws -> {'adm': 'kabum', 'name': 'Placa-Mãe Afox Lga 1156 H55, Ih55-ma4 Ddr3', 'price': 'R$ 369,99', 'link': 'https://www.kabum.com.br/produto/460255/placa-mae-afox-lga-1156-h55-ih55-ma4-ddr3', 'url_image': 'https://www.kabum.com.br//_next/image?url=https%3A%2F%2Fimages.kabum.com.br%2Fprodutos%2Ffotos%2Fsync_mirakl%2F460255%2FPlaca-M-e-Afox-Lga-1156-H55-Ih55-ma4-Ddr3_1723063115_m.jpg&w=384&q=75'}
salvando_historico
update gpu on aws -> {'adm': 'kabum', 'name': 'Kit Upgrade Intel Core I5 7ª Geração, 8GB Ram, SSD 240GB, Conexões Usb/vga/hdmi/lan/som', 'price': 'R$ 1.023,09', 'link': 'https://www.kabum.com.br/produto/577368/kit-upgrade-intel-core-i5-7-geracao-8gb-ram-ssd-240gb-conexoes-usb-vga-hdmi-lan-som', 'url_image': 'https://www.kabum.com.br//_next/image?url=https%3A%2F%2Fimages.kabum.com.br%2Fprodutos%2Ffotos%2Fsync_mirakl%2F577368%2FKit-Upgrade-Intel-Core-I5-7-Gera-o-8GB-Ram-SSD-240GB-Conex-es-Usb-vga-hdmi-lan-som_1714392269_m.jpg&w=384&q=75'}
salvando_historico
update gpu on aws -> {'adm': 'kabum', 'name': 'Memória Hikvision 8GB 3200mhz DDR4 Preta', 'price': 'R$ 189,82', 'link': 'https://www.kabum.com.br/produto/587876/memoria-hikvision-8gb-3200mhz-ddr4-preta', 'url_image': 'https://www.kabum.com.br//_next/image?url=https%3A%2F%2Fimages.kabum.com.br%2Fprodutos%2Ffotos%2Fsync_mirakl%2F587876%2FMem-ria-Hikvision-8GB-3200mhz-DDR4-Preta_1721682205_m.jpg&w=384&q=75'}
salvando_historico
Iterando página
Iterando página
Iterando página
Iterando página
Iterando página
Iterando página
Iterando página
Iterando página
Iterando página
update gpu on aws -> {'adm': 'kabum', 'name': 'Placa De Video PCi-e 1gb PCyes Edge G 210 - 64 Bits - Dvi/hdmi/vga - Low Profile - Ppe210dr3sfbr', 'price': 'R$ 130,57', 'link': 'https://www.kabum.com.br/produto/565392/placa-de-video-pci-e-1gb-pcyes-edge-g-210-64-bits-dvi-hdmi-vga-low-profile-ppe210dr3sfbr', 'url_image': 'https://www.kabum.com.br//_next/image?url=https%3A%2F%2Fimages.kabum.com.br%2Fprodutos%2Ffotos%2Fsync_mirakl%2F565392%2FPlaca-De-Video-PCi-e-1gb-PCyes-Edge-G-210-64-Bits-Dvi-hdmi-vga-Low-Profile-Ppe210dr3sfbr_1724167944_m.jpg&w=384&q=75'}
salvando_historico
update gpu on aws -> {'adm': 'kabum', 'name': 'SSD 128GB Nvme Ceamere 2280 M.2 Solid State Drive', 'price': 'R$ 114,00', 'link': 'https://www.kabum.com.br/produto/631414/ssd-128gb-nvme-ceamere-2280-m-2-solid-state-drive', 'url_image': 'https://www.kabum.com.br//_next/image?url=https%3A%2F%2Fimages.kabum.com.br%2Fprodutos%2Ffotos%2F631414%2Fssd-128gb-nvme-ceamere-2280-m-2-solid-state-drive_1725387997_m.jpg&w=384&q=75'}
salvando_historico
insert produto on aws -> {'adm': 'kabum', 'name': 'Cooler Fan NZXT F140RGB Core - 140mm hub-mounted RGB Fan, Preto - RF-C14SF-B1', 'price': 'R$ 129,99', 'link': 'https://www.kabum.com.br/produto/521823/cooler-fan-nzxt-f140rgb-core-140mm-hub-mounted-rgb-fan-preto-rf-c14sf-b1', 'url_image': 'https://www.kabum.com.br//_next/image?url=https%3A%2F%2Fimages.kabum.com.br%2Fprodutos%2Ffotos%2F521823%2Fcooler-fan-nzxt-f140rgb-core-140mm-hub-mounted-rgb-fan-preto-rf-c14sf-b1_1726258579_m.jpg&w=384&q=75'}
enviando mensagem pro telegram - Novo produto
get ultimo produt
insert produto on aws -> {'adm': 'kabum', 'name': 'Cooler Fan NZXT F140RGB Duo 140mm, RGB, Preto - RF-D14SF-B1', 'price': 'R$ 199,99', 'link': 'https://www.kabum.com.br/produto/521713/cooler-fan-nzxt-f140rgb-duo-140mm-rgb-preto-rf-d14sf-b1', 'url_image': 'https://www.kabum.com.br//_next/image?url=https%3A%2F%2Fimages.kabum.com.br%2Fprodutos%2Ffotos%2F521713%2Fcooler-fan-nzxt-f140rgb-duo-140mm-rgb-preto-rf-d14sf-b1_1726258266_m.jpg&w=384&q=75'}
enviando mensagem pro telegram - Novo produto
get ultimo produt
insert produto on aws -> {'adm': 'kabum', 'name': 'Cooler Fan NZXT F140RGB Core - 140mm hub-mounted RGB Fan, Branco - RF-C14SF-W1', 'price': 'R$ 129,99', 'link': 'https://www.kabum.com.br/produto/521824/cooler-fan-nzxt-f140rgb-core-140mm-hub-mounted-rgb-fan-branco-rf-c14sf-w1', 'url_image': 'https://www.kabum.com.br//_next/image?url=https%3A%2F%2Fimages.kabum.com.br%2Fprodutos%2Ffotos%2F521824%2Fcooler-fan-nzxt-f140rgb-core-140mm-hub-mounted-rgb-fan-branco-rf-c14sf-w1_1726258860_m.jpg&w=384&q=75'}
enviando mensagem pro telegram - Novo produto
get ultimo produt
insert produto on aws -> {'adm': 'kabum', 'name': 'Memoria Desktop Gamer Team Vulcan Ddr3 4gb - 1600 Mhz 1.5v Oem - Tld34g1600hc9bk', 'price': 'R$ 67,87', 'link': 'https://www.kabum.com.br/produto/636818/memoria-desktop-gamer-team-vulcan-ddr3-4gb-1600-mhz-1-5v-oem-tld34g1600hc9bk', 'url_image': 'https://www.kabum.com.br//_next/image?url=https%3A%2F%2Fimages.kabum.com.br%2Fprodutos%2Ffotos%2Fsync_mirakl%2F636818%2FMemoria-Desktop-Gamer-Team-Vulcan-Ddr3-4gb-1600-Mhz-1-5v-Oem-Tld34g1600hc9bk_1726512297_m.jpg&w=384&q=75'}
enviando mensagem pro telegram - Novo produto
get ultimo produt
update gpu on aws -> {'adm': 'kabum', 'name': 'Kit Upgrade Intel Core I7 4ª Geração, 8GB Ram, SSD 240GB, Conexões Usb/vga/hdmi/lan/som', 'price': 'R$ 780,30', 'link': 'https://www.kabum.com.br/produto/577336/kit-upgrade-intel-core-i7-4-geracao-8gb-ram-ssd-240gb-conexoes-usb-vga-hdmi-lan-som', 'url_image': 'https://www.kabum.com.br//_next/image?url=https%3A%2F%2Fimages.kabum.com.br%2Fprodutos%2Ffotos%2Fsync_mirakl%2F577336%2FKit-Upgrade-Intel-Core-I7-4-Gera-o-8GB-Ram-SSD-240GB-Conex-es-Usb-vga-hdmi-lan-som_1714392347_m.jpg&w=384&q=75'}
salvando_historico
update gpu on aws -> {'adm': 'kabum', 'name': 'Placa Mãe Asus Rog Strix B650e-f Gaming, Wifi, AMD, AM5, DDR5, CHIPSET B650, ATX', 'price': 'R$ 3.294,60', 'link': 'https://www.kabum.com.br/produto/581540/placa-mae-asus-rog-strix-b650e-f-gaming-wifi-amd-am5-ddr5-chipset-b650-atx', 'url_image': 'https://www.kabum.com.br//_next/image?url=https%3A%2F%2Fimages.kabum.com.br%2Fprodutos%2Ffotos%2Fsync_mirakl%2F581540%2FPlaca-M-e-Asus-Rog-Strix-B650e-f-Gaming-Wifi-AMD-AM5-DDR5-CHIPSET-B650-ATX_1723060877_m.jpg&w=384&q=75'}
salvando_historico
insert produto on aws -> {'adm': 'kabum', 'name': 'Memória Valueram, 16GB, 1 Kingston - Kvr26n19s8/16', 'price': 'R$ 300,00', 'link': 'https://www.kabum.com.br/produto/484872/memoria-valueram-16gb-1-kingston-kvr26n19s8-16', 'url_image': 'https://www.kabum.com.br//_next/image?url=https%3A%2F%2Fimages.kabum.com.br%2Fprodutos%2Ffotos%2Fsync_mirakl%2F484872%2FMem-ria-Valueram-16GB-1-Kingston-Kvr26n19s8-16_1694434699_m.jpg&w=384&q=75'}
enviando mensagem pro telegram - Novo produto
get ultimo produt
insert produto on aws -> {'adm': 'kabum', 'name': 'Kit Rdjinfo Placa Mãe Intel H61 1155 + I5 3570 + Memória 8GB DDR3', 'price': 'R$ 850,00', 'link': 'https://www.kabum.com.br/produto/484844/kit-rdjinfo-placa-mae-intel-h61-1155-i5-3570-memoria-8gb-ddr3', 'url_image': 'https://www.kabum.com.br//_next/image?url=https%3A%2F%2Fimages.kabum.com.br%2Fprodutos%2Ffotos%2Fsync_mirakl%2F484844%2FKit-Rdjinfo-Placa-M-e-Intel-H61-1155-I5-3570-Mem-ria-8GB-DDR3_1694520500_m.jpg&w=384&q=75'}
enviando mensagem pro telegram - Novo produto
get ultimo produt
insert produto on aws -> {'adm': 'kabum', 'name': 'Kit Rdjinfo Cpu Intel Core I7 3770 + Placa H61 1155 + 16GB DDR3', 'price': 'R$ 1.389,00', 'link': 'https://www.kabum.com.br/produto/484845/kit-rdjinfo-cpu-intel-core-i7-3770-placa-h61-1155-16gb-ddr3', 'url_image': 'https://www.kabum.com.br//_next/image?url=https%3A%2F%2Fimages.kabum.com.br%2Fprodutos%2Ffotos%2Fsync_mirakl%2F484845%2FKit-Rdjinfo-Cpu-Intel-Core-I7-3770-Placa-H61-1155-16GB-DDR3_1694441330_m.jpg&w=384&q=75'}
enviando mensagem pro telegram - Novo produto
get ultimo produt
insert produto on aws -> {'adm': 'kabum', 'name': 'Cooler Rdjinfo Goldentec Intel, Socket LGA 1156/1155/1151/1150', 'price': 'R$ 250,00', 'link': 'https://www.kabum.com.br/produto/484843/cooler-rdjinfo-goldentec-intel-socket-lga-1156-1155-1151-1150', 'url_image': 'https://www.kabum.com.br//_next/image?url=https%3A%2F%2Fimages.kabum.com.br%2Fprodutos%2Ffotos%2Fsync_mirakl%2F484843%2FCooler-Rdjinfo-Goldentec-Intel-Socket-LGA-1156-1155-1151-1150_1694441897_m.jpg&w=384&q=75'}
enviando mensagem pro telegram - Novo produto
get ultimo produt
insert produto on aws -> {'adm': 'kabum', 'name': 'Water Cooler Thermaltake Pacific GPU BLOCK DP100-D5 PLUS - CLW263-PL00SWA #', 'price': 'R$ 2.399,99', 'link': 'https://www.kabum.com.br/produto/626528/water-cooler-thermaltake-pacific-gpu-block-dp100-d5-plus-clw263-pl00swa-', 'url_image': 'https://www.kabum.com.br//_next/image?url=https%3A%2F%2Fimages.kabum.com.br%2Fprodutos%2Ffotos%2F626528%2Fwater-cooler-thermaltake-pacific-gpu-block-dp100-d5-plus-clw263-pl00swa-_1726241820_m.jpg&w=384&q=75'}
enviando mensagem pro telegram - Novo produto
get ultimo produt
insert produto on aws -> {'adm': 'kabum', 'name': 'Memória P/ Notebook Ddr3 Pc3-10600 2gb', 'price': 'R$ 17,09', 'link': 'https://www.kabum.com.br/produto/581143/memoria-p-notebook-ddr3-pc3-10600-2gb', 'url_image': 'https://www.kabum.com.br//_next/image?url=https%3A%2F%2Fimages.kabum.com.br%2Fprodutos%2Ffotos%2Fsync_mirakl%2F581143%2FMem-ria-P-Notebook-Ddr3-Pc3-10600-2gb_1715197193_m.jpg&w=384&q=75'}
enviando mensagem pro telegram - Novo produto
get ultimo produt
update gpu on aws -> {'adm': 'kabum', 'name': 'Water Cooler Para Cpu Intel/amd Cooler Master Masterliquid 360l Core ARGB', 'price': 'R$ 974,70', 'link': 'https://www.kabum.com.br/produto/592412/water-cooler-para-cpu-intel-amd-cooler-master-masterliquid-360l-core-argb', 'url_image': 'https://www.kabum.com.br//_next/image?url=https%3A%2F%2Fimages.kabum.com.br%2Fprodutos%2Ffotos%2Fsync_mirakl%2F592412%2FWater-Cooler-Para-Cpu-Intel-amd-Cooler-Master-Masterliquid-360l-Core-ARGB_1718104919_m.jpg&w=384&q=75'}
salvando_historico
update gpu on aws -> {'adm': 'kabum', 'name': 'Kit Upgrade Intel Core I5 2ª Geração, 8GB Ram, SSD 240GB, Conexões Usb/vga/hdmi/lan/som', 'price': 'R$ 481,97', 'link': 'https://www.kabum.com.br/produto/577335/kit-upgrade-intel-core-i5-2-geracao-8gb-ram-ssd-240gb-conexoes-usb-vga-hdmi-lan-som', 'url_image': 'https://www.kabum.com.br//_next/image?url=https%3A%2F%2Fimages.kabum.com.br%2Fprodutos%2Ffotos%2Fsync_mirakl%2F577335%2FKit-Upgrade-Intel-Core-I5-2-Gera-o-8GB-Ram-SSD-240GB-Conex-es-Usb-vga-hdmi-lan-som_1714392412_m.jpg&w=384&q=75'}
salvando_historico
update gpu on aws -> {'adm': 'kabum', 'name': 'Kit Upgrade Intel Core I7 2ª Geração, 8GB Ram, SSD 240GB, Conexões Usb/vga/hdmi/lan/som', 'price': 'R$ 662,50', 'link': 'https://www.kabum.com.br/produto/577361/kit-upgrade-intel-core-i7-2-geracao-8gb-ram-ssd-240gb-conexoes-usb-vga-hdmi-lan-som', 'url_image': 'https://www.kabum.com.br//_next/image?url=https%3A%2F%2Fimages.kabum.com.br%2Fprodutos%2Ffotos%2Fsync_mirakl%2F577361%2FKit-Upgrade-Intel-Core-I7-2-Gera-o-8GB-Ram-SSD-240GB-Conex-es-Usb-vga-hdmi-lan-som_1714390492_m.jpg&w=384&q=75'}
salvando_historico
update gpu on aws -> {'adm': 'kabum', 'name': 'Kit Upgrade Intel Core I7 3ª Geração, 8GB Ram, SSD 240GB, Conexões Usb/vga/hdmi/lan/som', 'price': 'R$ 714,43', 'link': 'https://www.kabum.com.br/produto/577350/kit-upgrade-intel-core-i7-3-geracao-8gb-ram-ssd-240gb-conexoes-usb-vga-hdmi-lan-som', 'url_image': 'https://www.kabum.com.br//_next/image?url=https%3A%2F%2Fimages.kabum.com.br%2Fprodutos%2Ffotos%2Fsync_mirakl%2F577350%2FKit-Upgrade-Intel-Core-I7-3-Gera-o-8GB-Ram-SSD-240GB-Conex-es-Usb-vga-hdmi-lan-som_1714393565_m.jpg&w=384&q=75'}
salvando_historico
update gpu on aws -> {'adm': 'kabum', 'name': 'Kit Upgrade Intel Core I5 7ª Geração, 4gb Ram, SSD 120GB, Conexões Usb/vga/hdmi/lan/som', 'price': 'R$ 924,49', 'link': 'https://www.kabum.com.br/produto/577342/kit-upgrade-intel-core-i5-7-geracao-4gb-ram-ssd-120gb-conexoes-usb-vga-hdmi-lan-som', 'url_image': 'https://www.kabum.com.br//_next/image?url=https%3A%2F%2Fimages.kabum.com.br%2Fprodutos%2Ffotos%2Fsync_mirakl%2F577342%2FKit-Upgrade-Intel-Core-I5-7-Gera-o-4gb-Ram-SSD-120GB-Conex-es-Usb-vga-hdmi-lan-som_1714393184_m.jpg&w=384&q=75'}
salvando_historico
Iterando página
update gpu on aws -> {'adm': 'kabum', 'name': "Jogo Dragon's Dogma 2 Playstation 5 Midia Fisica Original", 'price': 'R$ 349,90', 'link': 'https://www.kabum.com.br/produto/550449/jogo-dragon-s-dogma-2-playstation-5-midia-fisica-original', 'url_image': 'https://www.kabum.com.br//_next/image?url=https%3A%2F%2Fimages.kabum.com.br%2Fprodutos%2Ffotos%2Fsync_mirakl%2F550449%2FJogo-Dragon-s-Dogma-2-Playstation-5-Midia-Fisica-Original_1725915371_m.jpg&w=384&q=75'}
salvando_historico
Iterando página
Iterando página
Iterando página
Iterando página
Iterando página
Iterando página
Iterando página
Iterando página
Iterando página
insert produto on aws -> {'adm': 'kabum', 'name': 'Memória Dell 16gb Ddr4-2133p Rdimm Snp1r8crc/16g', 'price': 'R$ 2.649,00', 'link': 'https://www.kabum.com.br/produto/636809/memoria-dell-16gb-ddr4-2133p-rdimm-snp1r8crc-16g', 'url_image': 'https://www.kabum.com.br//_next/image?url=https%3A%2F%2Fimages.kabum.com.br%2Fprodutos%2Ffotos%2Fsync_mirakl%2F636809%2FMem-ria-Dell-16gb-Ddr4-2133p-Rdimm-Snp1r8crc-16g_1726510479_m.jpg&w=384&q=75'}
enviando mensagem pro telegram - Novo produto
get ultimo produt
update gpu on aws -> {'adm': 'kabum', 'name': 'Processador Intel Core I5-2400 3.10ghz Cache 6mb LGA 1155 Oem', 'price': 'R$ 177,97', 'link': 'https://www.kabum.com.br/produto/632832/processador-intel-core-i5-2400-3-10ghz-cache-6mb-lga-1155-oem', 'url_image': 'https://www.kabum.com.br//_next/image?url=https%3A%2F%2Fimages.kabum.com.br%2Fprodutos%2Ffotos%2Fsync_mirakl%2F632832%2FProcessador-Intel-Core-I5-2400-3-10ghz-Cache-6mb-LGA-1155-Oem_1725457489_m.jpg&w=384&q=75'}
salvando_historico
update gpu on aws -> {'adm': 'kabum', 'name': 'Kit Upgrade Intel Core I5 6ª Geração, 16gb Ram, SSD 480GB, Conexões Usb/vga/hdmi/lan/som', 'price': 'R$ 1.124,99', 'link': 'https://www.kabum.com.br/produto/577343/kit-upgrade-intel-core-i5-6-geracao-16gb-ram-ssd-480gb-conexoes-usb-vga-hdmi-lan-som', 'url_image': 'https://www.kabum.com.br//_next/image?url=https%3A%2F%2Fimages.kabum.com.br%2Fprodutos%2Ffotos%2Fsync_mirakl%2F577343%2FKit-Upgrade-Intel-Core-I5-6-Gera-o-16gb-Ram-SSD-480GB-Conex-es-Usb-vga-hdmi-lan-som_1714390150_m.jpg&w=384&q=75'}
salvando_historico
update gpu on aws -> {'adm': 'kabum', 'name': 'Hd Interno Western Digital Wd Purple Surveillance 3,5 Sata 3 4TB Wd43purz Para Dvr', 'price': 'R$ 910,00', 'link': 'https://www.kabum.com.br/produto/623831/hd-interno-western-digital-wd-purple-surveillance-3-5-sata-3-4tb-wd43purz-para-dvr', 'url_image': 'https://www.kabum.com.br//_next/image?url=https%3A%2F%2Fimages.kabum.com.br%2Fprodutos%2Ffotos%2Fsync_mirakl%2F623831%2FHd-Interno-Western-Digital-Wd-Purple-Surveillance-3-5-Sata-3-4TB-Wd43purz-Para-Dvr_1723216868_m.jpg&w=384&q=75'}
salvando_historico
update gpu on aws -> {'adm': 'kabum', 'name': 'SSD Sandisk Extreme Portable 4TB Usb-c 3.2 1050mb/s Hd Externo Portátil', 'price': 'R$ 2.792,00', 'link': 'https://www.kabum.com.br/produto/623826/ssd-sandisk-extreme-portable-4tb-usb-c-3-2-1050mb-s-hd-externo-portatil', 'url_image': 'https://www.kabum.com.br//_next/image?url=https%3A%2F%2Fimages.kabum.com.br%2Fprodutos%2Ffotos%2Fsync_mirakl%2F623826%2FSSD-Sandisk-Extreme-Portable-4TB-Usb-c-3-2-1050mb-s-Hd-Externo-Port-til_1723217931_m.jpg&w=384&q=75'}
salvando_historico
update gpu on aws -> {'adm': 'kabum', 'name': 'Placa De Vídeo Xfx Speedster Swft 210 Radeon Rx7600 Xt 16gb Gddr6 PCi-express', 'price': 'R$ 3.190,50', 'link': 'https://www.kabum.com.br/produto/593203/placa-de-video-xfx-speedster-swft-210-radeon-rx7600-xt-16gb-gddr6-pci-express', 'url_image': 'https://www.kabum.com.br//_next/image?url=https%3A%2F%2Fimages.kabum.com.br%2Fprodutos%2Ffotos%2Fsync_mirakl%2F593203%2FPlaca-De-V-deo-Xfx-Speedster-Swft-210-Radeon-Rx7600-Xt-16gb-Gddr6-PCi-express_1718149235_m.jpg&w=384&q=75'}
salvando_historico
update gpu on aws -> {'adm': 'kabum', 'name': 'Kit Upgrade Intel Core I3 4ª Geração, 8GB Ram, SSD 240GB, Conexões Usb/vga/hdmi/lan/som', 'price': 'R$ 471,44', 'link': 'https://www.kabum.com.br/produto/577338/kit-upgrade-intel-core-i3-4-geracao-8gb-ram-ssd-240gb-conexoes-usb-vga-hdmi-lan-som', 'url_image': 'https://www.kabum.com.br//_next/image?url=https%3A%2F%2Fimages.kabum.com.br%2Fprodutos%2Ffotos%2Fsync_mirakl%2F577338%2FKit-Upgrade-Intel-Core-I3-4-Gera-o-8GB-Ram-SSD-240GB-Conex-es-Usb-vga-hdmi-lan-som_1714393070_m.jpg&w=384&q=75'}
salvando_historico
insert produto on aws -> {'adm': 'kabum', 'name': 'Placa De Vídeo Manli Geforce, RTX 4060, 8GB, GDDR6, 128-bit, Verde', 'price': 'R$ 2.702,70', 'link': 'https://www.kabum.com.br/produto/538631/placa-de-video-manli-geforce-rtx-4060-8gb-gddr6-128-bit-verde', 'url_image': 'https://www.kabum.com.br//_next/image?url=https%3A%2F%2Fimages.kabum.com.br%2Fprodutos%2Ffotos%2Fsync_mirakl%2F538631%2FPlaca-De-V-deo-Manli-Geforce-RTX-4060-8GB-GDDR6-128-bit-Verde_1724952768_m.jpg&w=384&q=75'}
enviando mensagem pro telegram - Novo produto
get ultimo produt
update gpu on aws -> {'adm': 'kabum', 'name': 'Cabo Rca Fitz 2 Metros 3 + 3 Rca Plug Metal Pix 018-0750', 'price': 'R$ 23,90', 'link': 'https://www.kabum.com.br/produto/572075/cabo-rca-fitz-2-metros-3-3-rca-plug-metal-pix-018-0750', 'url_image': 'https://www.kabum.com.br//_next/image?url=https%3A%2F%2Fimages.kabum.com.br%2Fprodutos%2Ffotos%2Fsync_mirakl%2F572075%2FCabo-Rca-Fitz-2-Metros-3-3-Rca-Plug-Metal-Pix-018-0750_1726514217_m.jpg&w=384&q=75'}
salvando_historico
insert produto on aws -> {'adm': 'kabum', 'name': 'Kit Upgrade AMD Ryzen 7 5700G, Placa Mae A520M, Neologic - Nli84582', 'price': 'R$ 2.151,90', 'link': 'https://www.kabum.com.br/produto/522322/kit-upgrade-amd-ryzen-7-5700g-placa-mae-a520m-neologic-nli84582', 'url_image': 'https://www.kabum.com.br//_next/image?url=https%3A%2F%2Fimages.kabum.com.br%2Fprodutos%2Ffotos%2Fsync_mirakl%2F522322%2FKit-Upgrade-AMD-Ryzen-7-5700G-Placa-Mae-A520M-Neologic-Nli84582_1726518313_m.jpg&w=384&q=75'}
enviando mensagem pro telegram - Novo produto
get ultimo produt
insert produto on aws -> {'adm': 'kabum', 'name': 'Memória Valueram, 8GB, D3l-1600u11, 2rx8, Non-ecc - Kingston', 'price': 'R$ 375,00', 'link': 'https://www.kabum.com.br/produto/484863/memoria-valueram-8gb-d3l-1600u11-2rx8-non-ecc-kingston', 'url_image': 'https://www.kabum.com.br//_next/image?url=https%3A%2F%2Fimages.kabum.com.br%2Fprodutos%2Ffotos%2Fsync_mirakl%2F484863%2FMem-ria-Valueram-8GB-D3l-1600u11-2rx8-Non-ecc-Kingston_1694441328_m.jpg&w=384&q=75'}
enviando mensagem pro telegram - Novo produto
get ultimo produt
insert produto on aws -> {'adm': 'kabum', 'name': 'Memória Valueram, 8GB', 'price': 'R$ 220,00', 'link': 'https://www.kabum.com.br/produto/484871/memoria-valueram-8gb', 'url_image': 'https://www.kabum.com.br//_next/image?url=https%3A%2F%2Fimages.kabum.com.br%2Fprodutos%2Ffotos%2Fsync_mirakl%2F484871%2FMem-ria-Valueram-8GB_1694531920_m.jpg&w=384&q=75'}
enviando mensagem pro telegram - Novo produto
get ultimo produt
insert produto on aws -> {'adm': 'kabum', 'name': 'Kit Upgrade Gamer Rdjinfo Intel I7 3770 3.4ghz, Placa H61 1155, 8GB RAM', 'price': 'R$ 850,00', 'link': 'https://www.kabum.com.br/produto/483506/kit-upgrade-gamer-rdjinfo-intel-i7-3770-3-4ghz-placa-h61-1155-8gb-ram', 'url_image': 'https://www.kabum.com.br//_next/image?url=https%3A%2F%2Fimages.kabum.com.br%2Fprodutos%2Ffotos%2Fsync_mirakl%2F483506%2FKit-Upgrade-Gamer-Rdjinfo-Intel-I7-3770-3-4ghz-Placa-H61-1155-8GB-RAM_1694441898_m.jpg&w=384&q=75'}
enviando mensagem pro telegram - Novo produto
get ultimo produt
insert produto on aws -> {'adm': 'kabum', 'name': 'Kit 3 Cooler Fan NZXT F120RGB Duo 120mm, RGB, Preto c/ Controlador RGB - RF-D12TF-B1', 'price': 'R$ 629,99', 'link': 'https://www.kabum.com.br/produto/521711/kit-3-cooler-fan-nzxt-f120rgb-duo-120mm-rgb-preto-c-controlador-rgb-rf-d12tf-b1', 'url_image': 'https://www.kabum.com.br//_next/image?url=https%3A%2F%2Fimages.kabum.com.br%2Fprodutos%2Ffotos%2F521711%2Fkit-3-cooler-fan-nzxt-f120rgb-duo-120mm-rgb-preto-c-controlador-rgb-rf-d12tf-b1_1726242659_m.jpg&w=384&q=75'}
enviando mensagem pro telegram - Novo produto
get ultimo produt
insert produto on aws -> {'adm': 'kabum', 'name': 'Kit 3 Cooler Fan NZXT F120RGB Duo 120mm, RGB, Branco c/ Controlador RGB - RF-D12TF-W1', 'price': 'R$ 629,99', 'link': 'https://www.kabum.com.br/produto/521712/kit-3-cooler-fan-nzxt-f120rgb-duo-120mm-rgb-branco-c-controlador-rgb-rf-d12tf-w1', 'url_image': 'https://www.kabum.com.br//_next/image?url=https%3A%2F%2Fimages.kabum.com.br%2Fprodutos%2Ffotos%2F521712%2Fkit-3-cooler-fan-nzxt-f120rgb-duo-120mm-rgb-branco-c-controlador-rgb-rf-d12tf-w1_1726243278_m.jpg&w=384&q=75'}
enviando mensagem pro telegram - Novo produto
get ultimo produt
insert produto on aws -> {'adm': 'kabum', 'name': 'Water Cooler Thermaltake V2 TH240 120MM - CL-W361-PL12SW-A', 'price': 'R$ 739,99', 'link': 'https://www.kabum.com.br/produto/626519/water-cooler-thermaltake-v2-th240-120mm-cl-w361-pl12sw-a', 'url_image': 'https://www.kabum.com.br//_next/image?url=https%3A%2F%2Fimages.kabum.com.br%2Fprodutos%2Ffotos%2F626519%2Fwater-cooler-thermaltake-v2-th240-120mm-cl-w361-pl12sw-a_1726255477_m.jpg&w=384&q=75'}
enviando mensagem pro telegram - Novo produto
get ultimo produt
insert produto on aws -> {'adm': 'kabum', 'name': 'Water Cooler Thermaltake Pacific C360 120MM TOUGH DDC - CL-W306-CU12BL-A#', 'price': 'R$ 3.599,99', 'link': 'https://www.kabum.com.br/produto/626526/water-cooler-thermaltake-pacific-c360-120mm-tough-ddc-cl-w306-cu12bl-a-', 'url_image': 'https://www.kabum.com.br//_next/image?url=https%3A%2F%2Fimages.kabum.com.br%2Fprodutos%2Ffotos%2F626526%2Fwater-cooler-thermaltake-pacific-c360-120mm-tough-ddc-cl-w306-cu12bl-a-_1726256430_m.jpg&w=384&q=75'}
enviando mensagem pro telegram - Novo produto
get ultimo produt
insert produto on aws -> {'adm': 'kabum', 'name': 'Water Cooler Thermaltake Pacific C360 120MMDDC SOFThermaltakeUBE - CL-W253-CU12SW-A#', 'price': 'R$ 3.399,99', 'link': 'https://www.kabum.com.br/produto/626527/water-cooler-thermaltake-pacific-c360-120mmddc-softhermaltakeube-cl-w253-cu12sw-a-', 'url_image': 'https://www.kabum.com.br//_next/image?url=https%3A%2F%2Fimages.kabum.com.br%2Fprodutos%2Ffotos%2F626527%2Fwater-cooler-thermaltake-pacific-c360-120mmddc-softhermaltakeube-cl-w253-cu12sw-a-_1726257810_m.jpg&w=384&q=75'}
enviando mensagem pro telegram - Novo produto
get ultimo produt
Iterando página
Iterando página
Iterando página
Iterando página
Iterando página
Iterando página
Iterando página
Iterando página
Iterando página
Erro na paginação: Message: element not interactable
  (Session info: chrome=128.0.6613.119)
Stacktrace:
#0 0x560c165c02da <unknown>
#1 0x560c1628e041 <unknown>
#2 0x560c162ded3f <unknown>
#3 0x560c162d28c6 <unknown>
#4 0x560c163028d2 <unknown>
#5 0x560c162d2279 <unknown>
#6 0x560c16302a9e <unknown>
#7 0x560c16320dfd <unknown>
#8 0x560c16302673 <unknown>
#9 0x560c162d0473 <unknown>
#10 0x560c162d147e <unknown>
#11 0x560c165870db <unknown>
#12 0x560c1658b071 <unknown>
#13 0x560c165739d5 <unknown>
#14 0x560c1658bbf2 <unknown>
#15 0x560c16558b6f <unknown>
#16 0x560c165af248 <unknown>
#17 0x560c165af417 <unknown>
#18 0x560c165bf0cc <unknown>
#19 0x7ff052365ac3 <unknown>

Finalizando o scraping...
-----> FIM DA ITERAÇÃO WHILE <--------


-----> NOVA ITERAÇÃO WHILE <--------
Iniciando Scraping, URL = https://www.kabum.com.br/hardware?page_number=1&page_size=100&facet_filters=&sort=most_searched
Iterando página
Iterando página
Iterando página
Iterando página
Iterando página
update gpu on aws -> {'adm': 'kabum', 'name': 'Processador AMD Ryzen 7 5700G, 4.6GHz Max Turbo, Cache 20MB, Octa Core, AM4, Ví\xaddeo Integrado - 100-100000263BOX', 'price': 'R$ 1.230,00', 'link': 'https://www.kabum.com.br/produto/203463/processador-amd-ryzen-7-5700g-4-6ghz-max-turbo-cache-20mb-octa-core-am4-vi-deo-integrado-100-100000263box', 'url_image': 'https://www.kabum.com.br//_next/image?url=https%3A%2F%2Fimages.kabum.com.br%2Fprodutos%2Ffotos%2Fsync_mirakl%2F203463%2FProcessador-AMD-Ryzen-7-5700G-4-6GHz-Max-Turbo-Cache-20MB-Octa-Core-AM4-V-deo-Integrado-100-100000263BOX_1725296945_m.jpg&w=384&q=75'}
salvando_historico
Iterando página
Iterando página
Iterando página
Iterando página
update gpu on aws -> {'adm': 'kabum', 'name': 'Hd Seagate Skyhawk 1tb, P/ Seguranca Vigilancia, Dvr - St1000vx013', 'price': 'R$ 790,83', 'link': 'https://www.kabum.com.br/produto/528602/hd-seagate-skyhawk-1tb-p-seguranca-vigilancia-dvr-st1000vx013', 'url_image': 'https://www.kabum.com.br//_next/image?url=https%3A%2F%2Fimages.kabum.com.br%2Fprodutos%2Ffotos%2Fsync_mirakl%2F528602%2FHd-Seagate-Skyhawk-1tb-P-Seguranca-Vigilancia-Dvr-St1000vx013_1718992242_m.jpg&w=384&q=75'}
salvando_historico
Iterando página
Iterando página
Iterando página
update gpu on aws -> {'adm': 'kabum', 'name': 'Water Cooler Corsair H100i Elite, RGB, 240mm, AMD/Intel, Branco - CW-9060078-WW', 'price': 'R$ 859,99', 'link': 'https://www.kabum.com.br/produto/496665/water-cooler-corsair-h100i-elite-rgb-240mm-amd-intel-branco-cw-9060078-ww', 'url_image': 'https://www.kabum.com.br//_next/image?url=https%3A%2F%2Fimages.kabum.com.br%2Fprodutos%2Ffotos%2F496665%2Fwater-cooler-corsair-h100i-rgb-elite-branco-16-leds-rgb-dinamicos-ventoinhas-af120-elite-pwm-cw-9060078-ww_1706641967_m.jpg&w=384&q=75'}
salvando_historico
Iterando página
Iterando página
Iterando página
Iterando página
Iterando página
insert produto on aws -> {'adm': 'kabum', 'name': 'Water Cooler Gigabyte Aorus Waterforce, ARGB, 280mm, AMD/Intel, Preto - GP-AORUS WATERFORCE 280', 'price': 'R$ 950,00', 'link': 'https://www.kabum.com.br/produto/329767/water-cooler-gigabyte-aorus-waterforce-argb-280mm-amd-intel-preto-gp-aorus-waterforce-280', 'url_image': 'https://www.kabum.com.br//_next/image?url=https%3A%2F%2Fimages.kabum.com.br%2Fprodutos%2Ffotos%2F329767%2Fwater-cooler-gigabyte-aorus-waterforce-argb-280mm-para-pc-preto-gp-aorus-waterforce-280_1651679921_m.jpg&w=384&q=75'}
enviando mensagem pro telegram - Novo produto
get ultimo produt
Iterando página
Iterando página
Iterando página
Iterando página
Iterando página
Iterando página
Iterando página
Iterando página
Iterando página
Iterando página
Iterando página
Erro na paginação: Message: 
Stacktrace:
#0 0x55cfae2ef2da <unknown>
#1 0x55cfadfbd200 <unknown>
#2 0x55cfae00caa2 <unknown>
#3 0x55cfae00cd41 <unknown>
#4 0x55cfae052964 <unknown>
#5 0x55cfae0318fd <unknown>
#6 0x55cfae04fdfd <unknown>
#7 0x55cfae031673 <unknown>
#8 0x55cfadfff473 <unknown>
#9 0x55cfae00047e <unknown>
#10 0x55cfae2b60db <unknown>
#11 0x55cfae2ba071 <unknown>
#12 0x55cfae2a29d5 <unknown>
#13 0x55cfae2babf2 <unknown>
#14 0x55cfae287b6f <unknown>
#15 0x55cfae2de248 <unknown>
#16 0x55cfae2de417 <unknown>
#17 0x55cfae2ee0cc <unknown>
#18 0x7fe73b143ac3 <unknown>

Finalizando o scraping...
Traceback (most recent call last):
  File "/home/pedro/Github/kabum_sqlite_telegram/venv/lib/python3.10/site-packages/urllib3/connection.py", line 196, in _new_conn
    sock = connection.create_connection(
  File "/home/pedro/Github/kabum_sqlite_telegram/venv/lib/python3.10/site-packages/urllib3/util/connection.py", line 85, in create_connection
    raise err
  File "/home/pedro/Github/kabum_sqlite_telegram/venv/lib/python3.10/site-packages/urllib3/util/connection.py", line 73, in create_connection
    sock.connect(sa)
OSError: [Errno 101] Network is unreachable

The above exception was the direct cause of the following exception:

Traceback (most recent call last):
  File "/home/pedro/Github/kabum_sqlite_telegram/venv/lib/python3.10/site-packages/urllib3/connectionpool.py", line 789, in urlopen
    response = self._make_request(
  File "/home/pedro/Github/kabum_sqlite_telegram/venv/lib/python3.10/site-packages/urllib3/connectionpool.py", line 490, in _make_request
    raise new_e
  File "/home/pedro/Github/kabum_sqlite_telegram/venv/lib/python3.10/site-packages/urllib3/connectionpool.py", line 466, in _make_request
    self._validate_conn(conn)
  File "/home/pedro/Github/kabum_sqlite_telegram/venv/lib/python3.10/site-packages/urllib3/connectionpool.py", line 1095, in _validate_conn
    conn.connect()
  File "/home/pedro/Github/kabum_sqlite_telegram/venv/lib/python3.10/site-packages/urllib3/connection.py", line 615, in connect
    self.sock = sock = self._new_conn()
  File "/home/pedro/Github/kabum_sqlite_telegram/venv/lib/python3.10/site-packages/urllib3/connection.py", line 211, in _new_conn
    raise NewConnectionError(
urllib3.exceptions.NewConnectionError: <urllib3.connection.HTTPSConnection object at 0x7f97c4a53040>: Failed to establish a new connection: [Errno 101] Network is unreachable

The above exception was the direct cause of the following exception:

Traceback (most recent call last):
  File "/home/pedro/Github/kabum_sqlite_telegram/venv/lib/python3.10/site-packages/requests/adapters.py", line 667, in send
    resp = conn.urlopen(
  File "/home/pedro/Github/kabum_sqlite_telegram/venv/lib/python3.10/site-packages/urllib3/connectionpool.py", line 843, in urlopen
    retries = retries.increment(
  File "/home/pedro/Github/kabum_sqlite_telegram/venv/lib/python3.10/site-packages/urllib3/util/retry.py", line 519, in increment
    raise MaxRetryError(_pool, url, reason) from reason  # type: ignore[arg-type]
urllib3.exceptions.MaxRetryError: HTTPSConnectionPool(host='googlechromelabs.github.io', port=443): Max retries exceeded with url: /chrome-for-testing/latest-patch-versions-per-build.json (Caused by NewConnectionError('<urllib3.connection.HTTPSConnection object at 0x7f97c4a53040>: Failed to establish a new connection: [Errno 101] Network is unreachable'))

During handling of the above exception, another exception occurred:

Traceback (most recent call last):
  File "/home/pedro/Github/kabum_sqlite_telegram/venv/lib/python3.10/site-packages/webdriver_manager/core/http.py", line 32, in get
    resp = requests.get(
  File "/home/pedro/Github/kabum_sqlite_telegram/venv/lib/python3.10/site-packages/requests/api.py", line 73, in get
    return request("get", url, params=params, **kwargs)
  File "/home/pedro/Github/kabum_sqlite_telegram/venv/lib/python3.10/site-packages/requests/api.py", line 59, in request
    return session.request(method=method, url=url, **kwargs)
  File "/home/pedro/Github/kabum_sqlite_telegram/venv/lib/python3.10/site-packages/requests/sessions.py", line 589, in request
    resp = self.send(prep, **send_kwargs)
  File "/home/pedro/Github/kabum_sqlite_telegram/venv/lib/python3.10/site-packages/requests/sessions.py", line 703, in send
    r = adapter.send(request, **kwargs)
  File "/home/pedro/Github/kabum_sqlite_telegram/venv/lib/python3.10/site-packages/requests/adapters.py", line 700, in send
    raise ConnectionError(e, request=request)
requests.exceptions.ConnectionError: HTTPSConnectionPool(host='googlechromelabs.github.io', port=443): Max retries exceeded with url: /chrome-for-testing/latest-patch-versions-per-build.json (Caused by NewConnectionError('<urllib3.connection.HTTPSConnection object at 0x7f97c4a53040>: Failed to establish a new connection: [Errno 101] Network is unreachable'))

During handling of the above exception, another exception occurred:

Traceback (most recent call last):
  File "/home/pedro/Github/kabum_sqlite_telegram/app/main.py", line 23, in <module>
    driver = reset_driver(driver)
  File "/home/pedro/Github/kabum_sqlite_telegram/app/chrome_config.py", line 27, in reset_driver
    return create_driver()  # Cria uma nova instância do driver
  File "/home/pedro/Github/kabum_sqlite_telegram/app/chrome_config.py", line 20, in create_driver
    service = Service(ChromeDriverManager().install())
  File "/home/pedro/Github/kabum_sqlite_telegram/venv/lib/python3.10/site-packages/webdriver_manager/chrome.py", line 40, in install
    driver_path = self._get_driver_binary_path(self.driver)
  File "/home/pedro/Github/kabum_sqlite_telegram/venv/lib/python3.10/site-packages/webdriver_manager/core/manager.py", line 35, in _get_driver_binary_path
    binary_path = self._cache_manager.find_driver(driver)
  File "/home/pedro/Github/kabum_sqlite_telegram/venv/lib/python3.10/site-packages/webdriver_manager/core/driver_cache.py", line 107, in find_driver
    driver_version = self.get_cache_key_driver_version(driver)
  File "/home/pedro/Github/kabum_sqlite_telegram/venv/lib/python3.10/site-packages/webdriver_manager/core/driver_cache.py", line 154, in get_cache_key_driver_version
    return driver.get_driver_version_to_download()
  File "/home/pedro/Github/kabum_sqlite_telegram/venv/lib/python3.10/site-packages/webdriver_manager/core/driver.py", line 48, in get_driver_version_to_download
    return self.get_latest_release_version()
  File "/home/pedro/Github/kabum_sqlite_telegram/venv/lib/python3.10/site-packages/webdriver_manager/drivers/chrome.py", line 59, in get_latest_release_version
    response = self._http_client.get(url)
  File "/home/pedro/Github/kabum_sqlite_telegram/venv/lib/python3.10/site-packages/webdriver_manager/core/http.py", line 35, in get
    raise exceptions.ConnectionError(f"Could not reach host. Are you offline?")
requests.exceptions.ConnectionError: Could not reach host. Are you offline?
-----> NOVA ITERAÇÃO WHILE <--------
Iniciando Scraping, URL = https://www.kabum.com.br/hardware?page_number=1&page_size=100&facet_filters=&sort=most_searched
Iterando página
update gpu on aws -> {'adm': 'kabum', 'name': 'Processador AMD Ryzen 9 7900X3D, 5.6GHz Max Turbo, Cache 140MB, AM5, 12 Núcleos, Vídeo Integrado - 100-100000909WOF', 'price': 'R$ 3.799,98', 'link': 'https://www.kabum.com.br/produto/426261/processador-amd-ryzen-9-7900x3d-5-6ghz-max-turbo-cache-140mb-am5-12-nucleos-video-integrado-100-100000909wof', 'url_image': 'https://www.kabum.com.br//_next/image?url=https%3A%2F%2Fimages.kabum.com.br%2Fprodutos%2Ffotos%2F426261%2Fprocessador-amd-ryzen-9-7900x3d-5-6ghz-max-turbo-cache-140mb-am5-12-nucleos-video-integrado-100-100000909wof_1676552311_m.jpg&w=384&q=75'}
salvando_historico
enviando mensagem pro telegram - Atualização de produto
get ultimo produt
update gpu on aws -> {'adm': 'kabum', 'name': 'Memória RAM Kingston Fury Beast, 8GB, 3200MHz, DDR4, CL16, Preto - KF432C16BB/8', 'price': 'R$ 199,99', 'link': 'https://www.kabum.com.br/produto/172365/memoria-ram-kingston-fury-beast-8gb-3200mhz-ddr4-cl16-preto-kf432c16bb-8', 'url_image': 'https://www.kabum.com.br//_next/image?url=https%3A%2F%2Fimages.kabum.com.br%2Fprodutos%2Ffotos%2F172365%2Fmemoria-kingston-fury-beast-8gb-3200mhz-ddr4-cl16-preto-kf432c16bb-8_1626270523_m.jpg&w=384&q=75'}
salvando_historico
update gpu on aws -> {'adm': 'kabum', 'name': 'SSD SATA Kingston, A400, 480GB, 2.5", Leitura: 500MB/s e Gravação: 450MB/s, Preto - SA400S37/480G', 'price': 'R$ 279,99', 'link': 'https://www.kabum.com.br/produto/85198/ssd-sata-kingston-a400-480gb-2-5-leitura-500mb-s-e-gravacao-450mb-s-preto-sa400s37-480g', 'url_image': 'https://www.kabum.com.br//_next/image?url=https%3A%2F%2Fimages.kabum.com.br%2Fprodutos%2Ffotos%2F85198%2F85198_1484306114_m.jpg&w=384&q=75'}
salvando_historico
Iterando página
update gpu on aws -> {'adm': 'kabum', 'name': 'Processador AMD Ryzen 5 5500, 3.6GHz, Cache 16MB, Hexa Core, 12 Threads, AM4 - 100-100000457BOX', 'price': 'R$ 659,88', 'link': 'https://www.kabum.com.br/produto/356695/processador-amd-ryzen-5-5500-3-6ghz-cache-16mb-hexa-core-12-threads-am4-100-100000457box', 'url_image': 'https://www.kabum.com.br//_next/image?url=https%3A%2F%2Fimages.kabum.com.br%2Fprodutos%2Ffotos%2Fsync_mirakl%2F356695%2FProcessador-AMD-Ryzen-5-5500-3-6GHz-Cache-16MB-Hexa-Core-12-Threads-AM4-100-100000457BOX_1726517640_m.jpg&w=384&q=75'}
salvando_historico
Iterando página
update gpu on aws -> {'adm': 'kabum', 'name': 'SSD 480 GB WD Green, M.2, Leitura: 545MB/s - WDS480G3G0B', 'price': 'R$ 289,99', 'link': 'https://www.kabum.com.br/produto/338410/ssd-480-gb-wd-green-m-2-leitura-545mb-s-wds480g3g0b', 'url_image': 'https://www.kabum.com.br//_next/image?url=https%3A%2F%2Fimages.kabum.com.br%2Fprodutos%2Ffotos%2F338410%2Fssd-wd-green-480gb-m-2-leitura-545mb-s-wds480g3g0b_1652465880_m.jpg&w=384&q=75'}
salvando_historico
update gpu on aws -> {'adm': 'kabum', 'name': 'Placa Mãe Asus TUF Gaming B650M-Plus, AMD AM5 B650, mATX, DDR5 - 90MB1BG0-M0EAY0', 'price': 'R$ 1.699,99', 'link': 'https://www.kabum.com.br/produto/392052/placa-mae-asus-tuf-gaming-b650m-plus-amd-am5-b650-matx-ddr5-90mb1bg0-m0eay0', 'url_image': 'https://www.kabum.com.br//_next/image?url=https%3A%2F%2Fimages.kabum.com.br%2Fprodutos%2Ffotos%2F392052%2Fplaca-mae-asus-tuf-gaming-b650m-plus-amd-am5-b650-matx-ddr5-90mb1bg0-m0eay0_1667218379_m.jpg&w=384&q=75'}
salvando_historico
update gpu on aws -> {'adm': 'kabum', 'name': 'Processador AMD Ryzen 5 4600G Box, 1900MHz, Cache 3MB, Hexa Core, 12 Threads - 100-100000147', 'price': 'R$ 719,01', 'link': 'https://www.kabum.com.br/produto/357990/processador-amd-ryzen-5-4600g-box-1900mhz-cache-3mb-hexa-core-12-threads-100-100000147', 'url_image': 'https://www.kabum.com.br//_next/image?url=https%3A%2F%2Fimages.kabum.com.br%2Fprodutos%2Ffotos%2Fsync_mirakl%2F357990%2FProcessador-AMD-Ryzen-5-4600G-Box-1900MHz-Cache-3MB-Hexa-Core-12-Threads-100-100000147_1723141552_m.jpg&w=384&q=75'}
salvando_historico
Iterando página
Iterando página
update gpu on aws -> {'adm': 'kabum', 'name': 'Processador AMD Ryzen 7 7700X, 5.4GHz Max Turbo, Cache 40MB, AM5, 8 Núcleos, Vídeo Integrado - 100-100000591WOF', 'price': 'R$ 2.299,99', 'link': 'https://www.kabum.com.br/produto/378413/processador-amd-ryzen-7-7700x-5-4ghz-max-turbo-cache-40mb-am5-8-nucleos-video-integrado-100-100000591wof', 'url_image': 'https://www.kabum.com.br//_next/image?url=https%3A%2F%2Fimages.kabum.com.br%2Fprodutos%2Ffotos%2F378413%2Fprocessador-amd-ryzen-7-7700x-5-4ghz-max-turbo-cache-40mb-am5-8-nucleos-video-integrado-100-100000591wof_1662136328_m.jpg&w=384&q=75'}
salvando_historico
enviando mensagem pro telegram - Atualização de produto
get ultimo produt
Iterando página
Iterando página
update gpu on aws -> {'adm': 'kabum', 'name': 'Placa Mãe Asus PRIME A620M-E, AMD AM5, A620, mATX, DDR5 - 90MB1F50-M0EAY0', 'price': 'R$ 809,99', 'link': 'https://www.kabum.com.br/produto/521066/placa-mae-asus-prime-a620m-e-amd-am5-a620-matx-ddr5-90mb1f50-m0eay0', 'url_image': 'https://www.kabum.com.br//_next/image?url=https%3A%2F%2Fimages.kabum.com.br%2Fprodutos%2Ffotos%2F521066%2Fplaca-mae-asus-prime-a620m-e-amd-am5-a620-matx-ddr5-90mb1f50-m0eay0_1720800197_m.jpg&w=384&q=75'}
salvando_historico
Iterando página
update gpu on aws -> {'adm': 'kabum', 'name': 'Memória RAM Kingston Fury Beast, 32GB (2x16GB), 6000MHz, DDR5, CL40, para Intel XMP, Preto - KF560C40BBK2-32', 'price': 'R$ 999,99', 'link': 'https://www.kabum.com.br/produto/285970/memoria-ram-kingston-fury-beast-32gb-2x16gb-6000mhz-ddr5-cl40-para-intel-xmp-preto-kf560c40bbk2-32', 'url_image': 'https://www.kabum.com.br//_next/image?url=https%3A%2F%2Fimages.kabum.com.br%2Fprodutos%2Ffotos%2F285970%2Fmemoria-kingston-fury-beast-32gb-2x16gb-6000mhz-ddr5-cl40-preto-kf560c40bbk2-32_1639579498_m.jpg&w=384&q=75'}
salvando_historico
update gpu on aws -> {'adm': 'kabum', 'name': 'HD Externo Seagate Expansion, 8TB, USB 3.0 - STKP8000400', 'price': 'R$ 1.313,54', 'link': 'https://www.kabum.com.br/produto/328332/hd-externo-seagate-expansion-8tb-usb-3-0-stkp8000400', 'url_image': 'https://www.kabum.com.br//_next/image?url=https%3A%2F%2Fimages.kabum.com.br%2Fprodutos%2Ffotos%2Fsync_mirakl%2F328332%2FHD-Externo-Seagate-Expansion-8TB-USB-3-0-STKP8000400_1724265128_m.jpg&w=384&q=75'}
salvando_historico
update gpu on aws -> {'adm': 'kabum', 'name': 'Placa de Vídeo RTX 4070 TI Super EX Gamer TecLab Lite Click OC Galax NVIDIA GeForce, 16GB GDDR6X, DLSS3, G-Sync - 47UZM6MD7JDL', 'price': 'R$ 5.749,99', 'link': 'https://www.kabum.com.br/produto/576798/placa-de-video-rtx-4070-ti-super-ex-gamer-teclab-lite-click-oc-galax-nvidia-geforce-16gb-gddr6x-dlss3-g-sync-47uzm6md7jdl', 'url_image': 'https://www.kabum.com.br//_next/image?url=https%3A%2F%2Fimages.kabum.com.br%2Fprodutos%2Ffotos%2F576798%2Fplaca-de-video-rtx-4070-ti-super-ex-gamer-teclab-lite-click-oc-galax-nvidia-geforce-16gb-gddr6x-dlss3-g-sync-47uzm6md7jdl_1721914492_m.jpg&w=384&q=75'}
salvando_historico
Iterando página
update gpu on aws -> {'adm': 'kabum', 'name': 'SSD, 128GB, Patriot, P300, M.2, 2280, NVME PCIE, GEN3 X4, P300P128GM28', 'price': 'R$ 99,99', 'link': 'https://www.kabum.com.br/produto/222288/ssd-128gb-patriot-p300-m-2-2280-nvme-pcie-gen3-x4-p300p128gm28', 'url_image': 'https://www.kabum.com.br//_next/image?url=https%3A%2F%2Fimages.kabum.com.br%2Fprodutos%2Ffotos%2Fsync_mirakl%2F222288%2FSSD-128GB-Patriot-P300-M-2-2280-NVME-PCIE-GEN3-X4-P300P128GM28_1726398419_m.jpg&w=384&q=75'}
salvando_historico
update gpu on aws -> {'adm': 'kabum', 'name': 'SSD Kingston DC600M Para Servidor, 1.92TB, SATA III 6GB/s, 2.5", Leitura: 560mb/s e Gravação: 530mb/s - Sedc600m/1920g', 'price': 'R$ 1.835,90', 'link': 'https://www.kabum.com.br/produto/472939/ssd-kingston-dc600m-para-servidor-1-92tb-sata-iii-6gb-s-2-5-leitura-560mb-s-e-gravacao-530mb-s-sedc600m-1920g', 'url_image': 'https://www.kabum.com.br//_next/image?url=https%3A%2F%2Fimages.kabum.com.br%2Fprodutos%2Ffotos%2Fsync_mirakl%2F472939%2FSSD-Kingston-DC600M-Para-Servidor-1-92TB-SATA-III-6GB-s-2-5-Leitura-560mb-s-e-Grava-o-530mb-s-Sedc600m-1920g_1726575611_m.jpg&w=384&q=75'}
salvando_historico
enviando mensagem pro telegram - Atualização de produto
get ultimo produt
Iterando página
Iterando página
update gpu on aws -> {'adm': 'kabum', 'name': 'HD Externo Seagate Desktop Expansion, 16TB, 7200 RPM, USB 3.0 - STKP16000400', 'price': 'R$ 2.318,90', 'link': 'https://www.kabum.com.br/produto/381333/hd-externo-seagate-desktop-expansion-16tb-7200-rpm-usb-3-0-stkp16000400', 'url_image': 'https://www.kabum.com.br//_next/image?url=https%3A%2F%2Fimages.kabum.com.br%2Fprodutos%2Ffotos%2Fsync_mirakl%2F381333%2FHD-Externo-Seagate-Desktop-Expansion-16TB-7200-RPM-USB-3-0-STKP16000400_1723747521_m.jpg&w=384&q=75'}
salvando_historico
enviando mensagem pro telegram - Atualização de produto
get ultimo produt
update gpu on aws -> {'adm': 'kabum', 'name': 'Memória Kingston, 8GB, 2666MHz, DDR4, CL19 - KVR26N19S8/8', 'price': 'R$ 153,00', 'link': 'https://www.kabum.com.br/produto/175110/memoria-kingston-8gb-2666mhz-ddr4-cl19-kvr26n19s8-8', 'url_image': 'https://www.kabum.com.br//_next/image?url=https%3A%2F%2Fimages.kabum.com.br%2Fprodutos%2Ffotos%2Fsync_mirakl%2F175110%2FMem-ria-Kingston-8GB-2666MHz-DDR4-CL19-KVR26N19S8-8_1718752644_m.jpg&w=384&q=75'}
salvando_historico
update gpu on aws -> {'adm': 'kabum', 'name': 'Fonte Power X, ATX , 230W Real, Com Cabo, Com Caixa - PX230', 'price': 'R$ 83,02', 'link': 'https://www.kabum.com.br/produto/210971/fonte-power-x-atx-230w-real-com-cabo-com-caixa-px230', 'url_image': 'https://www.kabum.com.br//_next/image?url=https%3A%2F%2Fimages.kabum.com.br%2Fprodutos%2Ffotos%2Fsync_mirakl%2F210971%2FFonte-Power-X-ATX-230W-Real-Com-Cabo-Com-Caixa-PX230_1709326089_m.jpg&w=384&q=75'}
salvando_historico
Iterando página
update gpu on aws -> {'adm': 'kabum', 'name': 'HD Externo Seagate 10TB Expansion, USB 3.0, Com Fonte - STKP10000400', 'price': 'R$ 1.766,90', 'link': 'https://www.kabum.com.br/produto/340262/hd-externo-seagate-10tb-expansion-usb-3-0-com-fonte-stkp10000400', 'url_image': 'https://www.kabum.com.br//_next/image?url=https%3A%2F%2Fimages.kabum.com.br%2Fprodutos%2Ffotos%2Fsync_mirakl%2F340262%2FHD-Externo-Seagate-10TB-Expansion-USB-3-0-Com-Fonte-STKP10000400_1726575421_m.jpg&w=384&q=75'}
salvando_historico
enviando mensagem pro telegram - Atualização de produto
get ultimo produt
Iterando página
update gpu on aws -> {'adm': 'kabum', 'name': 'Water Cooler Corsair iCUE H115i Elite Capellix XT, RGB, 280mm, AMD/Intel, Preto - CW-9060069-WW', 'price': 'R$ 929,99', 'link': 'https://www.kabum.com.br/produto/472706/water-cooler-corsair-icue-h115i-elite-capellix-xt-rgb-280mm-amd-intel-preto-cw-9060069-ww', 'url_image': 'https://www.kabum.com.br//_next/image?url=https%3A%2F%2Fimages.kabum.com.br%2Fprodutos%2Ffotos%2F472706%2Fwater-cooler-corsair-icue-h115i-elite-capellix-xt-rgb-140mm-intel-e-amd-preto-cw-9060069-ww_1697638845_m.jpg&w=384&q=75'}
salvando_historico
enviando mensagem pro telegram - Atualização de produto
get ultimo produt
update gpu on aws -> {'adm': 'kabum', 'name': 'Processador Intel Core i5-13600K, 13ª Geração, 5.1GHz Max Turbo, Cache 24MB, 14 Núcleos, LGA 1700, Vídeo Integrado - BX8071513600K', 'price': 'R$ 1.799,99', 'link': 'https://www.kabum.com.br/produto/386975/processador-intel-core-i5-13600k-13-geracao-5-1ghz-max-turbo-cache-24mb-14-nucleos-lga-1700-video-integrado-bx8071513600k', 'url_image': 'https://www.kabum.com.br//_next/image?url=https%3A%2F%2Fimages.kabum.com.br%2Fprodutos%2Ffotos%2F386975%2Fprocessador-intel-core-i5-13600k-5-1ghz-max-turbo-cache-24mb-14-nucleos-20-threads-lga-1700-video-integrado-bx8071513600k_1664289036_m.jpg&w=384&q=75'}
salvando_historico
enviando mensagem pro telegram - Atualização de produto
get ultimo produt
Iterando página
update gpu on aws -> {'adm': 'kabum', 'name': 'HD Externo Seagate Expansion, 4TB, USB 3.0 - STKM4000400', 'price': 'R$ 1.025,90', 'link': 'https://www.kabum.com.br/produto/303486/hd-externo-seagate-expansion-4tb-usb-3-0-stkm4000400', 'url_image': 'https://www.kabum.com.br//_next/image?url=https%3A%2F%2Fimages.kabum.com.br%2Fprodutos%2Ffotos%2Fsync_mirakl%2F303486%2FHD-Externo-Seagate-Expansion-4TB-USB-3-0-STKM4000400_1724328648_m.jpg&w=384&q=75'}
salvando_historico
Iterando página
Iterando página
update gpu on aws -> {'adm': 'kabum', 'name': 'SSD Sata 3 Kingston Dc600m 7680GB, Leitura até 560mb/s, 2.5", Data Center - Sedc600m/7680g', 'price': 'R$ 7.963,38', 'link': 'https://www.kabum.com.br/produto/474485/ssd-sata-3-kingston-dc600m-7680gb-leitura-ate-560mb-s-2-5-data-center-sedc600m-7680g', 'url_image': 'https://www.kabum.com.br//_next/image?url=https%3A%2F%2Fimages.kabum.com.br%2Fprodutos%2Ffotos%2Fsync_mirakl%2F474485%2FSSD-Sata-3-Kingston-Dc600m-7680GB-Leitura-at-560mb-s-2-5-Data-Center-Sedc600m-7680g_1726007733_m.jpg&w=384&q=75'}
salvando_historico
update gpu on aws -> {'adm': 'kabum', 'name': 'Placa Mae Asus ProArt X670E-Creator Wi-Fi, AMD X670, AM5, DDR5 - 90MB1B90-M0EAY0', 'price': 'R$ 4.604,99', 'link': 'https://www.kabum.com.br/produto/376232/placa-mae-asus-proart-x670e-creator-wi-fi-amd-x670-am5-ddr5-90mb1b90-m0eay0', 'url_image': 'https://www.kabum.com.br//_next/image?url=https%3A%2F%2Fimages.kabum.com.br%2Fprodutos%2Ffotos%2F376232%2Fplaca-mae-asus-proart-x670e-creator-wifi-amd-x670-am5-ddr5-90mb1b90-m0eay0_1668443223_m.jpg&w=384&q=75'}
salvando_historico
update gpu on aws -> {'adm': 'kabum', 'name': 'Memória ADATA Premier, 16GB, 3200MHz, DDR4 - AD4S320016G22 SGN 5271', 'price': 'R$ 299,90', 'link': 'https://www.kabum.com.br/produto/323739/memoria-adata-premier-16gb-3200mhz-ddr4-ad4s320016g22-sgn-5271', 'url_image': 'https://www.kabum.com.br//_next/image?url=https%3A%2F%2Fimages.kabum.com.br%2Fprodutos%2Ffotos%2Fsync_mirakl%2F323739%2FMem-ria-ADATA-Premier-16GB-3200MHz-DDR4-AD4S320016G22-SGN-5271_1724172293_m.jpg&w=384&q=75'}
salvando_historico
Iterando página
Iterando página
update gpu on aws -> {'adm': 'kabum', 'name': 'Fonte BRX 750W Rainbow RGB, ATX, 80 Plus Bronze, PFC Ativo', 'price': 'R$ 220,89', 'link': 'https://www.kabum.com.br/produto/232020/fonte-brx-750w-rainbow-rgb-atx-80-plus-bronze-pfc-ativo', 'url_image': 'https://www.kabum.com.br//_next/image?url=https%3A%2F%2Fimages.kabum.com.br%2Fprodutos%2Ffotos%2Fsync_mirakl%2F232020%2FFonte-BRX-750W-Rainbow-RGB-ATX-80-Plus-Bronze-PFC-Ativo_1726515622_m.jpg&w=384&q=75'}
salvando_historico
enviando mensagem pro telegram - Atualização de produto
get ultimo produt
Iterando página
update gpu on aws -> {'adm': 'kabum', 'name': 'Hd Wd Purple Surveillance 8tb, 3.5 Polegadas, 5640rpm, 256mb, Sata - Wd85purz', 'price': 'R$ 1.587,90', 'link': 'https://www.kabum.com.br/produto/533736/hd-wd-purple-surveillance-8tb-3-5-polegadas-5640rpm-256mb-sata-wd85purz', 'url_image': 'https://www.kabum.com.br//_next/image?url=https%3A%2F%2Fimages.kabum.com.br%2Fprodutos%2Ffotos%2Fsync_mirakl%2F533736%2FHd-Wd-Purple-Surveillance-8tb-3-5-Polegadas-5640rpm-256mb-Sata-Wd85purz_1725472513_m.jpg&w=384&q=75'}
salvando_historico
enviando mensagem pro telegram - Atualização de produto
get ultimo produt
Iterando página
Iterando página
Iterando página
Iterando página
Iterando página
Iterando página
update gpu on aws -> {'adm': 'kabum', 'name': 'Cooler Para Processador Scythe Fuma 3, Preto - Scfm-3000', 'price': 'R$ 368,24', 'link': 'https://www.kabum.com.br/produto/508248/cooler-para-processador-scythe-fuma-3-preto-scfm-3000', 'url_image': 'https://www.kabum.com.br//_next/image?url=https%3A%2F%2Fimages.kabum.com.br%2Fprodutos%2Ffotos%2Fsync_mirakl%2F508248%2FCooler-Para-Processador-Scythe-Fuma-3-Preto-Scfm-3000_1725293977_m.jpg&w=384&q=75'}
salvando_historico
Iterando página
update gpu on aws -> {'adm': 'kabum', 'name': 'Cooler FAN GV, 80x80mm, 25mm, 3-pinos, 12V, Col.008', 'price': 'R$ 7,85', 'link': 'https://www.kabum.com.br/produto/285607/cooler-fan-gv-80x80mm-25mm-3-pinos-12v-col-008', 'url_image': 'https://www.kabum.com.br//_next/image?url=https%3A%2F%2Fimages.kabum.com.br%2Fprodutos%2Ffotos%2Fsync_mirakl%2F285607%2FCooler-FAN-GV-80x80mm-25mm-3-pinos-12V-Col-008_1719955623_m.jpg&w=384&q=75'}
salvando_historico
Iterando página
update gpu on aws -> {'adm': 'kabum', 'name': 'Processador Amd Ryzen 7 5700, 4.6GHZ, AM4, Cache 20MB, Wraith Stealth, Sem Vídeo - 100-100000743box', 'price': 'R$ 1.191,81', 'link': 'https://www.kabum.com.br/produto/523516/processador-amd-ryzen-7-5700-4-6ghz-am4-cache-20mb-wraith-stealth-sem-video-100-100000743box', 'url_image': 'https://www.kabum.com.br//_next/image?url=https%3A%2F%2Fimages.kabum.com.br%2Fprodutos%2Ffotos%2Fsync_mirakl%2F523516%2FProcessador-Amd-Ryzen-7-5700-4-6GHZ-AM4-Cache-20MB-Wraith-Stealth-Sem-V-deo-100-100000743box_1717420099_m.jpg&w=384&q=75'}
salvando_historico
update gpu on aws -> {'adm': 'kabum', 'name': 'Cooler Para Processador Scythe Kotetsu Mark II, Intel e AMD, LGA 1200/1150/1151/1155/1156 - SCKTT-2000', 'price': 'R$ 240,74', 'link': 'https://www.kabum.com.br/produto/266093/cooler-para-processador-scythe-kotetsu-mark-ii-intel-e-amd-lga-1200-1150-1151-1155-1156-scktt-2000', 'url_image': 'https://www.kabum.com.br//_next/image?url=https%3A%2F%2Fimages.kabum.com.br%2Fprodutos%2Ffotos%2Fsync_mirakl%2F266093%2FCooler-Para-Processador-Scythe-Kotetsu-Mark-II-Intel-e-AMD-LGA-1200-1150-1151-1155-1156-SCKTT-2000_1722693134_m.jpg&w=384&q=75'}
salvando_historico
Iterando página
update gpu on aws -> {'adm': 'kabum', 'name': 'HD Seagate Ironwolf Pro NAS, 18TB, 256MB, 7200 RPM, Sata6 - ST18000NT001', 'price': 'R$ 3.049,90', 'link': 'https://www.kabum.com.br/produto/462054/hd-seagate-ironwolf-pro-nas-18tb-256mb-7200-rpm-sata6-st18000nt001', 'url_image': 'https://www.kabum.com.br//_next/image?url=https%3A%2F%2Fimages.kabum.com.br%2Fprodutos%2Ffotos%2Fsync_mirakl%2F462054%2FHD-Seagate-Ironwolf-Pro-NAS-18TB-256MB-7200-RPM-Sata6-ST18000NT001_1726168096_m.jpg&w=384&q=75'}
salvando_historico
enviando mensagem pro telegram - Atualização de produto
get ultimo produt
Iterando página
update gpu on aws -> {'adm': 'kabum', 'name': 'Processador Intel I3-12100F, 3.3GHz, Cache 12MB, Quad Core, 8 Threads, LGA 1700 - BX8071512100F', 'price': 'R$ 581,94', 'link': 'https://www.kabum.com.br/produto/327442/processador-intel-i3-12100f-3-3ghz-cache-12mb-quad-core-8-threads-lga-1700-bx8071512100f', 'url_image': 'https://www.kabum.com.br//_next/image?url=https%3A%2F%2Fimages.kabum.com.br%2Fprodutos%2Ffotos%2Fsync_mirakl%2F327442%2FProcessador-Intel-I3-12100F-3-3GHz-Cache-12MB-Quad-Core-8-Threads-LGA-1700-BX8071512100F_1723828906_m.jpg&w=384&q=75'}
salvando_historico
Iterando página
update gpu on aws -> {'adm': 'kabum', 'name': 'Processador Amd Ryzen 7 8700g, 4.2GHZ (5.1GHZ MAX), Cache 24MB, AM5, Sem Cooler - 100-100001236box', 'price': 'R$ 2.035,71', 'link': 'https://www.kabum.com.br/produto/523517/processador-amd-ryzen-7-8700g-4-2ghz-5-1ghz-max-cache-24mb-am5-sem-cooler-100-100001236box', 'url_image': 'https://www.kabum.com.br//_next/image?url=https%3A%2F%2Fimages.kabum.com.br%2Fprodutos%2Ffotos%2Fsync_mirakl%2F523517%2FProcessador-Amd-Ryzen-7-8700g-4-2GHZ-5-1GHZ-MAX-Cache-24MB-AM5-Sem-Cooler-100-100001236box_1721397680_m.jpg&w=384&q=75'}
salvando_historico
Iterando página
Iterando página
Iterando página
Iterando página
Iterando página
Iterando página
Iterando página
Iterando página
Iterando página
update gpu on aws -> {'adm': 'kabum', 'name': 'SSD Redragon 1tb, M2 Pcle 3.0, Ember', 'price': 'R$ 611,00', 'link': 'https://www.kabum.com.br/produto/519081/ssd-redragon-1tb-m2-pcle-3-0-ember', 'url_image': 'https://www.kabum.com.br//_next/image?url=https%3A%2F%2Fimages.kabum.com.br%2Fprodutos%2Ffotos%2Fsync_mirakl%2F519081%2FSSD-Redragon-1tb-M2-Pcle-3-0-Ember_1724166864_m.jpg&w=384&q=75'}
salvando_historico
Iterando página
Iterando página
Iterando página
update gpu on aws -> {'adm': 'kabum', 'name': 'HD Western Digital 1TB, SATA 3, Intellipower, Para PC - WD10EURX', 'price': 'R$ 412,61', 'link': 'https://www.kabum.com.br/produto/174798/hd-western-digital-1tb-sata-3-intellipower-para-pc-wd10eurx', 'url_image': 'https://www.kabum.com.br//_next/image?url=https%3A%2F%2Fimages.kabum.com.br%2Fprodutos%2Ffotos%2Fsync_mirakl%2F174798%2FHD-Western-Digital-1TB-SATA-3-Intellipower-Para-PC-WD10EURX_1715975833_m.jpg&w=384&q=75'}
salvando_historico
enviando mensagem pro telegram - Atualização de produto
get ultimo produt
Iterando página
Iterando página
Iterando página
update gpu on aws -> {'adm': 'kabum', 'name': 'Water Cooler DeepCool LS320, ARGB, 120mm', 'price': 'R$ 577,67', 'link': 'https://www.kabum.com.br/produto/377398/water-cooler-deepcool-ls320-argb-120mm', 'url_image': 'https://www.kabum.com.br//_next/image?url=https%3A%2F%2Fimages.kabum.com.br%2Fprodutos%2Ffotos%2Fsync_mirakl%2F377398%2FWater-Cooler-DeepCool-LS320-ARGB-120mm_1719949672_m.jpg&w=384&q=75'}
salvando_historico
enviando mensagem pro telegram - Atualização de produto
get ultimo produt
update gpu on aws -> {'adm': 'kabum', 'name': 'Placa de Vídeo Quadro RTX A4500 PNY NVIDIA, 20GB GDDR6, Ray Tracing - VCNRTXA4500-PB', 'price': 'R$ 10.299,99', 'link': 'https://www.kabum.com.br/produto/304859/placa-de-video-quadro-rtx-a4500-pny-nvidia-20gb-gddr6-ray-tracing-vcnrtxa4500-pb', 'url_image': 'https://www.kabum.com.br//_next/image?url=https%3A%2F%2Fimages.kabum.com.br%2Fprodutos%2Ffotos%2F304859%2Fplaca-de-video-pny-nvidia-geforce-rtx-a4500-20gb-gddr6-ray-tracing-vcnrtxa4500-pb_1643038026_m.jpg&w=384&q=75'}
salvando_historico
enviando mensagem pro telegram - Atualização de produto
get ultimo produt
Iterando página
Iterando página
Iterando página
update gpu on aws -> {'adm': 'kabum', 'name': 'Placa de Vídeo Asrock Radeon RX 7600 XT Steel Legend, 16GB OC GDDR6, 128-bits, 3x DP, 1x HDMI - 90-GA4ZZZ-00UANF', 'price': 'R$ 2.930,50', 'link': 'https://www.kabum.com.br/produto/581061/placa-de-video-asrock-radeon-rx-7600-xt-steel-legend-16gb-oc-gddr6-128-bits-3x-dp-1x-hdmi-90-ga4zzz-00uanf', 'url_image': 'https://www.kabum.com.br//_next/image?url=https%3A%2F%2Fimages.kabum.com.br%2Fprodutos%2Ffotos%2Fsync_mirakl%2F581061%2FPlaca-de-V-deo-Asrock-Radeon-RX-7600-XT-Steel-Legend-16GB-OC-GDDR6-128-bits-3x-DP-1x-HDMI-90-GA4ZZZ-00UANF_1719954693_m.jpg&w=384&q=75'}
salvando_historico
enviando mensagem pro telegram - Atualização de produto
get ultimo produt
update gpu on aws -> {'adm': 'kabum', 'name': 'Cooler Para Processador Scythe Mugen 5 Black - Scmg-5200be', 'price': 'R$ 551,56', 'link': 'https://www.kabum.com.br/produto/565348/cooler-para-processador-scythe-mugen-5-black-scmg-5200be', 'url_image': 'https://www.kabum.com.br//_next/image?url=https%3A%2F%2Fimages.kabum.com.br%2Fprodutos%2Ffotos%2Fsync_mirakl%2F565348%2FCooler-Para-Processador-Scythe-Mugen-5-Black-Scmg-5200be_1713794563_m.jpg&w=384&q=75'}
salvando_historico
Iterando página
Iterando página
update gpu on aws -> {'adm': 'kabum', 'name': 'SSD 512GB, Redragon, M.2 2280 Nvme Pcie 3.0', 'price': 'R$ 333,22', 'link': 'https://www.kabum.com.br/produto/519082/ssd-512gb-redragon-m-2-2280-nvme-pcie-3-0', 'url_image': 'https://www.kabum.com.br//_next/image?url=https%3A%2F%2Fimages.kabum.com.br%2Fprodutos%2Ffotos%2Fsync_mirakl%2F519082%2FSSD-512GB-Redragon-M-2-2280-Nvme-Pcie-3-0_1719254781_m.jpg&w=384&q=75'}
salvando_historico
update gpu on aws -> {'adm': 'kabum', 'name': 'SSD, Interno, M.2, Crucial, CT2000P5PSSD8, 2TB, NVMe, PCIe Gen 4 x4, Leitura: 6,600 MB/s, Gravação: 4,000 MB/s', 'price': 'R$ 1.109,20', 'link': 'https://www.kabum.com.br/produto/444861/ssd-interno-m-2-crucial-ct2000p5pssd8-2tb-nvme-pcie-gen-4-x4-leitura-6-600-mb-s-gravacao-4-000-mb-s', 'url_image': 'https://www.kabum.com.br//_next/image?url=https%3A%2F%2Fimages.kabum.com.br%2Fprodutos%2Ffotos%2Fsync_mirakl%2F444861%2FSSD-Interno-M-2-Crucial-CT2000P5PSSD8-2TB-NVMe-PCIe-Gen-4-x4-Leitura-6-600-MB-s-Grava-o-4-000-MB-s_1725291706_m.jpg&w=384&q=75'}
salvando_historico
Iterando página
update gpu on aws -> {'adm': 'kabum', 'name': 'HD Interno Western Digital 1TB Purple, 3.5, Roxo - WD10PURX', 'price': 'R$ 485,38', 'link': 'https://www.kabum.com.br/produto/313957/hd-interno-western-digital-1tb-purple-3-5-roxo-wd10purx', 'url_image': 'https://www.kabum.com.br//_next/image?url=https%3A%2F%2Fimages.kabum.com.br%2Fprodutos%2Ffotos%2Fsync_mirakl%2F313957%2FHD-Interno-Western-Digital-1TB-Purple-3-5-Roxo-WD10PURX_1718981449_m.jpg&w=384&q=75'}
salvando_historico
Iterando página
Iterando página
update gpu on aws -> {'adm': 'kabum', 'name': 'Placa de Video RTX 4070 Ti Super GamingPro WHITE OC Palit NVIDIA GeForce, 16GB GDDR6X, DLSS, Ray Trancing, G-Sync - NED47TST19T2-1043W', 'price': 'R$ 5.999,99', 'link': 'https://www.kabum.com.br/produto/520739/placa-de-video-rtx-4070-ti-super-gamingpro-white-oc-palit-nvidia-geforce-16gb-gddr6x-dlss-ray-trancing-g-sync-ned47tst19t2-1043w', 'url_image': 'https://www.kabum.com.br//_next/image?url=https%3A%2F%2Fimages.kabum.com.br%2Fprodutos%2Ffotos%2F520739%2Fplaca-de-video-rtx-4070-ti-super-gamingpro-white-oc-palit-nvidia-geforce-16gb-gddr6x-dlss-ray-trancing-g-sync-ned47tst19t2-1043w_1711376354_m.jpg&w=384&q=75'}
salvando_historico
enviando mensagem pro telegram - Atualização de produto
get ultimo produt
Iterando página
Iterando página
Iterando página
update gpu on aws -> {'adm': 'kabum', 'name': 'Water Cooler Corsair iCUE LINK H115i RGB, 280mm, AMD/Intel, Preto - CW-9061002-WW', 'price': 'R$ 989,99', 'link': 'https://www.kabum.com.br/produto/496669/water-cooler-corsair-icue-link-h115i-rgb-280mm-amd-intel-preto-cw-9061002-ww', 'url_image': 'https://www.kabum.com.br//_next/image?url=https%3A%2F%2Fimages.kabum.com.br%2Fprodutos%2Ffotos%2F496669%2Fwater-cooler-corsair-icue-link-h115i-rgb-ventoinhas-qx140-rgb-radiador-de-280mm-cw-9061002-ww_1706638870_m.jpg&w=384&q=75'}
salvando_historico
enviando mensagem pro telegram - Atualização de produto
get ultimo produt
Iterando página
Iterando página
Iterando página
Iterando página
Iterando página
Iterando página
Iterando página
Iterando página
Iterando página
Iterando página
Iterando página
update gpu on aws -> {'adm': 'kabum', 'name': 'Cooler Para Processador Scythe Mugen 6, 120mm, Intel-amd, Preto - Preto - Unissex - Único', 'price': 'R$ 321,02', 'link': 'https://www.kabum.com.br/produto/609301/cooler-para-processador-scythe-mugen-6-120mm-intel-amd-preto-preto-unissex-unico', 'url_image': 'https://www.kabum.com.br//_next/image?url=https%3A%2F%2Fimages.kabum.com.br%2Fprodutos%2Ffotos%2Fsync_mirakl%2F609301%2FCooler-Para-Processador-Scythe-Mugen-6-120mm-Intel-amd-Preto-Preto-Unissex-nico_1725372291_m.jpg&w=384&q=75'}
salvando_historico
update gpu on aws -> {'adm': 'kabum', 'name': 'Placa De Vídeo Manli Nvidia Geforce RTX 4060 Ti, 8GB, Gddr6, Dlss, Ray Tracing - Preto - Unissex - Único', 'price': 'R$ 2.833,24', 'link': 'https://www.kabum.com.br/produto/573330/placa-de-video-manli-nvidia-geforce-rtx-4060-ti-8gb-gddr6-dlss-ray-tracing-preto-unissex-unico', 'url_image': 'https://www.kabum.com.br//_next/image?url=https%3A%2F%2Fimages.kabum.com.br%2Fprodutos%2Ffotos%2Fsync_mirakl%2F573330%2FPlaca-De-V-deo-Manli-Nvidia-Geforce-RTX-4060-Ti-8GB-Gddr6-Dlss-Ray-Tracing-Preto-Unissex-nico_1724952766_m.jpg&w=384&q=75'}
salvando_historico
enviando mensagem pro telegram - Atualização de produto
get ultimo produt
Iterando página
Iterando página
Iterando página
Iterando página
Iterando página
Iterando página
Iterando página
Iterando página
Iterando página
Iterando página
Iterando página
Iterando página
Iterando página
Iterando página
Iterando página
Iterando página
Iterando página
Iterando página
Iterando página
Iterando página
Iterando página
update gpu on aws -> {'adm': 'kabum', 'name': 'Cooler Para Processador AEROCOOL Cylon 4F, ARGB, Intel e AMD', 'price': 'R$ 217,12', 'link': 'https://www.kabum.com.br/produto/280595/cooler-para-processador-aerocool-cylon-4f-argb-intel-e-amd', 'url_image': 'https://www.kabum.com.br//_next/image?url=https%3A%2F%2Fimages.kabum.com.br%2Fprodutos%2Ffotos%2Fsync_mirakl%2F280595%2FCooler-Para-Processador-AEROCOOL-Cylon-4F-ARGB-Intel-e-AMD_1724911376_m.jpg&w=384&q=75'}
salvando_historico
Iterando página
Iterando página
Iterando página
Iterando página
Iterando página
Iterando página
Iterando página
Erro na paginação: Message: element not interactable
  (Session info: chrome=128.0.6613.119)
Stacktrace:
#0 0x564f6264f2da <unknown>
#1 0x564f6231d041 <unknown>
#2 0x564f6236dd3f <unknown>
#3 0x564f623618c6 <unknown>
#4 0x564f623918d2 <unknown>
#5 0x564f62361279 <unknown>
#6 0x564f62391a9e <unknown>
#7 0x564f623afdfd <unknown>
#8 0x564f62391673 <unknown>
#9 0x564f6235f473 <unknown>
#10 0x564f6236047e <unknown>
#11 0x564f626160db <unknown>
#12 0x564f6261a071 <unknown>
#13 0x564f626029d5 <unknown>
#14 0x564f6261abf2 <unknown>
#15 0x564f625e7b6f <unknown>
#16 0x564f6263e248 <unknown>
#17 0x564f6263e417 <unknown>
#18 0x564f6264e0cc <unknown>
#19 0x7f9aa9f15ac3 <unknown>

Finalizando o scraping...
-----> FIM DA ITERAÇÃO WHILE <--------


-----> NOVA ITERAÇÃO WHILE <--------
Iniciando Scraping, URL = https://www.kabum.com.br/hardware?page_number=1&page_size=100&facet_filters=&sort=most_searched
Iterando página
Iterando página
Iterando página
Iterando página
Iterando página
Iterando página
Iterando página
Iterando página
Iterando página
Iterando página
Iterando página
Iterando página
Iterando página
Iterando página
Iterando página
Iterando página
Iterando página
Iterando página
Iterando página
Iterando página
Iterando página
Iterando página
Iterando página
Iterando página
Iterando página
Iterando página
Iterando página
Iterando página
Iterando página
Iterando página
Iterando página
Iterando página
Iterando página
Iterando página
Iterando página
Iterando página
Iterando página
Iterando página
Iterando página
Iterando página
Iterando página
Iterando página
Iterando página
Iterando página
Iterando página
Iterando página
Iterando página
Iterando página
Iterando página
Iterando página
Iterando página
Iterando página
Iterando página
Iterando página
Iterando página
Iterando página
Iterando página
Iterando página
Iterando página
Iterando página
Iterando página
Iterando página
Iterando página
Iterando página
Iterando página
Iterando página
Iterando página
Iterando página
Iterando página
Iterando página
Iterando página
Iterando página
Iterando página
Iterando página
Iterando página
Iterando página
Iterando página
insert produto on aws -> {'adm': 'kabum', 'name': 'SSD M2 Pcle 3.0 Ember Redragon 256gb', 'price': 'R$ 199,89', 'link': 'https://www.kabum.com.br/produto/576200/ssd-m2-pcle-3-0-ember-redragon-256gb', 'url_image': 'https://www.kabum.com.br//_next/image?url=https%3A%2F%2Fimages.kabum.com.br%2Fprodutos%2Ffotos%2Fsync_mirakl%2F576200%2FSSD-M2-Pcle-3-0-Ember-Redragon-256gb_1713990544_m.jpg&w=384&q=75'}
enviando mensagem pro telegram - Novo produto
get ultimo produt
Iterando página
Iterando página
Iterando página
Iterando página
Iterando página
Iterando página
Iterando página
Iterando página
Iterando página
Iterando página
Iterando página
Iterando página
Iterando página
Iterando página
Iterando página
Iterando página
Iterando página
Iterando página
Erro na paginação: Message: element not interactable
  (Session info: chrome=128.0.6613.119)
Stacktrace:
#0 0x5556cb0182da <unknown>
#1 0x5556cace6041 <unknown>
#2 0x5556cad36d3f <unknown>
#3 0x5556cad2a8c6 <unknown>
#4 0x5556cad5a8d2 <unknown>
#5 0x5556cad2a279 <unknown>
#6 0x5556cad5aa9e <unknown>
#7 0x5556cad78dfd <unknown>
#8 0x5556cad5a673 <unknown>
#9 0x5556cad28473 <unknown>
#10 0x5556cad2947e <unknown>
#11 0x5556cafdf0db <unknown>
#12 0x5556cafe3071 <unknown>
#13 0x5556cafcb9d5 <unknown>
#14 0x5556cafe3bf2 <unknown>
#15 0x5556cafb0b6f <unknown>
#16 0x5556cb007248 <unknown>
#17 0x5556cb007417 <unknown>
#18 0x5556cb0170cc <unknown>
#19 0x7f50d0891ac3 <unknown>

Finalizando o scraping...
-----> FIM DA ITERAÇÃO WHILE <--------


-----> NOVA ITERAÇÃO WHILE <--------
Iniciando Scraping, URL = https://www.kabum.com.br/hardware?page_number=1&page_size=100&facet_filters=&sort=most_searched
Iterando página
Iterando página
Iterando página
Iterando página
Iterando página
Iterando página
Iterando página
update gpu on aws -> {'adm': 'kabum', 'name': 'Processador AMD Ryzen 5 5600, 3.5GHz (4.4GHz Turbo), AM4 - 100-100000927BOX', 'price': 'R$ 1.059,12', 'link': 'https://www.kabum.com.br/produto/355263/processador-amd-ryzen-5-5600-3-5ghz-4-4ghz-turbo-am4-100-100000927box', 'url_image': 'https://www.kabum.com.br//_next/image?url=https%3A%2F%2Fimages.kabum.com.br%2Fprodutos%2Ffotos%2Fsync_mirakl%2F355263%2FProcessador-AMD-Ryzen-5-5600-3-5GHz-4-4GHz-Turbo-AM4-100-100000927BOX_1724174251_m.jpg&w=384&q=75'}
salvando_historico
update gpu on aws -> {'adm': 'kabum', 'name': 'Memória Ram Para Notebook Kingston Fury Impact, 16GB, 3200Mhz, DDR4, CL20, Sodimm, Preto - Kf432s20ib/16', 'price': 'R$ 309,90', 'link': 'https://www.kabum.com.br/produto/378307/memoria-ram-para-notebook-kingston-fury-impact-16gb-3200mhz-ddr4-cl20-sodimm-preto-kf432s20ib-16', 'url_image': 'https://www.kabum.com.br//_next/image?url=https%3A%2F%2Fimages.kabum.com.br%2Fprodutos%2Ffotos%2Fsync_mirakl%2F378307%2FMem-ria-Ram-Para-Notebook-Kingston-Fury-Impact-16GB-3200Mhz-DDR4-CL20-Sodimm-Preto-Kf432s20ib-16_1726075087_m.jpg&w=384&q=75'}
salvando_historico
Iterando página
Iterando página
Iterando página
Iterando página
Iterando página
Iterando página
Iterando página
Iterando página
Iterando página
Iterando página
Iterando página
Iterando página
Iterando página
Iterando página
Iterando página
Iterando página
Iterando página
Iterando página
Iterando página
Iterando página
Iterando página
Iterando página
Iterando página
Iterando página
Iterando página
Iterando página
Iterando página
Iterando página
Iterando página
Iterando página
Iterando página
Iterando página
Iterando página
Iterando página
Iterando página
Iterando página
Iterando página
Iterando página
Iterando página
Iterando página
Iterando página
Iterando página
Iterando página
Iterando página
Iterando página
Iterando página
Iterando página
Iterando página
Iterando página
Iterando página
Iterando página
Iterando página
Iterando página
Iterando página
Iterando página
Iterando página
Iterando página
Iterando página
Iterando página
Iterando página
Iterando página
Iterando página
Iterando página
Iterando página
Iterando página
Iterando página
Iterando página
Iterando página
Iterando página
Iterando página
Iterando página
Iterando página
Iterando página
Iterando página
Iterando página
Iterando página
Iterando página
Iterando página
Iterando página
Iterando página
Iterando página
Iterando página
Iterando página
Iterando página
Iterando página
Iterando página
Iterando página
Iterando página
Erro na paginação: Message: element not interactable
  (Session info: chrome=128.0.6613.119)
Stacktrace:
#0 0x5587d51b72da <unknown>
#1 0x5587d4e85041 <unknown>
#2 0x5587d4ed5d3f <unknown>
#3 0x5587d4ec98c6 <unknown>
#4 0x5587d4ef98d2 <unknown>
#5 0x5587d4ec9279 <unknown>
#6 0x5587d4ef9a9e <unknown>
#7 0x5587d4f17dfd <unknown>
#8 0x5587d4ef9673 <unknown>
#9 0x5587d4ec7473 <unknown>
#10 0x5587d4ec847e <unknown>
#11 0x5587d517e0db <unknown>
#12 0x5587d5182071 <unknown>
#13 0x5587d516a9d5 <unknown>
#14 0x5587d5182bf2 <unknown>
#15 0x5587d514fb6f <unknown>
#16 0x5587d51a6248 <unknown>
#17 0x5587d51a6417 <unknown>
#18 0x5587d51b60cc <unknown>
#19 0x7f84fc100ac3 <unknown>

Finalizando o scraping...
-----> FIM DA ITERAÇÃO WHILE <--------


-----> NOVA ITERAÇÃO WHILE <--------
Iniciando Scraping, URL = https://www.kabum.com.br/hardware?page_number=1&page_size=100&facet_filters=&sort=most_searched
Iterando página
Iterando página
insert produto on aws -> {'adm': 'kabum', 'name': 'Memória RAM Corsair Vengeance RGB RS, 32GB (2x16GB), 3600MHz, DDR4, CL18, Preto - CMG32GX4M2D3600C18', 'price': 'R$ 699,99', 'link': 'https://www.kabum.com.br/produto/382747/memoria-ram-corsair-vengeance-rgb-rs-32gb-2x16gb-3600mhz-ddr4-cl18-preto-cmg32gx4m2d3600c18', 'url_image': 'https://www.kabum.com.br//_next/image?url=https%3A%2F%2Fimages.kabum.com.br%2Fprodutos%2Ffotos%2F382747%2Fmemoria-corsair-vengeance-rgb-rs-32gb-3600mhz-ddr4-c18-preto-cmg32gx4m2d3600c18_1665430809_m.jpg&w=384&q=75'}
enviando mensagem pro telegram - Novo produto
get ultimo produt
Iterando página
Iterando página
Iterando página
Iterando página
insert produto on aws -> {'adm': 'kabum', 'name': 'Fonte XPG Pylon, 650W, 80 Plus Bronze, com cabo, Preto - PYLON650B-BKCBR', 'price': 'R$ 389,99', 'link': 'https://www.kabum.com.br/produto/114269/fonte-xpg-pylon-650w-80-plus-bronze-com-cabo-preto-pylon650b-bkcbr', 'url_image': 'https://www.kabum.com.br//_next/image?url=https%3A%2F%2Fimages.kabum.com.br%2Fprodutos%2Ffotos%2F114269%2Ffonte-xpg-650w-pylon650b-bkcbr_1597343671_m.jpg&w=384&q=75'}
enviando mensagem pro telegram - Novo produto
get ultimo produt
Iterando página
Iterando página
Iterando página
Iterando página
Iterando página
Iterando página
Iterando página
Iterando página
Iterando página
Iterando página
Iterando página
Iterando página
Iterando página
Iterando página
Iterando página
Iterando página
Iterando página
Iterando página
Iterando página
Iterando página
Iterando página
Iterando página
Iterando página
Iterando página
Iterando página
Iterando página
Iterando página
Iterando página
Iterando página
Iterando página
Iterando página
Iterando página
Iterando página
Iterando página
Iterando página
Iterando página
Iterando página
Iterando página
Iterando página
Iterando página
Iterando página
Iterando página
Iterando página
DB Error: connection to server at "database-1.ch4wsw20wi2u.sa-east-1.rds.amazonaws.com" (54.232.232.159), port 5432 failed: could not receive data from server: Connection timed out
SSL SYSCALL error: Connection timed out

Ocorre um erro em main_selenium() (main), reiniciando Script
local variable 'conn' referenced before assignment
-----> FIM DA ITERAÇÃO WHILE <--------


-----> NOVA ITERAÇÃO WHILE <--------
Iniciando Scraping, URL = https://www.kabum.com.br/hardware?page_number=1&page_size=100&facet_filters=&sort=most_searched
Iterando página
Iterando página
Iterando página
Iterando página
Iterando página
Iterando página
DB Error: connection to server at "database-1.ch4wsw20wi2u.sa-east-1.rds.amazonaws.com" (54.232.232.159), port 5432 failed: could not receive data from server: Connection timed out
SSL SYSCALL error: Connection timed out
connection to server at "database-1.ch4wsw20wi2u.sa-east-1.rds.amazonaws.com" (54.232.232.159), port 5432 failed: FATAL:  no pg_hba.conf entry for host "179.191.123.254", user "phadmin", database "produtos", no encryption

Ocorre um erro em main_selenium() (main), reiniciando Script
local variable 'conn' referenced before assignment
-----> FIM DA ITERAÇÃO WHILE <--------


-----> NOVA ITERAÇÃO WHILE <--------
Iniciando Scraping, URL = https://www.kabum.com.br/hardware?page_number=1&page_size=100&facet_filters=&sort=most_searched
Iterando página
Iterando página
update gpu on aws -> {'adm': 'kabum', 'name': 'SSD 256GB KBM! Gaming, M.2 NVMe, PCIe, Leitura 1800 MB/s, Gravação 1100 MB/s - KGSSD310256', 'price': 'R$ 199,99', 'link': 'https://www.kabum.com.br/produto/538708/ssd-256gb-kbm-gaming-m-2-nvme-pcie-leitura-1800-mb-s-gravacao-1100-mb-s-kgssd310256', 'url_image': 'https://www.kabum.com.br//_next/image?url=https%3A%2F%2Fimages.kabum.com.br%2Fprodutos%2Ffotos%2F538708%2Fssd-256gb-kbm-gaming-m-2-nvme-pcie-leitura-1800-mb-s-gravacao-1100-mb-s-kgssd310256_1724244097_m.jpg&w=384&q=75'}
salvando_historico
Iterando página
insert produto on aws -> {'adm': 'kabum', 'name': 'Memória RAM Corsair Vengeance RGB, 32GB (2x16GB), 5200MHz, DDR5, CL40, Preto - CMH32GX5M2B5200C40', 'price': 'R$ 799,98', 'link': 'https://www.kabum.com.br/produto/583184/memoria-ram-corsair-vengeance-rgb-32gb-2x16gb-5200mhz-ddr5-cl40-preto-cmh32gx5m2b5200c40', 'url_image': 'https://www.kabum.com.br//_next/image?url=https%3A%2F%2Fimages.kabum.com.br%2Fprodutos%2Ffotos%2F583184%2Fmemoria-ram-corsair-vengeance-rgb-32gb-2x16gb-5200mhz-ddr5-cl40-preto-cmh32gx5m2b5200c40_1722516067_m.jpg&w=384&q=75'}
enviando mensagem pro telegram - Novo produto
get ultimo produt
Iterando página
Iterando página
Iterando página
Iterando página
Iterando página
update gpu on aws -> {'adm': 'kabum', 'name': 'SSD Kingston, A400, 120GB, SATA', 'price': 'R$ 166,24', 'link': 'https://www.kabum.com.br/produto/163306/ssd-kingston-a400-120gb-sata', 'url_image': 'https://www.kabum.com.br//_next/image?url=https%3A%2F%2Fimages.kabum.com.br%2Fprodutos%2Ffotos%2Fsync_mirakl%2F163306%2FSSD-Kingston-A400-120GB-SATA_1721315328_m.jpg&w=384&q=75'}
salvando_historico
Iterando página
Iterando página
Iterando página
Iterando página
Iterando página
insert produto on aws -> {'adm': 'kabum', 'name': 'Processador Intel Core i9-11900K 11ª Geração, 3.5 GHz (5.1GHz Turbo), Cache 16MB, Octa Core, LGA1200, Vídeo Integrado - BX8070811900K', 'price': 'R$ 2.444,43', 'link': 'https://www.kabum.com.br/produto/148901/processador-intel-core-i9-11900k-11-geracao-3-5-ghz-5-1ghz-turbo-cache-16mb-octa-core-lga1200-video-integrado-bx8070811900k', 'url_image': 'https://www.kabum.com.br//_next/image?url=https%3A%2F%2Fimages.kabum.com.br%2Fprodutos%2Ffotos%2F148901%2Fprocessador-intel-core-i9-11900k-11-geracao-cache-16mb-3-5-ghz-5-1ghz-turbo-lga1200-bx8070811900k_1615489709_m.jpg&w=384&q=75'}
enviando mensagem pro telegram - Novo produto
get ultimo produt
insert produto on aws -> {'adm': 'kabum', 'name': 'Placa de Vídeo Gpu Radeon Rx 580 8GB Jieshuo White', 'price': 'R$ 849,90', 'link': 'https://www.kabum.com.br/produto/620154/placa-de-video-gpu-radeon-rx-580-8gb-jieshuo-white', 'url_image': 'https://www.kabum.com.br//_next/image?url=https%3A%2F%2Fimages.kabum.com.br%2Fprodutos%2Ffotos%2Fsync_mirakl%2F620154%2FPlaca-de-V-deo-Gpu-Radeon-Rx-580-8GB-Jieshuo-White_1723662917_m.jpg&w=384&q=75'}
enviando mensagem pro telegram - Novo produto
get ultimo produt
Iterando página
Iterando página
Iterando página
Iterando página
insert produto on aws -> {'adm': 'kabum', 'name': 'Memória Para Notebook 16GB, Kingston, DDR4, 2666mhz, Cl19 - Kvr26s19s8/16', 'price': 'R$ 268,32', 'link': 'https://www.kabum.com.br/produto/519214/memoria-para-notebook-16gb-kingston-ddr4-2666mhz-cl19-kvr26s19s8-16', 'url_image': 'https://www.kabum.com.br//_next/image?url=https%3A%2F%2Fimages.kabum.com.br%2Fprodutos%2Ffotos%2Fsync_mirakl%2F519214%2FMem-ria-Para-Notebook-16GB-Kingston-DDR4-2666mhz-Cl19-Kvr26s19s8-16_1704718092_m.jpg&w=384&q=75'}
enviando mensagem pro telegram - Novo produto
get ultimo produt
Iterando página
Iterando página
Iterando página
insert produto on aws -> {'adm': 'kabum', 'name': 'Memória Ram Desktop Gamer Ddr4 16Gb, 2400mhz - Hyperx Fury', 'price': 'R$ 351,41', 'link': 'https://www.kabum.com.br/produto/520063/memoria-ram-desktop-gamer-ddr4-16gb-2400mhz-hyperx-fury', 'url_image': 'https://www.kabum.com.br//_next/image?url=https%3A%2F%2Fimages.kabum.com.br%2Fprodutos%2Ffotos%2Fsync_mirakl%2F520063%2FMem-ria-Ram-Desktop-Gamer-Ddr4-16Gb-2400mhz-Hyperx-Fury_1716775840_m.jpg&w=384&q=75'}
enviando mensagem pro telegram - Novo produto
get ultimo produt
insert produto on aws -> {'adm': 'kabum', 'name': 'Memória Crucial, 8GB, 1600mhz, DDR3L, 1.35v', 'price': 'R$ 149,90', 'link': 'https://www.kabum.com.br/produto/467662/memoria-crucial-8gb-1600mhz-ddr3l-1-35v', 'url_image': 'https://www.kabum.com.br//_next/image?url=https%3A%2F%2Fimages.kabum.com.br%2Fprodutos%2Ffotos%2Fsync_mirakl%2F467662%2FMem-ria-Crucial-8GB-1600mhz-DDR3L-1-35v_1722821445_m.jpg&w=384&q=75'}
enviando mensagem pro telegram - Novo produto
get ultimo produt
Iterando página
update gpu on aws -> {'adm': 'kabum', 'name': 'SSD Corsair 4TB MP700 Pro, M.2 NVMe, Leitura 12400MB/s e Gravação 11800MB/s - CSSD-F4000GBMP700PHX', 'price': 'R$ 4.449,99', 'link': 'https://www.kabum.com.br/produto/542145/ssd-corsair-4tb-mp700-pro-m-2-nvme-leitura-12400mb-s-e-gravacao-11800mb-s-cssd-f4000gbmp700phx', 'url_image': 'https://www.kabum.com.br//_next/image?url=https%3A%2F%2Fimages.kabum.com.br%2Fprodutos%2Ffotos%2F542145%2Fssd-corsair-4tb-mp700-pro-m-2-nvme-leitura-12400mb-s-e-gravacao-11800mb-s-cssd-f4000gbmp700phx_1720209974_m.jpg&w=384&q=75'}
salvando_historico
Iterando página
Iterando página
Iterando página
update gpu on aws -> {'adm': 'kabum', 'name': 'Kit Cooler FAN com 3 Unidades GAMDIAS Aelous, 120mm, RGB, Lite - M2-1203', 'price': 'R$ 122,40', 'link': 'https://www.kabum.com.br/produto/174774/kit-cooler-fan-com-3-unidades-gamdias-aelous-120mm-rgb-lite-m2-1203', 'url_image': 'https://www.kabum.com.br//_next/image?url=https%3A%2F%2Fimages.kabum.com.br%2Fprodutos%2Ffotos%2Fsync_mirakl%2F174774%2FKit-Cooler-FAN-com-3-Unidades-GAMDIAS-Aelous-120mm-RGB-Lite-M2-1203_1724718047_m.jpg&w=384&q=75'}
salvando_historico
Iterando página
Iterando página
update gpu on aws -> {'adm': 'kabum', 'name': 'Hd Interno Seagate 3.5 Ironwolf Nas 12TB Sata 3 7200rpm - St12000vn0008', 'price': 'R$ 2.526,00', 'link': 'https://www.kabum.com.br/produto/623829/hd-interno-seagate-3-5-ironwolf-nas-12tb-sata-3-7200rpm-st12000vn0008', 'url_image': 'https://www.kabum.com.br//_next/image?url=https%3A%2F%2Fimages.kabum.com.br%2Fprodutos%2Ffotos%2Fsync_mirakl%2F623829%2FHd-Interno-Seagate-3-5-Ironwolf-Nas-12TB-Sata-3-7200rpm-St12000vn0008_1723219215_m.jpg&w=384&q=75'}
salvando_historico
enviando mensagem pro telegram - Atualização de produto
get ultimo produt
Iterando página
insert produto on aws -> {'adm': 'kabum', 'name': 'Memória Crucial, 4GB, 1333mhz, DDR3, 1.5v', 'price': 'R$ 113,91', 'link': 'https://www.kabum.com.br/produto/467663/memoria-crucial-4gb-1333mhz-ddr3-1-5v', 'url_image': 'https://www.kabum.com.br//_next/image?url=https%3A%2F%2Fimages.kabum.com.br%2Fprodutos%2Ffotos%2Fsync_mirakl%2F467663%2FMem-ria-Crucial-4GB-1333mhz-DDR3-1-5v_1716515567_m.jpg&w=384&q=75'}
enviando mensagem pro telegram - Novo produto
get ultimo produt
Iterando página
update gpu on aws -> {'adm': 'kabum', 'name': 'HD Interno Western Digital 4TB Purple, 5400 RPM, SATA III, 6GB/s - WD40PURZ.', 'price': 'R$ 890,47', 'link': 'https://www.kabum.com.br/produto/264635/hd-interno-western-digital-4tb-purple-5400-rpm-sata-iii-6gb-s-wd40purz-', 'url_image': 'https://www.kabum.com.br//_next/image?url=https%3A%2F%2Fimages.kabum.com.br%2Fprodutos%2Ffotos%2Fsync_mirakl%2F264635%2FHD-Interno-Western-Digital-4TB-Purple-5400-RPM-SATA-III-6GB-s-WD40PURZ-_1715988524_m.jpg&w=384&q=75'}
salvando_historico
enviando mensagem pro telegram - Atualização de produto
get ultimo produt
Iterando página
Iterando página
Iterando página
Iterando página
Iterando página
insert produto on aws -> {'adm': 'kabum', 'name': 'Nvme SSD PCie 3.0 512gb Hawking Leitura 2500mbs Escrita 1800mbs', 'price': 'R$ 259,00', 'link': 'https://www.kabum.com.br/produto/619176/nvme-ssd-pcie-3-0-512gb-hawking-leitura-2500mbs-escrita-1800mbs', 'url_image': 'https://www.kabum.com.br//_next/image?url=https%3A%2F%2Fimages.kabum.com.br%2Fprodutos%2Ffotos%2Fsync_mirakl%2F619176%2FNvme-SSD-PCie-3-0-512gb-Hawking-Leitura-2500mbs-Escrita-1800mbs_1722267527_m.jpg&w=384&q=75'}
enviando mensagem pro telegram - Novo produto
get ultimo produt
Iterando página
insert produto on aws -> {'adm': 'kabum', 'name': 'Memória Hyperx Fury Gamer DDR3, 8GB, 1866Mhz', 'price': 'R$ 152,91', 'link': 'https://www.kabum.com.br/produto/467707/memoria-hyperx-fury-gamer-ddr3-8gb-1866mhz', 'url_image': 'https://www.kabum.com.br//_next/image?url=https%3A%2F%2Fimages.kabum.com.br%2Fprodutos%2Ffotos%2Fsync_mirakl%2F467707%2FMem-ria-Hyperx-Fury-Gamer-DDR3-8GB-1866Mhz_1716517320_m.jpg&w=384&q=75'}
enviando mensagem pro telegram - Novo produto
get ultimo produt
Iterando página
update gpu on aws -> {'adm': 'kabum', 'name': 'Placa-Mãe Biostar B450MHP, mATX, DDR4, Socket Am4, Chipset AMD B450', 'price': 'R$ 559,00', 'link': 'https://www.kabum.com.br/produto/453211/placa-mae-biostar-b450mhp-matx-ddr4-socket-am4-chipset-amd-b450', 'url_image': 'https://www.kabum.com.br//_next/image?url=https%3A%2F%2Fimages.kabum.com.br%2Fprodutos%2Ffotos%2Fsync_mirakl%2F453211%2FPlaca-M-e-Biostar-B450MHP-mATX-DDR4-Socket-Am4-Chipset-AMD-B450_1726006644_m.jpg&w=384&q=75'}
salvando_historico
Iterando página
Iterando página
Iterando página
Iterando página
update gpu on aws -> {'adm': 'kabum', 'name': 'Placa De Vídeo RTX 4060 EAGLE OC Gigabyte Nvidia Geforce, 8GB, GDDR6, 128 BITs, DISS, Ray Tracing - GV-N4060EAGLE', 'price': 'R$ 2.899,00', 'link': 'https://www.kabum.com.br/produto/504018/placa-de-video-rtx-4060-eagle-oc-gigabyte-nvidia-geforce-8gb-gddr6-128-bits-diss-ray-tracing-gv-n4060eagle', 'url_image': 'https://www.kabum.com.br//_next/image?url=https%3A%2F%2Fimages.kabum.com.br%2Fprodutos%2Ffotos%2Fsync_mirakl%2F504018%2FPlaca-De-V-deo-RTX-4060-EAGLE-OC-Gigabyte-Nvidia-Geforce-8GB-GDDR6-128-BITs-DISS-Ray-Tracing-GV-N4060EAGLE_1724698204_m.jpg&w=384&q=75'}
salvando_historico
Iterando página
Iterando página
insert produto on aws -> {'adm': 'kabum', 'name': 'HD Interno Western Digital 2TB Purple Surveillance, 5400 RPM, SATA III, 6GB/s - WD20PURZ', 'price': 'R$ 550,96', 'link': 'https://www.kabum.com.br/produto/273883/hd-interno-western-digital-2tb-purple-surveillance-5400-rpm-sata-iii-6gb-s-wd20purz', 'url_image': 'https://www.kabum.com.br//_next/image?url=https%3A%2F%2Fimages.kabum.com.br%2Fprodutos%2Ffotos%2F273883%2Fhd-interno-western-digital-2tb-purple-surveillance-5400-rpm-sata-iii-6gb-s-wd20purz_1709231868_m.jpg&w=384&q=75'}
enviando mensagem pro telegram - Novo produto
get ultimo produt
Iterando página
insert produto on aws -> {'adm': 'kabum', 'name': 'Processador Intel Core I9-11900 11ª Geração, 2.50GHz, Cache 16MB, 16 Threads, LGA 1200 - BX8070811900', 'price': 'R$ 2.526,39', 'link': 'https://www.kabum.com.br/produto/364853/processador-intel-core-i9-11900-11-geracao-2-50ghz-cache-16mb-16-threads-lga-1200-bx8070811900', 'url_image': 'https://www.kabum.com.br//_next/image?url=https%3A%2F%2Fimages.kabum.com.br%2Fprodutos%2Ffotos%2Fsync_mirakl%2F364853%2FProcessador-Intel-Core-I9-11900-11-Gera-o-2-50GHz-Cache-16MB-16-Threads-LGA-1200-BX8070811900_1696444122_m.jpg&w=384&q=75'}
enviando mensagem pro telegram - Novo produto
get ultimo produt
Iterando página
Iterando página
Iterando página
update gpu on aws -> {'adm': 'kabum', 'name': 'Hd Interno Seagate 3.5 Skyhawk 3TB Sata 3 6.0gb/s - St3000vx015', 'price': 'R$ 805,00', 'link': 'https://www.kabum.com.br/produto/623830/hd-interno-seagate-3-5-skyhawk-3tb-sata-3-6-0gb-s-st3000vx015', 'url_image': 'https://www.kabum.com.br//_next/image?url=https%3A%2F%2Fimages.kabum.com.br%2Fprodutos%2Ffotos%2Fsync_mirakl%2F623830%2FHd-Interno-Seagate-3-5-Skyhawk-3TB-Sata-3-6-0gb-s-St3000vx015_1723218530_m.jpg&w=384&q=75'}
salvando_historico
Iterando página
Iterando página
Iterando página
Iterando página
insert produto on aws -> {'adm': 'kabum', 'name': 'Fonte Gamemax GX1050 PRO, 1050W, 80 Plus Platinum, Modular, PFC Ativo, com cabo, Metal - GX1050PRSLS8810BR', 'price': 'R$ 869,99', 'link': 'https://www.kabum.com.br/produto/495996/fonte-gamemax-gx1050-pro-1050w-80-plus-platinum-modular-pfc-ativo-com-cabo-metal-gx1050prsls8810br', 'url_image': 'https://www.kabum.com.br//_next/image?url=https%3A%2F%2Fimages.kabum.com.br%2Fprodutos%2Ffotos%2F495996%2Ffonte-gamemax-gx1050-pro-1050w-80-plus-platinum-modular-pfc-ativo-com-cabo-metal-gx1050prsls8810br_1717178010_m.jpg&w=384&q=75'}
enviando mensagem pro telegram - Novo produto
get ultimo produt
Iterando página
update gpu on aws -> {'adm': 'kabum', 'name': 'Placa Mãe Msi Pro B660m-a, DDR4, M.2 Lga1700, Wi-fi, HDMI/DP', 'price': 'R$ 8.597,48', 'link': 'https://www.kabum.com.br/produto/398516/placa-mae-msi-pro-b660m-a-ddr4-m-2-lga1700-wi-fi-hdmi-dp', 'url_image': 'https://www.kabum.com.br//_next/image?url=https%3A%2F%2Fimages.kabum.com.br%2Fprodutos%2Ffotos%2Fsync_mirakl%2F398516%2FPlaca-M-e-Msi-Pro-B660m-a-DDR4-M-2-Lga1700-Wi-fi-HDMI-DP_1712768295_m.jpg&w=384&q=75'}
salvando_historico
Iterando página
update gpu on aws -> {'adm': 'kabum', 'name': 'Placa Mãe ASUS Pro WS WRX90E-SAGE SE, AMD sTR5, WRX90, DDR5 - 90MB1FW0-M0EAY0', 'price': 'R$ 11.994,99', 'link': 'https://www.kabum.com.br/produto/523257/placa-mae-asus-pro-ws-wrx90e-sage-se-amd-str5-wrx90-ddr5-90mb1fw0-m0eay0', 'url_image': 'https://www.kabum.com.br//_next/image?url=https%3A%2F%2Fimages.kabum.com.br%2Fprodutos%2Ffotos%2F523257%2Fplaca-mae-asus-pro-ws-wrx90e-sage-se-amd-str5-wrx90-ddr5-90mb1fw0-m0eay0_1720810450_m.jpg&w=384&q=75'}
salvando_historico
Iterando página
update gpu on aws -> {'adm': 'kabum', 'name': 'Placa de Vídeo Gpu Radeon Rx 5700 Xt 8GB Jieshuo', 'price': 'R$ 1.794,40', 'link': 'https://www.kabum.com.br/produto/624858/placa-de-video-gpu-radeon-rx-5700-xt-8gb-jieshuo', 'url_image': 'https://www.kabum.com.br//_next/image?url=https%3A%2F%2Fimages.kabum.com.br%2Fprodutos%2Ffotos%2Fsync_mirakl%2F624858%2FPlaca-de-V-deo-Gpu-Radeon-Rx-5700-Xt-8GB-Jieshuo_1726623995_m.jpg&w=384&q=75'}
salvando_historico
enviando mensagem pro telegram - Atualização de produto
get ultimo produt
update gpu on aws -> {'adm': 'kabum', 'name': 'SSD Sandisk Extreme Portable 2TB Usb-c 3.2 1050mb/s Hd Externo Portátil', 'price': 'R$ 1.547,00', 'link': 'https://www.kabum.com.br/produto/623827/ssd-sandisk-extreme-portable-2tb-usb-c-3-2-1050mb-s-hd-externo-portatil', 'url_image': 'https://www.kabum.com.br//_next/image?url=https%3A%2F%2Fimages.kabum.com.br%2Fprodutos%2Ffotos%2Fsync_mirakl%2F623827%2FSSD-Sandisk-Extreme-Portable-2TB-Usb-c-3-2-1050mb-s-Hd-Externo-Port-til_1723219504_m.jpg&w=384&q=75'}
salvando_historico
Iterando página
Iterando página
Iterando página
Iterando página
Iterando página
Iterando página
Iterando página
Iterando página
Iterando página
Iterando página
Iterando página
Iterando página
Iterando página
Iterando página
Iterando página
insert produto on aws -> {'adm': 'kabum', 'name': 'Memória Ram PC Hawking Ddr5 32gb 4800mhz', 'price': 'R$ 778,00', 'link': 'https://www.kabum.com.br/produto/626303/memoria-ram-pc-hawking-ddr5-32gb-4800mhz', 'url_image': 'https://www.kabum.com.br//_next/image?url=https%3A%2F%2Fimages.kabum.com.br%2Fprodutos%2Ffotos%2Fsync_mirakl%2F626303%2FMem-ria-Ram-PC-Hawking-Ddr5-32gb-4800mhz_1723746531_m.jpg&w=384&q=75'}
enviando mensagem pro telegram - Novo produto
get ultimo produt
insert produto on aws -> {'adm': 'kabum', 'name': 'Memória Ram PC Hawking Ddr4 16gb 2666mhz', 'price': 'R$ 279,00', 'link': 'https://www.kabum.com.br/produto/627475/memoria-ram-pc-hawking-ddr4-16gb-2666mhz', 'url_image': 'https://www.kabum.com.br//_next/image?url=https%3A%2F%2Fimages.kabum.com.br%2Fprodutos%2Ffotos%2Fsync_mirakl%2F627475%2FMem-ria-Ram-PC-Hawking-Ddr4-16gb-2666mhz_1724101010_m.jpg&w=384&q=75'}
enviando mensagem pro telegram - Novo produto
get ultimo produt
insert produto on aws -> {'adm': 'kabum', 'name': 'Kit 8 Câmeras Bullet, FULL HD 1080p, Lente 2.8mm, Visão Noturna 20m, Ip66 + Conectores', 'price': 'R$ 474,19', 'link': 'https://www.kabum.com.br/produto/551523/kit-8-cameras-bullet-full-hd-1080p-lente-2-8mm-visao-noturna-20m-ip66-conectores', 'url_image': 'https://www.kabum.com.br//_next/image?url=https%3A%2F%2Fimages.kabum.com.br%2Fprodutos%2Ffotos%2Fsync_mirakl%2F551523%2FKit-8-C-meras-Bullet-FULL-HD-1080p-Lente-2-8mm-Vis-o-Noturna-20m-Ip66-Conectores_1713379102_m.jpg&w=384&q=75'}
enviando mensagem pro telegram - Novo produto
get ultimo produt
insert produto on aws -> {'adm': 'kabum', 'name': 'Kit 2 Câmeras, Bullet FULL HD 1080p, Lente 2.8mm, Visão Noturna 20m, Ip66 + Conectores', 'price': 'R$ 112,49', 'link': 'https://www.kabum.com.br/produto/551532/kit-2-cameras-bullet-full-hd-1080p-lente-2-8mm-visao-noturna-20m-ip66-conectores', 'url_image': 'https://www.kabum.com.br//_next/image?url=https%3A%2F%2Fimages.kabum.com.br%2Fprodutos%2Ffotos%2Fsync_mirakl%2F551532%2FKit-2-C-meras-Bullet-FULL-HD-1080p-Lente-2-8mm-Vis-o-Noturna-20m-Ip66-Conectores_1713452287_m.jpg&w=384&q=75'}
enviando mensagem pro telegram - Novo produto
get ultimo produt
Iterando página
Iterando página
Iterando página
Iterando página
Iterando página
Iterando página
Iterando página
Iterando página
Iterando página
Iterando página
Iterando página
Iterando página
Iterando página
Iterando página
Iterando página
Iterando página
Iterando página
Iterando página
Iterando página
Iterando página
insert produto on aws -> {'adm': 'kabum', 'name': 'Cooler Fan Master LED Fc1300 Refrigeração Eficiente E Estilo', 'price': 'R$ 31,99', 'link': 'https://www.kabum.com.br/produto/636863/cooler-fan-master-led-fc1300-refrigeracao-eficiente-e-estilo', 'url_image': 'https://www.kabum.com.br//_next/image?url=https%3A%2F%2Fimages.kabum.com.br%2Fprodutos%2Ffotos%2Fsync_mirakl%2F636863%2FCooler-Fan-Master-LED-Fc1300-Refrigera-o-Eficiente-E-Estilo_1726579451_m.jpg&w=384&q=75'}
enviando mensagem pro telegram - Novo produto
get ultimo produt
update gpu on aws -> {'adm': 'kabum', 'name': 'Hd Interno Western Digital Wd Purple Surveillance 3,5 Sata 3 4TB Wd43purz Para Dvr', 'price': 'R$ 884,00', 'link': 'https://www.kabum.com.br/produto/623831/hd-interno-western-digital-wd-purple-surveillance-3-5-sata-3-4tb-wd43purz-para-dvr', 'url_image': 'https://www.kabum.com.br//_next/image?url=https%3A%2F%2Fimages.kabum.com.br%2Fprodutos%2Ffotos%2Fsync_mirakl%2F623831%2FHd-Interno-Western-Digital-Wd-Purple-Surveillance-3-5-Sata-3-4TB-Wd43purz-Para-Dvr_1723216868_m.jpg&w=384&q=75'}
salvando_historico
insert produto on aws -> {'adm': 'kabum', 'name': 'Memória RAM Para PC Hawking, 16GB, 5600MHz, DDR5, Heatsink', 'price': 'R$ 438,00', 'link': 'https://www.kabum.com.br/produto/617795/memoria-ram-para-pc-hawking-16gb-5600mhz-ddr5-heatsink', 'url_image': 'https://www.kabum.com.br//_next/image?url=https%3A%2F%2Fimages.kabum.com.br%2Fprodutos%2Ffotos%2Fsync_mirakl%2F617795%2FMem-ria-RAM-Para-PC-Hawking-16GB-5600MHz-DDR5-Heatsink_1721853110_m.jpg&w=384&q=75'}
enviando mensagem pro telegram - Novo produto
get ultimo produt
insert produto on aws -> {'adm': 'kabum', 'name': 'Memória Ram PC RGB Hawking Ddr5 16gb 5600mhz Heatsink', 'price': 'R$ 549,00', 'link': 'https://www.kabum.com.br/produto/627496/memoria-ram-pc-rgb-hawking-ddr5-16gb-5600mhz-heatsink', 'url_image': 'https://www.kabum.com.br//_next/image?url=https%3A%2F%2Fimages.kabum.com.br%2Fprodutos%2Ffotos%2Fsync_mirakl%2F627496%2FMem-ria-Ram-PC-RGB-Hawking-Ddr5-16gb-5600mhz-Heatsink_1724096503_m.jpg&w=384&q=75'}
enviando mensagem pro telegram - Novo produto
get ultimo produt
update gpu on aws -> {'adm': 'kabum', 'name': 'SSD Sandisk Extreme Portable 4TB Usb-c 3.2 1050mb/s Hd Externo Portátil', 'price': 'R$ 2.714,00', 'link': 'https://www.kabum.com.br/produto/623826/ssd-sandisk-extreme-portable-4tb-usb-c-3-2-1050mb-s-hd-externo-portatil', 'url_image': 'https://www.kabum.com.br//_next/image?url=https%3A%2F%2Fimages.kabum.com.br%2Fprodutos%2Ffotos%2Fsync_mirakl%2F623826%2FSSD-Sandisk-Extreme-Portable-4TB-Usb-c-3-2-1050mb-s-Hd-Externo-Port-til_1723217931_m.jpg&w=384&q=75'}
salvando_historico
enviando mensagem pro telegram - Atualização de produto
get ultimo produt
insert produto on aws -> {'adm': 'kabum', 'name': 'Memória Ram Desktop Gamer Ddr4 8GB 2400mhz Crucial Ballistix', 'price': 'R$ 219,90', 'link': 'https://www.kabum.com.br/produto/618924/memoria-ram-desktop-gamer-ddr4-8gb-2400mhz-crucial-ballistix', 'url_image': 'https://www.kabum.com.br//_next/image?url=https%3A%2F%2Fimages.kabum.com.br%2Fprodutos%2Ffotos%2Fsync_mirakl%2F618924%2FMem-ria-Ram-Desktop-Gamer-Ddr4-8GB-2400mhz-Crucial-Ballistix_1723411849_m.jpg&w=384&q=75'}
enviando mensagem pro telegram - Novo produto
get ultimo produt
Iterando página
Iterando página
Iterando página
Iterando página
Iterando página
Iterando página
Iterando página
Iterando página
Iterando página
Erro na paginação: Message: element not interactable
  (Session info: chrome=128.0.6613.119)
Stacktrace:
#0 0x5570ec74b2da <unknown>
#1 0x5570ec419041 <unknown>
#2 0x5570ec469d3f <unknown>
#3 0x5570ec45d8c6 <unknown>
#4 0x5570ec48d8d2 <unknown>
#5 0x5570ec45d279 <unknown>
#6 0x5570ec48da9e <unknown>
#7 0x5570ec4abdfd <unknown>
#8 0x5570ec48d673 <unknown>
#9 0x5570ec45b473 <unknown>
#10 0x5570ec45c47e <unknown>
#11 0x5570ec7120db <unknown>
#12 0x5570ec716071 <unknown>
#13 0x5570ec6fe9d5 <unknown>
#14 0x5570ec716bf2 <unknown>
#15 0x5570ec6e3b6f <unknown>
#16 0x5570ec73a248 <unknown>
#17 0x5570ec73a417 <unknown>
#18 0x5570ec74a0cc <unknown>
#19 0x7f5e8c13dac3 <unknown>

Finalizando o scraping...
-----> FIM DA ITERAÇÃO WHILE <--------


-----> NOVA ITERAÇÃO WHILE <--------
Iniciando Scraping, URL = https://www.kabum.com.br/hardware?page_number=1&page_size=100&facet_filters=&sort=most_searched
Iterando página
Iterando página
Iterando página
Iterando página
Iterando página
Iterando página
Iterando página
Iterando página
Iterando página
Iterando página
Iterando página
Iterando página
Iterando página
Iterando página
Iterando página
Iterando página
Iterando página
Iterando página
Iterando página
update gpu on aws -> {'adm': 'kabum', 'name': 'SSD Samsung 970 Evo Plus 500GB, M.2, NVMe, Leitura e Gravação Sequencial de até 3.500 MB/s e 3.300 MB/s, Preto - MZ-V7S500B/AM', 'price': 'R$ 1.012,32', 'link': 'https://www.kabum.com.br/produto/320097/ssd-samsung-970-evo-plus-500gb-m-2-nvme-leitura-e-gravacao-sequencial-de-ate-3-500-mb-s-e-3-300-mb-s-preto-mz-v7s500b-am', 'url_image': 'https://www.kabum.com.br//_next/image?url=https%3A%2F%2Fimages.kabum.com.br%2Fprodutos%2Ffotos%2Fsync_mirakl%2F320097%2FSSD-Samsung-970-Evo-Plus-500GB-M-2-NVMe-Leitura-e-Grava-o-Sequencial-de-at-3-500-MB-s-e-3-300-MB-s-Preto-MZ-V7S500B-AM_1721968966_m.jpg&w=384&q=75'}
salvando_historico
Iterando página
Iterando página
Iterando página
Iterando página
Iterando página
Iterando página
Iterando página
Iterando página
Iterando página
Iterando página
Iterando página
Iterando página
Iterando página
Iterando página
Iterando página
Iterando página
Iterando página
Iterando página
Iterando página
Iterando página
Iterando página
Iterando página
Iterando página
Iterando página
Iterando página
Iterando página
Iterando página
Iterando página
Iterando página
Iterando página
Iterando página
Iterando página
Iterando página
Iterando página
Iterando página
Iterando página
Iterando página
Iterando página
Iterando página
Iterando página
Iterando página
Iterando página
Iterando página
Iterando página
Iterando página
Iterando página
Iterando página
Iterando página
Iterando página
Iterando página
Iterando página
Iterando página
Iterando página
Iterando página
Iterando página
Iterando página
Iterando página
Iterando página
Iterando página
Iterando página
Iterando página
Iterando página
Iterando página
Iterando página
Iterando página
Iterando página
Iterando página
Iterando página
Iterando página
Iterando página
Iterando página
Iterando página
Iterando página
Iterando página
Iterando página
Iterando página
Iterando página
Erro na paginação: Message: element not interactable
  (Session info: chrome=128.0.6613.119)
Stacktrace:
#0 0x5592519302da <unknown>
#1 0x5592515fe041 <unknown>
#2 0x55925164ed3f <unknown>
#3 0x5592516428c6 <unknown>
#4 0x5592516728d2 <unknown>
#5 0x559251642279 <unknown>
#6 0x559251672a9e <unknown>
#7 0x559251690dfd <unknown>
#8 0x559251672673 <unknown>
#9 0x559251640473 <unknown>
#10 0x55925164147e <unknown>
#11 0x5592518f70db <unknown>
#12 0x5592518fb071 <unknown>
#13 0x5592518e39d5 <unknown>
#14 0x5592518fbbf2 <unknown>
#15 0x5592518c8b6f <unknown>
#16 0x55925191f248 <unknown>
#17 0x55925191f417 <unknown>
#18 0x55925192f0cc <unknown>
#19 0x7faa41a19ac3 <unknown>

Finalizando o scraping...
-----> FIM DA ITERAÇÃO WHILE <--------


-----> NOVA ITERAÇÃO WHILE <--------
Iniciando Scraping, URL = https://www.kabum.com.br/hardware?page_number=1&page_size=100&facet_filters=&sort=most_searched
Iterando página
Iterando página
Iterando página
Iterando página
Iterando página
Iterando página
Iterando página
Iterando página
Iterando página
Iterando página
Iterando página
Iterando página
Iterando página
Iterando página
Iterando página
Iterando página
Iterando página
Iterando página
Iterando página
Iterando página
Iterando página
Iterando página
Iterando página
Iterando página
Iterando página
Iterando página
Iterando página
Iterando página
Iterando página
Iterando página
Iterando página
Iterando página
Iterando página
Iterando página
Iterando página
Iterando página
Iterando página
Iterando página
Iterando página
Iterando página
Iterando página
Iterando página
Iterando página
Iterando página
Iterando página
Iterando página
Iterando página
DB Error: connection to server at "database-1.ch4wsw20wi2u.sa-east-1.rds.amazonaws.com" (54.232.232.159), port 5432 failed: could not receive data from server: Connection timed out
SSL SYSCALL error: Connection timed out
connection to server at "database-1.ch4wsw20wi2u.sa-east-1.rds.amazonaws.com" (54.232.232.159), port 5432 failed: FATAL:  no pg_hba.conf entry for host "179.191.123.254", user "phadmin", database "produtos", no encryption

Ocorre um erro em main_selenium() (main), reiniciando Script
local variable 'conn' referenced before assignment
-----> FIM DA ITERAÇÃO WHILE <--------


-----> NOVA ITERAÇÃO WHILE <--------
Iniciando Scraping, URL = https://www.kabum.com.br/hardware?page_number=1&page_size=100&facet_filters=&sort=most_searched
Iterando página
update gpu on aws -> {'adm': 'kabum', 'name': 'Memória RAM para Notebook Kingston Fury Impact, 16GB, 3200MHz, DDR4, CL20 - KF432S20IB/16', 'price': 'R$ 309,99', 'link': 'https://www.kabum.com.br/produto/193303/memoria-ram-para-notebook-kingston-fury-impact-16gb-3200mhz-ddr4-cl20-kf432s20ib-16', 'url_image': 'https://www.kabum.com.br//_next/image?url=https%3A%2F%2Fimages.kabum.com.br%2Fprodutos%2Ffotos%2F193303%2Fmemoria-kingston-fury-impact-16gb-3200mhz-ddr4-cl20-para-notebook-kf432s20ib-16_1630960911_m.jpg&w=384&q=75'}
salvando_historico
Iterando página
Iterando página
Iterando página
insert produto on aws -> {'adm': 'kabum', 'name': 'SSD Rise Mode Gamer M.2 Z Series 512GB M.2, NVMe, Leitura: 2200MB/s e Gravação: 1800MB/s - RM-SSD-512GB-M2', 'price': 'R$ 299,99', 'link': 'https://www.kabum.com.br/produto/476522/ssd-rise-mode-gamer-m-2-z-series-512gb-m-2-nvme-leitura-2200mb-s-e-gravacao-1800mb-s-rm-ssd-512gb-m2', 'url_image': 'https://www.kabum.com.br//_next/image?url=https%3A%2F%2Fimages.kabum.com.br%2Fprodutos%2Ffotos%2F476522%2Fssd-gamer-rise-mode-512gb-m-2-nvme-leitura-2200-mb-s-e-gravacao-1800-mb-s-rm-ssd-512gb-m2_1708090688_m.jpg&w=384&q=75'}
enviando mensagem pro telegram - Novo produto
get ultimo produt
Iterando página
Iterando página
Iterando página
Iterando página
Iterando página
insert produto on aws -> {'adm': 'kabum', 'name': 'Memória RAM Kingston Fury Beast, 64GB (2x32GB), 3600MHz, DDR4, CL18, Preto - KF436C18BBK2/64', 'price': 'R$ 1.299,99', 'link': 'https://www.kabum.com.br/produto/193572/memoria-ram-kingston-fury-beast-64gb-2x32gb-3600mhz-ddr4-cl18-preto-kf436c18bbk2-64', 'url_image': 'https://www.kabum.com.br//_next/image?url=https%3A%2F%2Fimages.kabum.com.br%2Fprodutos%2Ffotos%2F193572%2Fmemoria-kingston-fury-beast-64gb-2x32gb-3600mhz-ddr4-cl18-preto-kf436c18bbk2-64_1630611882_m.jpg&w=384&q=75'}
enviando mensagem pro telegram - Novo produto
get ultimo produt
Iterando página
Iterando página
Iterando página
Iterando página
Iterando página
Iterando página
Iterando página
Iterando página
Iterando página
Iterando página
Iterando página
update gpu on aws -> {'adm': 'kabum', 'name': 'HD Interno Toshiba 12TB N300, 3.5 - HDWG21CXZSTAI', 'price': 'R$ 2.201,07', 'link': 'https://www.kabum.com.br/produto/324200/hd-interno-toshiba-12tb-n300-3-5-hdwg21cxzstai', 'url_image': 'https://www.kabum.com.br//_next/image?url=https%3A%2F%2Fimages.kabum.com.br%2Fprodutos%2Ffotos%2Fsync_mirakl%2F324200%2FHD-Interno-Toshiba-12TB-N300-3-5-HDWG21CXZSTAI_1691672321_m.jpg&w=384&q=75'}
salvando_historico
Iterando página
Iterando página
Iterando página
update gpu on aws -> {'adm': 'kabum', 'name': 'Memória Notebook Kingston, 16GB, DDR4 3200mhz - KVR32S22D8/16', 'price': 'R$ 437,92', 'link': 'https://www.kabum.com.br/produto/464061/memoria-notebook-kingston-16gb-ddr4-3200mhz-kvr32s22d8-16', 'url_image': 'https://www.kabum.com.br//_next/image?url=https%3A%2F%2Fimages.kabum.com.br%2Fprodutos%2Ffotos%2Fsync_mirakl%2F464061%2FMem-ria-Notebook-Kingston-16GB-DDR4-3200mhz-KVR32S22D8-16_1722695442_m.jpg&w=384&q=75'}
salvando_historico
Iterando página
Iterando página
Iterando página
insert produto on aws -> {'adm': 'kabum', 'name': 'Memória Kingston Fury Renegade 32gb 6000mhz Ddr5 RGB Cl32 Prata - Kf560c32rsa-32', 'price': 'R$ 949,91', 'link': 'https://www.kabum.com.br/produto/603086/memoria-kingston-fury-renegade-32gb-6000mhz-ddr5-rgb-cl32-prata-kf560c32rsa-32', 'url_image': 'https://www.kabum.com.br//_next/image?url=https%3A%2F%2Fimages.kabum.com.br%2Fprodutos%2Ffotos%2Fsync_mirakl%2F603086%2FMem-ria-Kingston-Fury-Renegade-32gb-6000mhz-Ddr5-RGB-Cl32-Prata-Kf560c32rsa-32_1719835251_m.jpg&w=384&q=75'}
enviando mensagem pro telegram - Novo produto
get ultimo produt
Iterando página
Iterando página
Iterando página
Iterando página
Iterando página
Iterando página
insert produto on aws -> {'adm': 'kabum', 'name': 'Kit Powerpc Placa-Mãe H110 + Processador I5 7400 + Memória 8GB DDR4 + Cooler + M.2 256GB', 'price': 'R$ 1.000,80', 'link': 'https://www.kabum.com.br/produto/425525/kit-powerpc-placa-mae-h110-processador-i5-7400-memoria-8gb-ddr4-cooler-m-2-256gb', 'url_image': 'https://www.kabum.com.br//_next/image?url=https%3A%2F%2Fimages.kabum.com.br%2Fprodutos%2Ffotos%2Fsync_mirakl%2F425525%2FKit-Powerpc-Placa-M-e-H110-Processador-I5-7400-Mem-ria-8GB-DDR4-Cooler-M-2-256GB_1688817494_m.jpg&w=384&q=75'}
enviando mensagem pro telegram - Novo produto
get ultimo produt
Iterando página
Iterando página
Iterando página
Iterando página
Iterando página
update gpu on aws -> {'adm': 'kabum', 'name': 'SSD Western Digital SN700 Red 1TB, M.2, Leitura Até 3400MB/s, Gravação Até 2900MB/s', 'price': 'R$ 1.307,52', 'link': 'https://www.kabum.com.br/produto/387111/ssd-western-digital-sn700-red-1tb-m-2-leitura-ate-3400mb-s-gravacao-ate-2900mb-s', 'url_image': 'https://www.kabum.com.br//_next/image?url=https%3A%2F%2Fimages.kabum.com.br%2Fprodutos%2Ffotos%2Fsync_mirakl%2F387111%2FSSD-Western-Digital-SN700-Red-1TB-M-2-Leitura-At-3400MB-s-Grava-o-At-2900MB-s_1710265696_m.jpg&w=384&q=75'}
salvando_historico
enviando mensagem pro telegram - Atualização de produto
get ultimo produt
Iterando página
Iterando página
Iterando página
Iterando página
Iterando página
Iterando página
Iterando página
Iterando página
Iterando página
Iterando página
Iterando página
Iterando página
Iterando página
Iterando página
Iterando página
update gpu on aws -> {'adm': 'kabum', 'name': 'Processador Intel Core I5 13600kf, 5.10ghz Max Turbo, 14-core, Lga1700', 'price': 'R$ 2.912,70', 'link': 'https://www.kabum.com.br/produto/400719/processador-intel-core-i5-13600kf-5-10ghz-max-turbo-14-core-lga1700', 'url_image': 'https://www.kabum.com.br//_next/image?url=https%3A%2F%2Fimages.kabum.com.br%2Fprodutos%2Ffotos%2Fsync_mirakl%2F400719%2FProcessador-Intel-Core-I5-13600kf-5-10ghz-Max-Turbo-14-core-Lga1700_1714142363_m.jpg&w=384&q=75'}
salvando_historico
Iterando página
Iterando página
Iterando página
Iterando página
Iterando página
Iterando página
Iterando página
Iterando página
Iterando página
Iterando página
Iterando página
Iterando página
Iterando página
Iterando página
Iterando página
update gpu on aws -> {'adm': 'kabum', 'name': 'SSD Adata, 1TB, Legend 700 M.2 2280, Leitura 2000 Mb/s', 'price': 'R$ 692,85', 'link': 'https://www.kabum.com.br/produto/428667/ssd-adata-1tb-legend-700-m-2-2280-leitura-2000-mb-s', 'url_image': 'https://www.kabum.com.br//_next/image?url=https%3A%2F%2Fimages.kabum.com.br%2Fprodutos%2Ffotos%2Fsync_mirakl%2F428667%2FSSD-Adata-1TB-Legend-700-M-2-2280-Leitura-2000-Mb-s_1712340486_m.jpg&w=384&q=75'}
salvando_historico
update gpu on aws -> {'adm': 'kabum', 'name': 'Fonte Memor K Datalogic De Parede P/ Cabo Usb 94acc0316', 'price': 'R$ 254,17', 'link': 'https://www.kabum.com.br/produto/618853/fonte-memor-k-datalogic-de-parede-p-cabo-usb-94acc0316', 'url_image': 'https://www.kabum.com.br//_next/image?url=https%3A%2F%2Fimages.kabum.com.br%2Fprodutos%2Ffotos%2Fsync_mirakl%2F618853%2FFonte-Memor-K-Datalogic-De-Parede-P-Cabo-Usb-94acc0316_1722023887_m.jpg&w=384&q=75'}
salvando_historico
update gpu on aws -> {'adm': 'kabum', 'name': 'Placa Mãe Gigabyte X670e Aorus Pro X R1.0, DDR5, Am5, ATX', 'price': 'R$ 4.083,75', 'link': 'https://www.kabum.com.br/produto/589305/placa-mae-gigabyte-x670e-aorus-pro-x-r1-0-ddr5-am5-atx', 'url_image': 'https://www.kabum.com.br//_next/image?url=https%3A%2F%2Fimages.kabum.com.br%2Fprodutos%2Ffotos%2Fsync_mirakl%2F589305%2FPlaca-M-e-Gigabyte-X670e-Aorus-Pro-X-R1-0-DDR5-Am5-ATX_1726232190_m.jpg&w=384&q=75'}
salvando_historico
enviando mensagem pro telegram - Atualização de produto
get ultimo produt
Iterando página
Iterando página
Iterando página
Iterando página
Iterando página
Iterando página
Iterando página
Iterando página
Iterando página
Iterando página
update gpu on aws -> {'adm': 'kabum', 'name': 'Fonte De Alimentação Zebra - Pwr-bga12v50w0ww', 'price': 'R$ 198,26', 'link': 'https://www.kabum.com.br/produto/516811/fonte-de-alimentacao-zebra-pwr-bga12v50w0ww', 'url_image': 'https://www.kabum.com.br//_next/image?url=https%3A%2F%2Fimages.kabum.com.br%2Fprodutos%2Ffotos%2Fsync_mirakl%2F516811%2FFonte-De-Alimenta-o-Zebra-Pwr-bga12v50w0ww_1703099297_m.jpg&w=384&q=75'}
salvando_historico
Iterando página
Iterando página
Iterando página
Iterando página
Iterando página
Iterando página
Iterando página
Iterando página
Iterando página
Iterando página
update gpu on aws -> {'adm': 'kabum', 'name': 'Fonte De Alimentação Zebra Pwr-wua5v12w0br', 'price': 'R$ 172,08', 'link': 'https://www.kabum.com.br/produto/577946/fonte-de-alimentacao-zebra-pwr-wua5v12w0br', 'url_image': 'https://www.kabum.com.br//_next/image?url=https%3A%2F%2Fstatic.kabum.com.br%2Fconteudo%2Ftemas%2F001%2Fimagens%2Fk5%2Fimages%2FdefaultGridCard.png&w=384&q=75'}
salvando_historico
update gpu on aws -> {'adm': 'kabum', 'name': 'SSD Externo Kingston Portátil 4TB Usb 3.2 - Sxs20004000g', 'price': 'R$ 3.704,59', 'link': 'https://www.kabum.com.br/produto/577610/ssd-externo-kingston-portatil-4tb-usb-3-2-sxs20004000g', 'url_image': 'https://www.kabum.com.br//_next/image?url=https%3A%2F%2Fimages.kabum.com.br%2Fprodutos%2Ffotos%2Fsync_mirakl%2F577610%2FSSD-Externo-Kingston-Port-til-4TB-Usb-3-2-Sxs20004000g_1722967454_m.jpg&w=384&q=75'}
salvando_historico
update gpu on aws -> {'adm': 'kabum', 'name': 'Memória Kingston 8GB 3200mhz Ddr4 Cl22 Dimm Kvr32n22s6/8i', 'price': 'R$ 240,29', 'link': 'https://www.kabum.com.br/produto/580789/memoria-kingston-8gb-3200mhz-ddr4-cl22-dimm-kvr32n22s6-8i', 'url_image': 'https://www.kabum.com.br//_next/image?url=https%3A%2F%2Fimages.kabum.com.br%2Fprodutos%2Ffotos%2Fsync_mirakl%2F580789%2FMem-ria-Kingston-8GB-3200mhz-Ddr4-Cl22-Dimm-Kvr32n22s6-8i_1722877311_m.jpg&w=384&q=75'}
salvando_historico
update gpu on aws -> {'adm': 'kabum', 'name': 'Hd Toshiba N300 14TB Nas 3.5 Hdwg51exzstai', 'price': 'R$ 2.988,80', 'link': 'https://www.kabum.com.br/produto/587250/hd-toshiba-n300-14tb-nas-3-5-hdwg51exzstai', 'url_image': 'https://www.kabum.com.br//_next/image?url=https%3A%2F%2Fimages.kabum.com.br%2Fprodutos%2Ffotos%2Fsync_mirakl%2F587250%2FHd-Toshiba-N300-14TB-Nas-3-5-Hdwg51exzstai_1719958298_m.jpg&w=384&q=75'}
salvando_historico
insert produto on aws -> {'adm': 'kabum', 'name': 'Kit Upgrade Intel Core I3 10ª Geração, 4gb Ram, SSD 120GB, Conexões Usb/vga/hdmi/lan/som', 'price': 'R$ 1.395,17', 'link': 'https://www.kabum.com.br/produto/635165/kit-upgrade-intel-core-i3-10-geracao-4gb-ram-ssd-120gb-conexoes-usb-vga-hdmi-lan-som', 'url_image': 'https://www.kabum.com.br//_next/image?url=https%3A%2F%2Fimages.kabum.com.br%2Fprodutos%2Ffotos%2Fsync_mirakl%2F635165%2FKit-Upgrade-Intel-Core-I3-10-Gera-o-4gb-Ram-SSD-120GB-Conex-es-Usb-vga-hdmi-lan-som_1726003871_m.jpg&w=384&q=75'}
enviando mensagem pro telegram - Novo produto
get ultimo produt
Iterando página
Iterando página
update gpu on aws -> {'adm': 'kabum', 'name': 'Processador Intel Core I7 12700F, 2.1GHz - Bx8071512700fI', 'price': 'R$ 2.406,38', 'link': 'https://www.kabum.com.br/produto/315017/processador-intel-core-i7-12700f-2-1ghz-bx8071512700fi', 'url_image': 'https://www.kabum.com.br//_next/image?url=https%3A%2F%2Fimages.kabum.com.br%2Fprodutos%2Ffotos%2Fsync_mirakl%2F315017%2FProcessador-Intel-Core-I7-12700F-2-1GHz-Bx8071512700fI_1720742458_m.jpg&w=384&q=75'}
salvando_historico
update gpu on aws -> {'adm': 'kabum', 'name': 'HD Interno Toshiba 10TB N300, NAS, 3.5 - HDWG11AXZSTAI', 'price': 'R$ 2.289,25', 'link': 'https://www.kabum.com.br/produto/324712/hd-interno-toshiba-10tb-n300-nas-3-5-hdwg11axzstai', 'url_image': 'https://www.kabum.com.br//_next/image?url=https%3A%2F%2Fimages.kabum.com.br%2Fprodutos%2Ffotos%2Fsync_mirakl%2F324712%2FHD-Interno-Toshiba-10TB-N300-NAS-3-5-HDWG11AXZSTAI_1691672317_m.jpg&w=384&q=75'}
salvando_historico
Iterando página
Iterando página
Iterando página
Iterando página
Iterando página
Iterando página
Iterando página
Erro na paginação: Message: element not interactable
  (Session info: chrome=128.0.6613.119)
Stacktrace:
#0 0x55764b7902da <unknown>
#1 0x55764b45e041 <unknown>
#2 0x55764b4aed3f <unknown>
#3 0x55764b4a28c6 <unknown>
#4 0x55764b4d28d2 <unknown>
#5 0x55764b4a2279 <unknown>
#6 0x55764b4d2a9e <unknown>
#7 0x55764b4f0dfd <unknown>
#8 0x55764b4d2673 <unknown>
#9 0x55764b4a0473 <unknown>
#10 0x55764b4a147e <unknown>
#11 0x55764b7570db <unknown>
#12 0x55764b75b071 <unknown>
#13 0x55764b7439d5 <unknown>
#14 0x55764b75bbf2 <unknown>
#15 0x55764b728b6f <unknown>
#16 0x55764b77f248 <unknown>
#17 0x55764b77f417 <unknown>
#18 0x55764b78f0cc <unknown>
#19 0x7fc2a1516ac3 <unknown>

Finalizando o scraping...
-----> FIM DA ITERAÇÃO WHILE <--------


-----> NOVA ITERAÇÃO WHILE <--------
Iniciando Scraping, URL = https://www.kabum.com.br/hardware?page_number=1&page_size=100&facet_filters=&sort=most_searched
Iterando página
insert produto on aws -> {'adm': 'kabum', 'name': 'Memória RAM XPG Spectrix D35G, RGB, 16GB, 3200MHz, DDR4, CL16, Branco - AX4U320016G16A-SWHD35G', 'price': 'R$ 309,99', 'link': 'https://www.kabum.com.br/produto/477150/memoria-ram-xpg-spectrix-d35g-rgb-16gb-3200mhz-ddr4-cl16-branco-ax4u320016g16a-swhd35g', 'url_image': 'https://www.kabum.com.br//_next/image?url=https%3A%2F%2Fimages.kabum.com.br%2Fprodutos%2Ffotos%2F477150%2Fmemoria-xpg-spectrix-d35g-rgb-16gb-3200mhz-ddr4-cl16-branco-ax4u320016g16a-swhd35g_1695153931_m.jpg&w=384&q=75'}
enviando mensagem pro telegram - Novo produto
get ultimo produt
Iterando página
insert produto on aws -> {'adm': 'kabum', 'name': 'Fonte Gigabyte GP-P550B, 550W, 80 Plus Bronze, PFC ativo, com cabo, Preto- 28200-P550B-1BRR', 'price': 'R$ 319,99', 'link': 'https://www.kabum.com.br/produto/114164/fonte-gigabyte-gp-p550b-550w-80-plus-bronze-pfc-ativo-com-cabo-preto-28200-p550b-1brr', 'url_image': 'https://www.kabum.com.br//_next/image?url=https%3A%2F%2Fimages.kabum.com.br%2Fprodutos%2Ffotos%2F114164%2Ffonte-gigabyte-gp-p550b-28200-p550b-1brr_1595354907_m.jpg&w=384&q=75'}
enviando mensagem pro telegram - Novo produto
get ultimo produt
Iterando página
Iterando página
Iterando página
Iterando página
Iterando página
update gpu on aws -> {'adm': 'kabum', 'name': 'Placa Mãe Asus PRIME A620M-E, AMD AM5, A620, mATX, DDR5 - 90MB1F50-M0EAY0', 'price': 'R$ 619,99', 'link': 'https://www.kabum.com.br/produto/521066/placa-mae-asus-prime-a620m-e-amd-am5-a620-matx-ddr5-90mb1f50-m0eay0', 'url_image': 'https://www.kabum.com.br//_next/image?url=https%3A%2F%2Fimages.kabum.com.br%2Fprodutos%2Ffotos%2F521066%2Fplaca-mae-asus-prime-a620m-e-amd-am5-a620-matx-ddr5-90mb1f50-m0eay0_1720800197_m.jpg&w=384&q=75'}
salvando_historico
enviando mensagem pro telegram - Atualização de produto
get ultimo produt
Iterando página
Iterando página
Iterando página
Iterando página
Iterando página
Iterando página
Iterando página
Iterando página
Iterando página
update gpu on aws -> {'adm': 'kabum', 'name': 'Placa Mae Asus ProArt X670E-Creator Wi-Fi, AMD X670, AM5, DDR5 - 90MB1B90-M0EAY0', 'price': 'R$ 3.799,99', 'link': 'https://www.kabum.com.br/produto/376232/placa-mae-asus-proart-x670e-creator-wi-fi-amd-x670-am5-ddr5-90mb1b90-m0eay0', 'url_image': 'https://www.kabum.com.br//_next/image?url=https%3A%2F%2Fimages.kabum.com.br%2Fprodutos%2Ffotos%2F376232%2Fplaca-mae-asus-proart-x670e-creator-wifi-amd-x670-am5-ddr5-90mb1b90-m0eay0_1668443223_m.jpg&w=384&q=75'}
salvando_historico
enviando mensagem pro telegram - Atualização de produto
get ultimo produt
Iterando página
Iterando página
Iterando página
Iterando página
Iterando página
Iterando página
Iterando página
Iterando página
update gpu on aws -> {'adm': 'kabum', 'name': 'Kit Cooler FAN com 3 Unidades GAMDIAS Aelous, 120mm, RGB, Lite - M2-1203', 'price': 'R$ 119,90', 'link': 'https://www.kabum.com.br/produto/174774/kit-cooler-fan-com-3-unidades-gamdias-aelous-120mm-rgb-lite-m2-1203', 'url_image': 'https://www.kabum.com.br//_next/image?url=https%3A%2F%2Fimages.kabum.com.br%2Fprodutos%2Ffotos%2Fsync_mirakl%2F174774%2FKit-Cooler-FAN-com-3-Unidades-GAMDIAS-Aelous-120mm-RGB-Lite-M2-1203_1724718047_m.jpg&w=384&q=75'}
salvando_historico
Iterando página
Iterando página
Iterando página
Iterando página
Iterando página
Iterando página
Iterando página
Iterando página
Iterando página
Iterando página
Iterando página
Iterando página
Iterando página
Iterando página
Iterando página
Iterando página
Iterando página
Iterando página
Iterando página
Iterando página
Iterando página
Iterando página
Iterando página
Iterando página
Iterando página
Iterando página
Iterando página
Iterando página
Iterando página
Iterando página
Iterando página
Iterando página
Iterando página
Iterando página
Iterando página
Iterando página
Iterando página
Iterando página
Iterando página
Iterando página
Iterando página
Iterando página
Iterando página
Iterando página
Iterando página
Iterando página
Iterando página
Iterando página
Iterando página
Iterando página
Iterando página
Iterando página
Iterando página
update gpu on aws -> {'adm': 'kabum', 'name': "Jogo Dragon's Dogma 2 Playstation 5 Midia Fisica Original", 'price': 'R$ 336,90', 'link': 'https://www.kabum.com.br/produto/550449/jogo-dragon-s-dogma-2-playstation-5-midia-fisica-original', 'url_image': 'https://www.kabum.com.br//_next/image?url=https%3A%2F%2Fimages.kabum.com.br%2Fprodutos%2Ffotos%2Fsync_mirakl%2F550449%2FJogo-Dragon-s-Dogma-2-Playstation-5-Midia-Fisica-Original_1725915371_m.jpg&w=384&q=75'}
salvando_historico
Iterando página
Iterando página
Iterando página
Iterando página
Iterando página
Iterando página
Iterando página
Iterando página
Iterando página
Iterando página
Iterando página
Iterando página
Iterando página
Iterando página
Iterando página
Iterando página
Iterando página
Iterando página
Iterando página
Erro na paginação: Message: element not interactable
  (Session info: chrome=128.0.6613.119)
Stacktrace:
#0 0x562cf9d592da <unknown>
#1 0x562cf9a27041 <unknown>
#2 0x562cf9a77d3f <unknown>
#3 0x562cf9a6b8c6 <unknown>
#4 0x562cf9a9b8d2 <unknown>
#5 0x562cf9a6b279 <unknown>
#6 0x562cf9a9ba9e <unknown>
#7 0x562cf9ab9dfd <unknown>
#8 0x562cf9a9b673 <unknown>
#9 0x562cf9a69473 <unknown>
#10 0x562cf9a6a47e <unknown>
#11 0x562cf9d200db <unknown>
#12 0x562cf9d24071 <unknown>
#13 0x562cf9d0c9d5 <unknown>
#14 0x562cf9d24bf2 <unknown>
#15 0x562cf9cf1b6f <unknown>
#16 0x562cf9d48248 <unknown>
#17 0x562cf9d48417 <unknown>
#18 0x562cf9d580cc <unknown>
#19 0x7fd9e16d6ac3 <unknown>

Finalizando o scraping...
-----> FIM DA ITERAÇÃO WHILE <--------


-----> NOVA ITERAÇÃO WHILE <--------
Iniciando Scraping, URL = https://www.kabum.com.br/hardware?page_number=1&page_size=100&facet_filters=&sort=most_searched
Iterando página
update gpu on aws -> {'adm': 'kabum', 'name': 'Memória RAM Kingston Fury Beast, 8GB, 3200MHz, DDR4, CL16, Preto - KF432C16BB/8', 'price': 'R$ 174,99', 'link': 'https://www.kabum.com.br/produto/172365/memoria-ram-kingston-fury-beast-8gb-3200mhz-ddr4-cl16-preto-kf432c16bb-8', 'url_image': 'https://www.kabum.com.br//_next/image?url=https%3A%2F%2Fimages.kabum.com.br%2Fprodutos%2Ffotos%2F172365%2Fmemoria-kingston-fury-beast-8gb-3200mhz-ddr4-cl16-preto-kf432c16bb-8_1626270523_m.jpg&w=384&q=75'}
salvando_historico
update gpu on aws -> {'adm': 'kabum', 'name': 'SSD SATA Kingston, A400, 480GB, 2.5", Leitura: 500MB/s e Gravação: 450MB/s, Preto - SA400S37/480G', 'price': 'R$ 269,99', 'link': 'https://www.kabum.com.br/produto/85198/ssd-sata-kingston-a400-480gb-2-5-leitura-500mb-s-e-gravacao-450mb-s-preto-sa400s37-480g', 'url_image': 'https://www.kabum.com.br//_next/image?url=https%3A%2F%2Fimages.kabum.com.br%2Fprodutos%2Ffotos%2F85198%2F85198_1484306114_m.jpg&w=384&q=75'}
salvando_historico
update gpu on aws -> {'adm': 'kabum', 'name': 'Memória RAM para Notebook Kingston Fury Impact, 16GB, 3200MHz, DDR4, CL20 - KF432S20IB/16', 'price': 'R$ 289,99', 'link': 'https://www.kabum.com.br/produto/193303/memoria-ram-para-notebook-kingston-fury-impact-16gb-3200mhz-ddr4-cl20-kf432s20ib-16', 'url_image': 'https://www.kabum.com.br//_next/image?url=https%3A%2F%2Fimages.kabum.com.br%2Fprodutos%2Ffotos%2F193303%2Fmemoria-kingston-fury-impact-16gb-3200mhz-ddr4-cl20-para-notebook-kf432s20ib-16_1630960911_m.jpg&w=384&q=75'}
salvando_historico
Iterando página
update gpu on aws -> {'adm': 'kabum', 'name': 'SSD 256GB KBM! Gaming, M.2 NVMe, PCIe, Leitura 1800 MB/s, Gravação 1100 MB/s - KGSSD310256', 'price': 'R$ 159,99', 'link': 'https://www.kabum.com.br/produto/538708/ssd-256gb-kbm-gaming-m-2-nvme-pcie-leitura-1800-mb-s-gravacao-1100-mb-s-kgssd310256', 'url_image': 'https://www.kabum.com.br//_next/image?url=https%3A%2F%2Fimages.kabum.com.br%2Fprodutos%2Ffotos%2F538708%2Fssd-256gb-kbm-gaming-m-2-nvme-pcie-leitura-1800-mb-s-gravacao-1100-mb-s-kgssd310256_1724244097_m.jpg&w=384&q=75'}
salvando_historico
Iterando página
update gpu on aws -> {'adm': 'kabum', 'name': 'SSD 480 GB WD Green, M.2, Leitura: 545MB/s - WDS480G3G0B', 'price': 'R$ 249,99', 'link': 'https://www.kabum.com.br/produto/338410/ssd-480-gb-wd-green-m-2-leitura-545mb-s-wds480g3g0b', 'url_image': 'https://www.kabum.com.br//_next/image?url=https%3A%2F%2Fimages.kabum.com.br%2Fprodutos%2Ffotos%2F338410%2Fssd-wd-green-480gb-m-2-leitura-545mb-s-wds480g3g0b_1652465880_m.jpg&w=384&q=75'}
salvando_historico
Iterando página
Iterando página
Iterando página
Iterando página
Iterando página
Iterando página
update gpu on aws -> {'adm': 'kabum', 'name': 'Memória RAM Corsair Vengeance LPX, 16GB (1x16GB), 3200MHz, DDR4, CL16, Preto - CMK16GX4M1E3200C16', 'price': 'R$ 259,99', 'link': 'https://www.kabum.com.br/produto/583182/memoria-ram-corsair-vengeance-lpx-16gb-1x16gb-3200mhz-ddr4-cl16-preto-cmk16gx4m1e3200c16', 'url_image': 'https://www.kabum.com.br//_next/image?url=https%3A%2F%2Fimages.kabum.com.br%2Fprodutos%2Ffotos%2F583182%2Fmemoria-ram-corsair-vengeance-lpx-16gb-1x16gb-3200mhz-ddr4-cl16-preto-cmk16gx4m1e3200c16_1722861853_m.jpg&w=384&q=75'}
salvando_historico
update gpu on aws -> {'adm': 'kabum', 'name': 'SSD 250GB WD Blue SN580 NVMe, M.2 PCle, Gen4, Leitura 4000 e Gravação 2000 - WDS250G3B0E', 'price': 'R$ 179,99', 'link': 'https://www.kabum.com.br/produto/495573/ssd-250gb-wd-blue-sn580-nvme-m-2-pcle-gen4-leitura-4000-e-gravacao-2000-wds250g3b0e', 'url_image': 'https://www.kabum.com.br//_next/image?url=https%3A%2F%2Fimages.kabum.com.br%2Fprodutos%2Ffotos%2F495573%2Fssd-250gb-wd-blue-sn580-nvme-m-2-pcle-gen4-leitura-4000-e-gravacao-2000-wds250g3b0e_1704828452_m.jpg&w=384&q=75'}
salvando_historico
enviando mensagem pro telegram - Atualização de produto
get ultimo produt
Iterando página
Iterando página
Iterando página
Iterando página
Iterando página
Iterando página
update gpu on aws -> {'adm': 'kabum', 'name': 'Processador AMD Ryzen 9 7900x3d 4.40ghz, 12-core, 128MB, Am5', 'price': 'R$ 3.679,97', 'link': 'https://www.kabum.com.br/produto/442568/processador-amd-ryzen-9-7900x3d-4-40ghz-12-core-128mb-am5', 'url_image': 'https://www.kabum.com.br//_next/image?url=https%3A%2F%2Fimages.kabum.com.br%2Fprodutos%2Ffotos%2Fsync_mirakl%2F442568%2FProcessador-AMD-Ryzen-9-7900x3d-4-40ghz-12-core-128MB-Am5_1719492400_m.jpg&w=384&q=75'}
salvando_historico
Iterando página
Iterando página
Iterando página
Iterando página
update gpu on aws -> {'adm': 'kabum', 'name': 'Memória RAM Kingston Fury Beast RGB, 64GB (2x32GB), 5600MHz, DDR5, CL40, para Intel XMP, Preto - KF556C40BBAK2-64', 'price': 'R$ 1.899,99', 'link': 'https://www.kabum.com.br/produto/388091/memoria-ram-kingston-fury-beast-rgb-64gb-2x32gb-5600mhz-ddr5-cl40-para-intel-xmp-preto-kf556c40bbak2-64', 'url_image': 'https://www.kabum.com.br//_next/image?url=https%3A%2F%2Fimages.kabum.com.br%2Fprodutos%2Ffotos%2F388091%2Fmemoria-kingston-fury-beast-rgb-64gb-5600mhz-ddr5-cl40-preto-kf556c40bbak2-64_1666123851_m.jpg&w=384&q=75'}
salvando_historico
Iterando página
Iterando página
Iterando página
Iterando página
Iterando página
Iterando página
Iterando página
Iterando página
Iterando página
Iterando página
Iterando página
Iterando página
Iterando página
Iterando página
Iterando página
Iterando página
Iterando página
Iterando página
Iterando página
Iterando página
Iterando página
insert produto on aws -> {'adm': 'kabum', 'name': 'Thermaltake T1000 Coolant Red/Diy Lcs/Transparent - Cl-W245-Os00re-A', 'price': 'R$ 206,10', 'link': 'https://www.kabum.com.br/produto/409249/thermaltake-t1000-coolant-red-diy-lcs-transparent-cl-w245-os00re-a', 'url_image': 'https://www.kabum.com.br//_next/image?url=https%3A%2F%2Fimages.kabum.com.br%2Fprodutos%2Ffotos%2Fsync_mirakl%2F409249%2FThermaltake-T1000-Coolant-Red-Diy-Lcs-Transparent-Cl-W245-Os00re-A_1726658191_m.jpg&w=384&q=75'}
enviando mensagem pro telegram - Novo produto
get ultimo produt
Iterando página
Iterando página
Iterando página
Iterando página
Iterando página
Iterando página
Iterando página
Iterando página
Iterando página
update gpu on aws -> {'adm': 'kabum', 'name': 'Placa de Vídeo PCYes NVIDIA GeForce G210, 1GB DDR3, HDMI/VGA/DVI - PA210G6401D3LP', 'price': 'R$ 279,00', 'link': 'https://www.kabum.com.br/produto/166238/placa-de-video-pcyes-nvidia-geforce-g210-1gb-ddr3-hdmi-vga-dvi-pa210g6401d3lp', 'url_image': 'https://www.kabum.com.br//_next/image?url=https%3A%2F%2Fimages.kabum.com.br%2Fprodutos%2Ffotos%2Fsync_mirakl%2F166238%2FPlaca-de-V-deo-PCYes-NVIDIA-GeForce-G210-1GB-DDR3-HDMI-VGA-DVI-PA210G6401D3LP_1719525661_m.jpg&w=384&q=75'}
salvando_historico
Iterando página
Iterando página
Iterando página
Iterando página
Iterando página
Iterando página
Iterando página
Iterando página
Iterando página
Iterando página
Iterando página
Iterando página
Iterando página
Iterando página
Iterando página
Iterando página
Iterando página
Iterando página
Iterando página
Iterando página
Iterando página
Iterando página
Iterando página
Iterando página
Iterando página
Iterando página
Iterando página
Iterando página
Iterando página
Iterando página
Iterando página
Iterando página
Iterando página
Iterando página
Iterando página
Iterando página
Iterando página
Iterando página
Iterando página
Iterando página
Iterando página
Iterando página
Iterando página
Iterando página
Iterando página
Iterando página
Iterando página
Erro na paginação: Message: element not interactable
  (Session info: chrome=128.0.6613.119)
Stacktrace:
#0 0x55bcaf1052da <unknown>
#1 0x55bcaedd3041 <unknown>
#2 0x55bcaee23d3f <unknown>
#3 0x55bcaee178c6 <unknown>
#4 0x55bcaee478d2 <unknown>
#5 0x55bcaee17279 <unknown>
#6 0x55bcaee47a9e <unknown>
#7 0x55bcaee65dfd <unknown>
#8 0x55bcaee47673 <unknown>
#9 0x55bcaee15473 <unknown>
#10 0x55bcaee1647e <unknown>
#11 0x55bcaf0cc0db <unknown>
#12 0x55bcaf0d0071 <unknown>
#13 0x55bcaf0b89d5 <unknown>
#14 0x55bcaf0d0bf2 <unknown>
#15 0x55bcaf09db6f <unknown>
#16 0x55bcaf0f4248 <unknown>
#17 0x55bcaf0f4417 <unknown>
#18 0x55bcaf1040cc <unknown>
#19 0x7fbc9ba72ac3 <unknown>

Finalizando o scraping...
-----> FIM DA ITERAÇÃO WHILE <--------


-----> NOVA ITERAÇÃO WHILE <--------
Iniciando Scraping, URL = https://www.kabum.com.br/hardware?page_number=1&page_size=100&facet_filters=&sort=most_searched
Iterando página
Iterando página
Iterando página
Iterando página
Iterando página
Iterando página
Iterando página
Iterando página
Iterando página
Iterando página
Iterando página
insert produto on aws -> {'adm': 'kabum', 'name': 'Memória RAM Kingston Fury Beast, 32GB (2x16GB), 4800MHz, DDR5, CL38, para Intel XMP, Preto - KF548C38BBK2-32', 'price': 'R$ 837,99', 'link': 'https://www.kabum.com.br/produto/264717/memoria-ram-kingston-fury-beast-32gb-2x16gb-4800mhz-ddr5-cl38-para-intel-xmp-preto-kf548c38bbk2-32', 'url_image': 'https://www.kabum.com.br//_next/image?url=https%3A%2F%2Fimages.kabum.com.br%2Fprodutos%2Ffotos%2F264717%2Fmemoria-kingston-fury-beast-32gb-4800mhz-ddr5-cl38-preto-kf548c38bbk2-32_1636661944_m.jpg&w=384&q=75'}
enviando mensagem pro telegram - Novo produto
get ultimo produt
Iterando página
update gpu on aws -> {'adm': 'kabum', 'name': 'Fonte Brazil PC Gamer, 750W Real, BPC/7400-B', 'price': 'R$ 165,42', 'link': 'https://www.kabum.com.br/produto/140412/fonte-brazil-pc-gamer-750w-real-bpc-7400-b', 'url_image': 'https://www.kabum.com.br//_next/image?url=https%3A%2F%2Fimages.kabum.com.br%2Fprodutos%2Ffotos%2Fsync_mirakl%2F140412%2FFonte-Brazil-PC-Gamer-750W-Real-BPC-7400-B_1724269505_m.jpg&w=384&q=75'}
salvando_historico
enviando mensagem pro telegram - Atualização de produto
get ultimo produt
Iterando página
Iterando página
Iterando página
Iterando página
Iterando página
insert produto on aws -> {'adm': 'kabum', 'name': 'Placa Mãe Gamer Asus Ex-b150m-v3, DDR4, Socket Intel LGA, 1151 Chipset', 'price': 'R$ 431,83', 'link': 'https://www.kabum.com.br/produto/484477/placa-mae-gamer-asus-ex-b150m-v3-ddr4-socket-intel-lga-1151-chipset', 'url_image': 'https://www.kabum.com.br//_next/image?url=https%3A%2F%2Fimages.kabum.com.br%2Fprodutos%2Ffotos%2Fsync_mirakl%2F484477%2FPlaca-M-e-Gamer-Asus-Ex-b150m-v3-DDR4-Socket-Intel-LGA-1151-Chipset_1693925921_m.jpg&w=384&q=75'}
enviando mensagem pro telegram - Novo produto
get ultimo produt
Iterando página
Iterando página
Iterando página
Iterando página
Iterando página
update gpu on aws -> {'adm': 'kabum', 'name': 'Gravador Dvd Usb Externo Leitor Notebook Pc 3.0 Slim Portátil - Gv02', 'price': 'R$ 149,00', 'link': 'https://www.kabum.com.br/produto/576891/gravador-dvd-usb-externo-leitor-notebook-pc-3-0-slim-portatil-gv02', 'url_image': 'https://www.kabum.com.br//_next/image?url=https%3A%2F%2Fimages.kabum.com.br%2Fprodutos%2Ffotos%2Fsync_mirakl%2F576891%2FGravador-Dvd-Usb-Externo-Leitor-Notebook-Pc-3-0-Slim-Port-til-Gv02_1725637931_m.jpg&w=384&q=75'}
salvando_historico
Iterando página
Iterando página
Iterando página
Iterando página
Iterando página
Iterando página
Iterando página
Iterando página
Iterando página
Iterando página
Iterando página
Iterando página
update gpu on aws -> {'adm': 'kabum', 'name': 'Processador Intel Core I5-10600KF, 4.1GHz, Cache 12MB, LGA 1200 - BX8070110600KF', 'price': 'R$ 1.223,99', 'link': 'https://www.kabum.com.br/produto/167498/processador-intel-core-i5-10600kf-4-1ghz-cache-12mb-lga-1200-bx8070110600kf', 'url_image': 'https://www.kabum.com.br//_next/image?url=https%3A%2F%2Fimages.kabum.com.br%2Fprodutos%2Ffotos%2Fsync_mirakl%2F167498%2FProcessador-Intel-Core-I5-10600KF-4-1GHz-Cache-12MB-LGA-1200-BX8070110600KF_1709326170_m.jpg&w=384&q=75'}
salvando_historico
Iterando página
Iterando página
Iterando página
Iterando página
Iterando página
Iterando página
Iterando página
Iterando página
Iterando página
Iterando página
Iterando página
Iterando página
Iterando página
Iterando página
Iterando página
Iterando página
Iterando página
Iterando página
Iterando página
Iterando página
Iterando página
Iterando página
Iterando página
Iterando página
Iterando página
Iterando página
Iterando página
Iterando página
Iterando página
Iterando página
Iterando página
Iterando página
Iterando página
insert produto on aws -> {'adm': 'kabum', 'name': 'Fonte KBM! GAMING FN650, 650W , 80 Plus e Cybenetics Bronze, PFC ativo, Bivolt - KBFN65065PT', 'price': 'R$ 349,99', 'link': 'https://www.kabum.com.br/produto/472035/fonte-kbm-gaming-fn650-650w-80-plus-e-cybenetics-bronze-pfc-ativo-bivolt-kbfn65065pt', 'url_image': 'https://www.kabum.com.br//_next/image?url=https%3A%2F%2Fimages.kabum.com.br%2Fprodutos%2Ffotos%2F472035%2Ffonte-kbm-gaming-fn650-650w-80-plus-e-cybenetics-bronze-pfc-ativo-bivolt-kbfn65065pt_1726656010_m.jpg&w=384&q=75'}
enviando mensagem pro telegram - Novo produto
get ultimo produt
Iterando página
Iterando página
Iterando página
Iterando página
Iterando página
Iterando página
Iterando página
Iterando página
Iterando página
Traceback (most recent call last):
  File "/home/pedro/Github/kabum_sqlite_telegram/app/main.py", line 17, in <module>
    main_selenium(driver, URL)
  File "/home/pedro/Github/kabum_sqlite_telegram/app/handler.py", line 91, in main_selenium
    handle_pagination(driver)
  File "/home/pedro/Github/kabum_sqlite_telegram/app/handler.py", line 73, in handle_pagination
    handle_pagination(driver)
  File "/home/pedro/Github/kabum_sqlite_telegram/app/handler.py", line 73, in handle_pagination
    handle_pagination(driver)
  File "/home/pedro/Github/kabum_sqlite_telegram/app/handler.py", line 73, in handle_pagination
    handle_pagination(driver)
  [Previous line repeated 72 more times]
  File "/home/pedro/Github/kabum_sqlite_telegram/app/handler.py", line 71, in handle_pagination
    sleep(2)
KeyboardInterrupt
